2026-09-12 22:47:35,967 read
2026-09-12 22:47:35,971 received header: Header(type:b'MSG', chunk_type:b'F', body_size:52, channel:28)
2026-09-12 22:47:35,972 read
2026-09-12 22:47:35,976 received header: Header(type:b'MSG', chunk_type:b'F', body_size:60, channel:28)
2026-09-12 22:47:38,103 read
2026-09-12 22:47:38,106 received header: Header(type:b'MSG', chunk_type:b'F', body_size:52, channel:28)
2026-09-12 22:47:38,107 read
2026-09-12 22:47:38,110 received header: Header(type:b'MSG', chunk_type:b'F', body_size:60, channel:28)
2026-09-12 22:47:40,241 read
2026-09-12 22:47:40,245 received header: Header(type:b'MSG', chunk_type:b'F', body_size:52, channel:28)
2026-09-12 22:47:40,246 read
2026-09-12 22:47:40,250 received header: Header(type:b'MSG', chunk_type:b'F', body_size:60, channel:28)
2026-09-12 22:47:42,382 read
2026-09-12 22:47:42,385 received header: Header(type:b'MSG', chunk_type:b'F', body_size:52, channel:28)
2026-09-12 22:47:42,386 read
2026-09-12 22:47:42,389 received header: Header(type:b'MSG', chunk_type:b'F', body_size:60, channel:28)
2026-09-12 22:47:44,513 read
2026-09-12 22:47:44,517 received header: Header(type:b'MSG', chunk_type:b'F', body_size:52, channel:28)
2026-09-12 22:47:44,518 read
2026-09-12 22:47:44,523 received header: Header(type:b'MSG', chunk_type:b'F', body_size:60, channel:28)
2026-09-12 22:47:46,650 read
2026-09-12 22:47:46,655 received header: Header(type:b'MSG', chunk_type:b'F', body_size:52, channel:28)
2026-09-12 22:47:46,655 read
2026-09-12 22:47:46,659 received header: Header(type:b'MSG', chunk_type:b'F', body_size:60, channel:28)
2026-09-12 22:49:43,619 opening connection
2026-09-12 22:49:43,694 Thread started
2026-09-12 22:49:43,695 received header: Header(type:b'ACK', chunk_type:b'F', body_size:20, channel:0)
2026-09-12 22:49:43,695 open_secure_channel
2026-09-12 22:49:43,697 received header: Header(type:b'OPN', chunk_type:b'F', body_size:123, channel:29)
2026-09-12 22:49:43,697 create_session
2026-09-12 22:49:44,158 received header: Header(type:b'MSG', chunk_type:b'F', body_size:2464, channel:29)
2026-09-12 22:49:44,159 activate_session
2026-09-12 22:49:44,162 received header: Header(type:b'MSG', chunk_type:b'F', body_size:52, channel:29)
2026-09-12 22:49:44,162 Client connected
2026-09-12 22:49:44,163 read
2026-09-12 22:49:44,170 received header: Header(type:b'MSG', chunk_type:b'F', body_size:52, channel:29)
2026-09-12 22:49:44,171 read
2026-09-12 22:49:44,175 received header: Header(type:b'MSG', chunk_type:b'F', body_size:60, channel:29)
2026-09-12 22:49:46,312 read
2026-09-12 22:49:46,316 received header: Header(type:b'MSG', chunk_type:b'F', body_size:52, channel:29)
2026-09-12 22:49:46,316 read
2026-09-12 22:49:46,320 received header: Header(type:b'MSG', chunk_type:b'F', body_size:60, channel:29)
2026-09-12 22:49:48,445 read
2026-09-12 22:49:48,448 received header: Header(type:b'MSG', chunk_type:b'F', body_size:52, channel:29)
2026-09-12 22:49:48,449 read
2026-09-12 22:49:48,453 received header: Header(type:b'MSG', chunk_type:b'F', body_size:60, channel:29)
2026-09-12 22:49:50,589 read
2026-09-12 22:49:50,592 received header: Header(type:b'MSG', chunk_type:b'F', body_size:52, channel:29)
2026-09-12 22:49:50,592 read
2026-09-12 22:49:50,595 received header: Header(type:b'MSG', chunk_type:b'F', body_size:60, channel:29)
2026-09-12 22:49:52,725 read
2026-09-12 22:49:52,730 received header: Header(type:b'MSG', chunk_type:b'F', body_size:52, channel:29)
2026-09-12 22:49:52,730 read
2026-09-12 22:49:52,733 received header: Header(type:b'MSG', chunk_type:b'F', body_size:60, channel:29)
2026-09-12 22:49:54,858 read
2026-09-12 22:49:54,864 received header: Header(type:b'MSG', chunk_type:b'F', body_size:52, channel:29)
2026-09-12 22:49:54,864 read
2026-09-12 22:49:54,867 received header: Header(type:b'MSG', chunk_type:b'F', body_size:60, channel:29)
2026-09-12 22:49:56,992 read
2026-09-12 22:49:56,995 received header: Header(type:b'MSG', chunk_type:b'F', body_size:52, channel:29)
2026-09-12 22:49:56,996 read
2026-09-12 22:49:56,998 received header: Header(type:b'MSG', chunk_type:b'F', body_size:60, channel:29)
2026-09-12 22:49:59,123 read
2026-09-12 22:49:59,127 received header: Header(type:b'MSG', chunk_type:b'F', body_size:52, channel:29)
2026-09-12 22:49:59,127 read
2026-09-12 22:49:59,130 received header: Header(type:b'MSG', chunk_type:b'F', body_size:60, channel:29)
2026-09-12 22:50:01,260 read
2026-09-12 22:50:01,264 received header: Header(type:b'MSG', chunk_type:b'F', body_size:52, channel:29)
2026-09-12 22:50:01,264 read
2026-09-12 22:50:01,268 received header: Header(type:b'MSG', chunk_type:b'F', body_size:60, channel:29)
2026-09-12 22:50:03,391 read
2026-09-12 22:50:03,394 received header: Header(type:b'MSG', chunk_type:b'F', body_size:52, channel:29)
2026-09-12 22:50:03,394 read
2026-09-12 22:50:03,397 received header: Header(type:b'MSG', chunk_type:b'F', body_size:60, channel:29)
2026-09-12 22:50:05,525 read
2026-09-12 22:50:05,529 received header: Header(type:b'MSG', chunk_type:b'F', body_size:52, channel:29)
2026-09-12 22:50:05,529 read
2026-09-12 22:50:05,532 received header: Header(type:b'MSG', chunk_type:b'F', body_size:60, channel:29)
2026-09-12 22:50:07,657 read
2026-09-12 22:50:07,661 received header: Header(type:b'MSG', chunk_type:b'F', body_size:52, channel:29)
2026-09-12 22:50:07,661 read
2026-09-12 22:50:07,664 received header: Header(type:b'MSG', chunk_type:b'F', body_size:60, channel:29)
2026-09-12 22:50:09,788 read
2026-09-12 22:50:09,791 received header: Header(type:b'MSG', chunk_type:b'F', body_size:52, channel:29)
2026-09-12 22:50:09,791 read
2026-09-12 22:50:09,795 received header: Header(type:b'MSG', chunk_type:b'F', body_size:60, channel:29)
2026-09-12 22:50:11,920 read
2026-09-12 22:50:11,923 received header: Header(type:b'MSG', chunk_type:b'F', body_size:52, channel:29)
2026-09-12 22:50:11,924 read
2026-09-12 22:50:11,926 received header: Header(type:b'MSG', chunk_type:b'F', body_size:60, channel:29)
2026-09-12 22:50:14,052 read
2026-09-12 22:50:14,055 received header: Header(type:b'MSG', chunk_type:b'F', body_size:52, channel:29)
2026-09-12 22:50:14,055 read
2026-09-12 22:50:14,057 received header: Header(type:b'MSG', chunk_type:b'F', body_size:60, channel:29)
2026-09-12 22:50:16,181 read
2026-09-12 22:50:16,184 received header: Header(type:b'MSG', chunk_type:b'F', body_size:52, channel:29)
2026-09-12 22:50:16,185 read
2026-09-12 22:50:16,187 received header: Header(type:b'MSG', chunk_type:b'F', body_size:60, channel:29)
2026-09-12 22:50:18,313 read
2026-09-12 22:50:18,316 received header: Header(type:b'MSG', chunk_type:b'F', body_size:52, channel:29)
2026-09-12 22:50:18,317 read
2026-09-12 22:50:18,321 received header: Header(type:b'MSG', chunk_type:b'F', body_size:60, channel:29)
2026-09-12 22:50:20,448 read
2026-09-12 22:50:20,451 received header: Header(type:b'MSG', chunk_type:b'F', body_size:52, channel:29)
2026-09-12 22:50:20,451 read
2026-09-12 22:50:20,454 received header: Header(type:b'MSG', chunk_type:b'F', body_size:60, channel:29)
2026-09-12 22:50:22,581 read
2026-09-12 22:50:22,584 received header: Header(type:b'MSG', chunk_type:b'F', body_size:52, channel:29)
2026-09-12 22:50:22,585 read
2026-09-12 22:50:22,588 received header: Header(type:b'MSG', chunk_type:b'F', body_size:60, channel:29)
2026-09-12 22:50:24,712 read
2026-09-12 22:50:24,715 received header: Header(type:b'MSG', chunk_type:b'F', body_size:52, channel:29)
2026-09-12 22:50:24,716 read
2026-09-12 22:50:24,718 received header: Header(type:b'MSG', chunk_type:b'F', body_size:60, channel:29)
2026-09-12 22:50:26,844 read
2026-09-12 22:50:26,848 received header: Header(type:b'MSG', chunk_type:b'F', body_size:52, channel:29)
2026-09-12 22:50:26,848 read
2026-09-12 22:50:26,851 received header: Header(type:b'MSG', chunk_type:b'F', body_size:60, channel:29)
2026-09-12 22:50:28,975 read
2026-09-12 22:50:28,979 received header: Header(type:b'MSG', chunk_type:b'F', body_size:52, channel:29)
2026-09-12 22:50:28,979 read
2026-09-12 22:50:28,982 received header: Header(type:b'MSG', chunk_type:b'F', body_size:60, channel:29)
2026-09-12 22:50:31,109 read
2026-09-12 22:50:31,112 received header: Header(type:b'MSG', chunk_type:b'F', body_size:52, channel:29)
2026-09-12 22:50:31,112 read
2026-09-12 22:50:31,117 received header: Header(type:b'MSG', chunk_type:b'F', body_size:60, channel:29)
2026-09-12 22:50:33,242 read
2026-09-12 22:50:33,245 received header: Header(type:b'MSG', chunk_type:b'F', body_size:52, channel:29)
2026-09-12 22:50:33,246 read
2026-09-12 22:50:33,249 received header: Header(type:b'MSG', chunk_type:b'F', body_size:60, channel:29)
2026-09-12 22:55:09,223 opening connection
2026-09-12 22:55:09,437 Thread started
2026-09-12 22:55:09,438 received header: Header(type:b'ACK', chunk_type:b'F', body_size:20, channel:0)
2026-09-12 22:55:09,439 open_secure_channel
2026-09-12 22:55:09,440 received header: Header(type:b'OPN', chunk_type:b'F', body_size:123, channel:30)
2026-09-12 22:55:09,440 create_session
2026-09-12 22:55:09,594 received header: Header(type:b'MSG', chunk_type:b'F', body_size:2464, channel:30)
2026-09-12 22:55:09,595 activate_session
2026-09-12 22:55:09,599 received header: Header(type:b'MSG', chunk_type:b'F', body_size:52, channel:30)
2026-09-12 22:55:09,599 Client connected
2026-09-12 22:55:09,599 read
2026-09-12 22:55:09,603 received header: Header(type:b'MSG', chunk_type:b'F', body_size:52, channel:30)
2026-09-12 22:55:09,603 read
2026-09-12 22:55:09,608 received header: Header(type:b'MSG', chunk_type:b'F', body_size:60, channel:30)
2026-09-12 22:55:11,751 read
2026-09-12 22:55:11,754 received header: Header(type:b'MSG', chunk_type:b'F', body_size:52, channel:30)
2026-09-12 22:55:11,754 read
2026-09-12 22:55:11,757 received header: Header(type:b'MSG', chunk_type:b'F', body_size:60, channel:30)
2026-09-12 22:55:13,894 read
2026-09-12 22:55:13,897 received header: Header(type:b'MSG', chunk_type:b'F', body_size:52, channel:30)
2026-09-12 22:55:13,897 read
2026-09-12 22:55:13,903 received header: Header(type:b'MSG', chunk_type:b'F', body_size:60, channel:30)
2026-09-12 22:55:16,027 read
2026-09-12 22:55:16,031 received header: Header(type:b'MSG', chunk_type:b'F', body_size:52, channel:30)
2026-09-12 22:55:16,031 read
2026-09-12 22:55:16,034 received header: Header(type:b'MSG', chunk_type:b'F', body_size:60, channel:30)
2026-09-12 22:55:18,160 read
2026-09-12 22:55:18,164 received header: Header(type:b'MSG', chunk_type:b'F', body_size:52, channel:30)
2026-09-12 22:55:18,164 read
2026-09-12 22:55:18,167 received header: Header(type:b'MSG', chunk_type:b'F', body_size:60, channel:30)
2026-09-12 22:55:40,233 opening connection
2026-09-12 22:55:40,299 Thread started
2026-09-12 22:55:40,301 received header: Header(type:b'ACK', chunk_type:b'F', body_size:20, channel:0)
2026-09-12 22:55:40,301 open_secure_channel
2026-09-12 22:55:40,302 received header: Header(type:b'OPN', chunk_type:b'F', body_size:123, channel:31)
2026-09-12 22:55:40,303 create_session
2026-09-12 22:55:40,478 received header: Header(type:b'MSG', chunk_type:b'F', body_size:2464, channel:31)
2026-09-12 22:55:40,479 activate_session
2026-09-12 22:55:40,485 received header: Header(type:b'MSG', chunk_type:b'F', body_size:52, channel:31)
2026-09-12 22:55:40,485 Client connected
2026-09-12 22:55:40,485 read
2026-09-12 22:55:40,491 received header: Header(type:b'MSG', chunk_type:b'F', body_size:52, channel:31)
2026-09-12 22:55:40,491 read
2026-09-12 22:55:40,495 received header: Header(type:b'MSG', chunk_type:b'F', body_size:60, channel:31)
2026-09-12 22:55:42,631 read
2026-09-12 22:55:42,636 received header: Header(type:b'MSG', chunk_type:b'F', body_size:52, channel:31)
2026-09-12 22:55:42,636 read
2026-09-12 22:55:42,641 received header: Header(type:b'MSG', chunk_type:b'F', body_size:60, channel:31)
2026-09-12 22:55:44,767 read
2026-09-12 22:55:44,771 received header: Header(type:b'MSG', chunk_type:b'F', body_size:52, channel:31)
2026-09-12 22:55:44,771 read
2026-09-12 22:55:44,774 received header: Header(type:b'MSG', chunk_type:b'F', body_size:60, channel:31)
2026-09-12 22:55:46,900 read
2026-09-12 22:55:46,904 received header: Header(type:b'MSG', chunk_type:b'F', body_size:52, channel:31)
2026-09-12 22:55:46,904 read
2026-09-12 22:55:46,908 received header: Header(type:b'MSG', chunk_type:b'F', body_size:60, channel:31)
2026-09-12 22:55:49,033 read
2026-09-12 22:55:49,036 received header: Header(type:b'MSG', chunk_type:b'F', body_size:52, channel:31)
2026-09-12 22:55:49,037 read
2026-09-12 22:55:49,039 received header: Header(type:b'MSG', chunk_type:b'F', body_size:60, channel:31)
2026-09-12 22:55:51,167 read
2026-09-12 22:55:51,170 received header: Header(type:b'MSG', chunk_type:b'F', body_size:52, channel:31)
2026-09-12 22:55:51,171 read
2026-09-12 22:55:51,174 received header: Header(type:b'MSG', chunk_type:b'F', body_size:60, channel:31)
2026-09-12 22:55:53,298 read
2026-09-12 22:55:53,301 received header: Header(type:b'MSG', chunk_type:b'F', body_size:52, channel:31)
2026-09-12 22:55:53,302 read
2026-09-12 22:55:53,305 received header: Header(type:b'MSG', chunk_type:b'F', body_size:60, channel:31)
2026-09-12 22:55:55,428 read
2026-09-12 22:55:55,433 received header: Header(type:b'MSG', chunk_type:b'F', body_size:52, channel:31)
2026-09-12 22:55:55,433 read
2026-09-12 22:55:55,436 received header: Header(type:b'MSG', chunk_type:b'F', body_size:60, channel:31)
2026-09-12 22:55:57,561 read
2026-09-12 22:55:57,565 received header: Header(type:b'MSG', chunk_type:b'F', body_size:52, channel:31)
2026-09-12 22:55:57,565 read
2026-09-12 22:55:57,568 received header: Header(type:b'MSG', chunk_type:b'F', body_size:60, channel:31)
2026-09-12 22:55:59,694 read
2026-09-12 22:55:59,698 received header: Header(type:b'MSG', chunk_type:b'F', body_size:52, channel:31)
2026-09-12 22:55:59,698 read
2026-09-12 22:55:59,701 received header: Header(type:b'MSG', chunk_type:b'F', body_size:60, channel:31)
2026-09-12 22:56:01,830 read
2026-09-12 22:56:01,834 received header: Header(type:b'MSG', chunk_type:b'F', body_size:52, channel:31)
2026-09-12 22:56:01,835 read
2026-09-12 22:56:01,839 received header: Header(type:b'MSG', chunk_type:b'F', body_size:60, channel:31)
2026-09-12 22:56:03,963 read
2026-09-12 22:56:03,967 received header: Header(type:b'MSG', chunk_type:b'F', body_size:52, channel:31)
2026-09-12 22:56:03,967 read
2026-09-12 22:56:03,970 received header: Header(type:b'MSG', chunk_type:b'F', body_size:60, channel:31)
2026-09-12 22:56:06,096 read
2026-09-12 22:56:06,099 received header: Header(type:b'MSG', chunk_type:b'F', body_size:52, channel:31)
2026-09-12 22:56:06,099 read
2026-09-12 22:56:06,102 received header: Header(type:b'MSG', chunk_type:b'F', body_size:60, channel:31)
2026-09-12 22:56:08,227 read
2026-09-12 22:56:08,230 received header: Header(type:b'MSG', chunk_type:b'F', body_size:52, channel:31)
2026-09-12 22:56:08,231 read
2026-09-12 22:56:08,234 received header: Header(type:b'MSG', chunk_type:b'F', body_size:60, channel:31)
2026-09-12 22:56:10,359 read
2026-09-12 22:56:10,364 received header: Header(type:b'MSG', chunk_type:b'F', body_size:52, channel:31)
2026-09-12 22:56:10,364 read
2026-09-12 22:56:10,367 received header: Header(type:b'MSG', chunk_type:b'F', body_size:60, channel:31)
2026-09-12 22:56:12,493 read
2026-09-12 22:56:12,498 received header: Header(type:b'MSG', chunk_type:b'F', body_size:52, channel:31)
2026-09-12 22:56:12,498 read
2026-09-12 22:56:12,503 received header: Header(type:b'MSG', chunk_type:b'F', body_size:60, channel:31)
2026-09-12 22:56:14,628 read
2026-09-12 22:56:14,636 received header: Header(type:b'MSG', chunk_type:b'F', body_size:52, channel:31)
2026-09-12 22:56:14,636 read
2026-09-12 22:56:14,641 received header: Header(type:b'MSG', chunk_type:b'F', body_size:60, channel:31)
2026-09-12 22:56:16,765 read
2026-09-12 22:56:16,770 received header: Header(type:b'MSG', chunk_type:b'F', body_size:52, channel:31)
2026-09-12 22:56:16,770 read
2026-09-12 22:56:16,774 received header: Header(type:b'MSG', chunk_type:b'F', body_size:60, channel:31)
2026-09-12 22:56:18,900 read
2026-09-12 22:56:18,904 received header: Header(type:b'MSG', chunk_type:b'F', body_size:52, channel:31)
2026-09-12 22:56:18,904 read
2026-09-12 22:56:18,907 received header: Header(type:b'MSG', chunk_type:b'F', body_size:60, channel:31)
2026-09-12 22:56:21,034 read
2026-09-12 22:56:21,037 received header: Header(type:b'MSG', chunk_type:b'F', body_size:52, channel:31)
2026-09-12 22:56:21,038 read
2026-09-12 22:56:21,040 received header: Header(type:b'MSG', chunk_type:b'F', body_size:60, channel:31)
2026-09-12 22:56:23,165 read
2026-09-12 22:56:23,171 received header: Header(type:b'MSG', chunk_type:b'F', body_size:52, channel:31)
2026-09-12 22:56:23,171 read
2026-09-12 22:56:23,175 received header: Header(type:b'MSG', chunk_type:b'F', body_size:60, channel:31)
2026-09-12 22:56:25,300 read
2026-09-12 22:56:25,305 received header: Header(type:b'MSG', chunk_type:b'F', body_size:52, channel:31)
2026-09-12 22:56:25,305 read
2026-09-12 22:56:25,308 received header: Header(type:b'MSG', chunk_type:b'F', body_size:60, channel:31)
2026-09-12 22:56:27,433 read
2026-09-12 22:56:27,438 received header: Header(type:b'MSG', chunk_type:b'F', body_size:52, channel:31)
2026-09-12 22:56:27,439 read
2026-09-12 22:56:27,442 received header: Header(type:b'MSG', chunk_type:b'F', body_size:60, channel:31)
2026-09-12 22:56:29,566 read
2026-09-12 22:56:29,570 received header: Header(type:b'MSG', chunk_type:b'F', body_size:52, channel:31)
2026-09-12 22:56:29,570 read
2026-09-12 22:56:29,573 received header: Header(type:b'MSG', chunk_type:b'F', body_size:60, channel:31)
2026-09-12 22:56:31,699 read
2026-09-12 22:56:31,704 received header: Header(type:b'MSG', chunk_type:b'F', body_size:52, channel:31)
2026-09-12 22:56:31,704 read
2026-09-12 22:56:31,709 received header: Header(type:b'MSG', chunk_type:b'F', body_size:60, channel:31)
2026-09-12 22:56:33,833 read
2026-09-12 22:56:33,838 received header: Header(type:b'MSG', chunk_type:b'F', body_size:52, channel:31)
2026-09-12 22:56:33,838 read
2026-09-12 22:56:33,842 received header: Header(type:b'MSG', chunk_type:b'F', body_size:60, channel:31)
2026-09-12 22:56:35,967 read
2026-09-12 22:56:35,972 received header: Header(type:b'MSG', chunk_type:b'F', body_size:52, channel:31)
2026-09-12 22:56:35,972 read
2026-09-12 22:56:35,976 received header: Header(type:b'MSG', chunk_type:b'F', body_size:60, channel:31)
2026-09-12 22:56:38,102 read
2026-09-12 22:56:38,105 received header: Header(type:b'MSG', chunk_type:b'F', body_size:52, channel:31)
2026-09-12 22:56:38,106 read
2026-09-12 22:56:38,112 received header: Header(type:b'MSG', chunk_type:b'F', body_size:60, channel:31)
2026-09-12 22:56:40,236 read
2026-09-12 22:56:40,240 received header: Header(type:b'MSG', chunk_type:b'F', body_size:52, channel:31)
2026-09-12 22:56:40,240 read
2026-09-12 22:56:40,245 received header: Header(type:b'MSG', chunk_type:b'F', body_size:60, channel:31)
2026-09-12 22:56:42,369 read
2026-09-12 22:56:42,373 received header: Header(type:b'MSG', chunk_type:b'F', body_size:52, channel:31)
2026-09-12 22:56:42,374 read
2026-09-12 22:56:42,376 received header: Header(type:b'MSG', chunk_type:b'F', body_size:60, channel:31)
2026-09-12 22:56:44,500 read
2026-09-12 22:56:44,504 received header: Header(type:b'MSG', chunk_type:b'F', body_size:52, channel:31)
2026-09-12 22:56:44,504 read
2026-09-12 22:56:44,508 received header: Header(type:b'MSG', chunk_type:b'F', body_size:60, channel:31)
2026-09-12 22:56:46,634 read
2026-09-12 22:56:46,638 received header: Header(type:b'MSG', chunk_type:b'F', body_size:52, channel:31)
2026-09-12 22:56:46,638 read
2026-09-12 22:56:46,641 received header: Header(type:b'MSG', chunk_type:b'F', body_size:60, channel:31)
2026-09-12 22:56:48,766 read
2026-09-12 22:56:48,770 received header: Header(type:b'MSG', chunk_type:b'F', body_size:52, channel:31)
2026-09-12 22:56:48,770 read
2026-09-12 22:56:48,774 received header: Header(type:b'MSG', chunk_type:b'F', body_size:60, channel:31)
2026-09-12 22:56:50,900 read
2026-09-12 22:56:50,905 received header: Header(type:b'MSG', chunk_type:b'F', body_size:52, channel:31)
2026-09-12 22:56:50,905 read
2026-09-12 22:56:50,908 received header: Header(type:b'MSG', chunk_type:b'F', body_size:60, channel:31)
2026-09-12 22:56:53,034 read
2026-09-12 22:56:53,038 received header: Header(type:b'MSG', chunk_type:b'F', body_size:52, channel:31)
2026-09-12 22:56:53,038 read
2026-09-12 22:56:53,041 received header: Header(type:b'MSG', chunk_type:b'F', body_size:60, channel:31)
2026-09-12 22:56:55,165 read
2026-09-12 22:56:55,169 received header: Header(type:b'MSG', chunk_type:b'F', body_size:52, channel:31)
2026-09-12 22:56:55,169 read
2026-09-12 22:56:55,173 received header: Header(type:b'MSG', chunk_type:b'F', body_size:60, channel:31)
2026-09-12 22:56:57,297 read
2026-09-12 22:56:57,301 received header: Header(type:b'MSG', chunk_type:b'F', body_size:52, channel:31)
2026-09-12 22:56:57,301 read
2026-09-12 22:56:57,305 received header: Header(type:b'MSG', chunk_type:b'F', body_size:60, channel:31)
2026-09-12 22:56:59,432 read
2026-09-12 22:56:59,435 received header: Header(type:b'MSG', chunk_type:b'F', body_size:52, channel:31)
2026-09-12 22:56:59,435 read
2026-09-12 22:56:59,438 received header: Header(type:b'MSG', chunk_type:b'F', body_size:60, channel:31)
2026-09-12 22:57:01,563 read
2026-09-12 22:57:01,566 received header: Header(type:b'MSG', chunk_type:b'F', body_size:52, channel:31)
2026-09-12 22:57:01,567 read
2026-09-12 22:57:01,569 received header: Header(type:b'MSG', chunk_type:b'F', body_size:60, channel:31)
2026-09-12 22:57:33,749 opening connection
2026-09-12 22:57:33,801 Thread started
2026-09-12 22:57:33,803 received header: Header(type:b'ACK', chunk_type:b'F', body_size:20, channel:0)
2026-09-12 22:57:33,803 open_secure_channel
2026-09-12 22:57:33,804 received header: Header(type:b'OPN', chunk_type:b'F', body_size:123, channel:32)
2026-09-12 22:57:33,804 create_session
2026-09-12 22:57:34,153 received header: Header(type:b'MSG', chunk_type:b'F', body_size:2464, channel:32)
2026-09-12 22:57:34,153 activate_session
2026-09-12 22:57:34,160 received header: Header(type:b'MSG', chunk_type:b'F', body_size:52, channel:32)
2026-09-12 22:57:34,160 Client connected
2026-09-12 22:57:34,160 read
2026-09-12 22:57:34,168 received header: Header(type:b'MSG', chunk_type:b'F', body_size:52, channel:32)
2026-09-12 22:57:34,168 read
2026-09-12 22:57:34,172 received header: Header(type:b'MSG', chunk_type:b'F', body_size:60, channel:32)
2026-09-12 22:57:36,298 read
2026-09-12 22:57:36,301 received header: Header(type:b'MSG', chunk_type:b'F', body_size:52, channel:32)
2026-09-12 22:57:36,302 read
2026-09-12 22:57:36,304 received header: Header(type:b'MSG', chunk_type:b'F', body_size:60, channel:32)
2026-09-12 22:57:38,427 read
2026-09-12 22:57:38,432 received header: Header(type:b'MSG', chunk_type:b'F', body_size:52, channel:32)
2026-09-12 22:57:38,433 read
2026-09-12 22:57:38,436 received header: Header(type:b'MSG', chunk_type:b'F', body_size:60, channel:32)
2026-09-12 22:57:40,570 read
2026-09-12 22:57:40,574 received header: Header(type:b'MSG', chunk_type:b'F', body_size:52, channel:32)
2026-09-12 22:57:40,574 read
2026-09-12 22:57:40,577 received header: Header(type:b'MSG', chunk_type:b'F', body_size:60, channel:32)
2026-09-12 22:57:42,705 read
2026-09-12 22:57:42,710 received header: Header(type:b'MSG', chunk_type:b'F', body_size:52, channel:32)
2026-09-12 22:57:42,711 read
2026-09-12 22:57:42,716 received header: Header(type:b'MSG', chunk_type:b'F', body_size:60, channel:32)
2026-09-12 22:57:44,839 read
2026-09-12 22:57:44,842 received header: Header(type:b'MSG', chunk_type:b'F', body_size:52, channel:32)
2026-09-12 22:57:44,843 read
2026-09-12 22:57:44,845 received header: Header(type:b'MSG', chunk_type:b'F', body_size:60, channel:32)
2026-09-12 22:57:46,973 read
2026-09-12 22:57:46,978 received header: Header(type:b'MSG', chunk_type:b'F', body_size:52, channel:32)
2026-09-12 22:57:46,978 read
2026-09-12 22:57:46,981 received header: Header(type:b'MSG', chunk_type:b'F', body_size:60, channel:32)
2026-09-12 22:57:49,105 read
2026-09-12 22:57:49,109 received header: Header(type:b'MSG', chunk_type:b'F', body_size:52, channel:32)
2026-09-12 22:57:49,109 read
2026-09-12 22:57:49,113 received header: Header(type:b'MSG', chunk_type:b'F', body_size:60, channel:32)
2026-09-12 22:57:51,238 read
2026-09-12 22:57:51,241 received header: Header(type:b'MSG', chunk_type:b'F', body_size:52, channel:32)
2026-09-12 22:57:51,242 read
2026-09-12 22:57:51,245 received header: Header(type:b'MSG', chunk_type:b'F', body_size:60, channel:32)
2026-09-12 22:57:53,369 read
2026-09-12 22:57:53,373 received header: Header(type:b'MSG', chunk_type:b'F', body_size:52, channel:32)
2026-09-12 22:57:53,373 read
2026-09-12 22:57:53,378 received header: Header(type:b'MSG', chunk_type:b'F', body_size:60, channel:32)
2026-09-12 22:57:55,501 read
2026-09-12 22:57:55,505 received header: Header(type:b'MSG', chunk_type:b'F', body_size:52, channel:32)
2026-09-12 22:57:55,506 read
2026-09-12 22:57:55,510 received header: Header(type:b'MSG', chunk_type:b'F', body_size:60, channel:32)
2026-09-12 22:57:57,634 read
2026-09-12 22:57:57,638 received header: Header(type:b'MSG', chunk_type:b'F', body_size:52, channel:32)
2026-09-12 22:57:57,638 read
2026-09-12 22:57:57,641 received header: Header(type:b'MSG', chunk_type:b'F', body_size:60, channel:32)
2026-09-12 22:57:59,766 read
2026-09-12 22:57:59,770 received header: Header(type:b'MSG', chunk_type:b'F', body_size:52, channel:32)
2026-09-12 22:57:59,770 read
2026-09-12 22:57:59,774 received header: Header(type:b'MSG', chunk_type:b'F', body_size:60, channel:32)
2026-09-12 22:58:01,898 read
2026-09-12 22:58:01,901 received header: Header(type:b'MSG', chunk_type:b'F', body_size:52, channel:32)
2026-09-12 22:58:01,902 read
2026-09-12 22:58:01,905 received header: Header(type:b'MSG', chunk_type:b'F', body_size:60, channel:32)
2026-09-12 22:58:04,029 read
2026-09-12 22:58:04,033 received header: Header(type:b'MSG', chunk_type:b'F', body_size:52, channel:32)
2026-09-12 22:58:04,033 read
2026-09-12 22:58:04,037 received header: Header(type:b'MSG', chunk_type:b'F', body_size:60, channel:32)
2026-09-12 22:58:06,162 read
2026-09-12 22:58:06,166 received header: Header(type:b'MSG', chunk_type:b'F', body_size:52, channel:32)
2026-09-12 22:58:06,166 read
2026-09-12 22:58:06,169 received header: Header(type:b'MSG', chunk_type:b'F', body_size:60, channel:32)
2026-09-12 22:58:08,293 read
2026-09-12 22:58:08,297 received header: Header(type:b'MSG', chunk_type:b'F', body_size:52, channel:32)
2026-09-12 22:58:08,297 read
2026-09-12 22:58:08,300 received header: Header(type:b'MSG', chunk_type:b'F', body_size:60, channel:32)
2026-09-12 22:58:10,423 read
2026-09-12 22:58:10,427 received header: Header(type:b'MSG', chunk_type:b'F', body_size:52, channel:32)
2026-09-12 22:58:10,427 read
2026-09-12 22:58:10,431 received header: Header(type:b'MSG', chunk_type:b'F', body_size:60, channel:32)
2026-09-12 22:58:12,555 read
2026-09-12 22:58:12,559 received header: Header(type:b'MSG', chunk_type:b'F', body_size:52, channel:32)
2026-09-12 22:58:12,559 read
2026-09-12 22:58:12,564 received header: Header(type:b'MSG', chunk_type:b'F', body_size:60, channel:32)
2026-09-12 22:58:14,687 read
2026-09-12 22:58:14,692 received header: Header(type:b'MSG', chunk_type:b'F', body_size:52, channel:32)
2026-09-12 22:58:14,693 read
2026-09-12 22:58:14,696 received header: Header(type:b'MSG', chunk_type:b'F', body_size:60, channel:32)
2026-09-12 22:58:16,819 read
2026-09-12 22:58:16,823 received header: Header(type:b'MSG', chunk_type:b'F', body_size:52, channel:32)
2026-09-12 22:58:16,823 read
2026-09-12 22:58:16,826 received header: Header(type:b'MSG', chunk_type:b'F', body_size:60, channel:32)
2026-09-12 22:58:18,950 read
2026-09-12 22:58:18,956 received header: Header(type:b'MSG', chunk_type:b'F', body_size:52, channel:32)
2026-09-12 22:58:18,956 read
2026-09-12 22:58:18,959 received header: Header(type:b'MSG', chunk_type:b'F', body_size:60, channel:32)
2026-09-12 22:58:21,087 read
2026-09-12 22:58:21,090 received header: Header(type:b'MSG', chunk_type:b'F', body_size:52, channel:32)
2026-09-12 22:58:21,091 read
2026-09-12 22:58:21,094 received header: Header(type:b'MSG', chunk_type:b'F', body_size:60, channel:32)
2026-09-12 22:58:23,219 read
2026-09-12 22:58:23,222 received header: Header(type:b'MSG', chunk_type:b'F', body_size:52, channel:32)
2026-09-12 22:58:23,222 read
2026-09-12 22:58:23,225 received header: Header(type:b'MSG', chunk_type:b'F', body_size:60, channel:32)
2026-09-12 22:58:25,348 read
2026-09-12 22:58:25,351 received header: Header(type:b'MSG', chunk_type:b'F', body_size:52, channel:32)
2026-09-12 22:58:25,352 read
2026-09-12 22:58:25,355 received header: Header(type:b'MSG', chunk_type:b'F', body_size:60, channel:32)
2026-09-12 22:58:27,478 read
2026-09-12 22:58:27,482 received header: Header(type:b'MSG', chunk_type:b'F', body_size:52, channel:32)
2026-09-12 22:58:27,482 read
2026-09-12 22:58:27,487 received header: Header(type:b'MSG', chunk_type:b'F', body_size:60, channel:32)
2026-09-12 22:58:29,611 read
2026-09-12 22:58:29,617 received header: Header(type:b'MSG', chunk_type:b'F', body_size:52, channel:32)
2026-09-12 22:58:29,617 read
2026-09-12 22:58:29,620 received header: Header(type:b'MSG', chunk_type:b'F', body_size:60, channel:32)
2026-09-12 22:58:31,743 read
2026-09-12 22:58:31,747 received header: Header(type:b'MSG', chunk_type:b'F', body_size:52, channel:32)
2026-09-12 22:58:31,747 read
2026-09-12 22:58:31,752 received header: Header(type:b'MSG', chunk_type:b'F', body_size:60, channel:32)
2026-09-12 22:58:33,876 read
2026-09-12 22:58:33,879 received header: Header(type:b'MSG', chunk_type:b'F', body_size:52, channel:32)
2026-09-12 22:58:33,880 read
2026-09-12 22:58:33,884 received header: Header(type:b'MSG', chunk_type:b'F', body_size:60, channel:32)
2026-09-12 22:58:36,009 read
2026-09-12 22:58:36,012 received header: Header(type:b'MSG', chunk_type:b'F', body_size:52, channel:32)
2026-09-12 22:58:36,012 read
2026-09-12 22:58:36,017 received header: Header(type:b'MSG', chunk_type:b'F', body_size:60, channel:32)
2026-09-12 22:58:38,141 read
2026-09-12 22:58:38,146 received header: Header(type:b'MSG', chunk_type:b'F', body_size:52, channel:32)
2026-09-12 22:58:38,146 read
2026-09-12 22:58:38,150 received header: Header(type:b'MSG', chunk_type:b'F', body_size:60, channel:32)
2026-09-12 22:58:40,273 read
2026-09-12 22:58:40,277 received header: Header(type:b'MSG', chunk_type:b'F', body_size:52, channel:32)
2026-09-12 22:58:40,277 read
2026-09-12 22:58:40,280 received header: Header(type:b'MSG', chunk_type:b'F', body_size:60, channel:32)
2026-09-12 22:58:42,403 read
2026-09-12 22:58:42,407 received header: Header(type:b'MSG', chunk_type:b'F', body_size:52, channel:32)
2026-09-12 22:58:42,407 read
2026-09-12 22:58:42,417 received header: Header(type:b'MSG', chunk_type:b'F', body_size:60, channel:32)
2026-09-12 22:58:44,541 read
2026-09-12 22:58:44,545 received header: Header(type:b'MSG', chunk_type:b'F', body_size:52, channel:32)
2026-09-12 22:58:44,546 read
2026-09-12 22:58:44,549 received header: Header(type:b'MSG', chunk_type:b'F', body_size:60, channel:32)
2026-09-12 22:58:46,671 read
2026-09-12 22:58:46,677 received header: Header(type:b'MSG', chunk_type:b'F', body_size:52, channel:32)
2026-09-12 22:58:46,677 read
2026-09-12 22:58:46,680 received header: Header(type:b'MSG', chunk_type:b'F', body_size:60, channel:32)
2026-09-12 22:58:48,806 read
2026-09-12 22:58:48,809 received header: Header(type:b'MSG', chunk_type:b'F', body_size:52, channel:32)
2026-09-12 22:58:48,809 read
2026-09-12 22:58:48,812 received header: Header(type:b'MSG', chunk_type:b'F', body_size:60, channel:32)
2026-09-12 22:58:50,936 read
2026-09-12 22:58:50,939 received header: Header(type:b'MSG', chunk_type:b'F', body_size:52, channel:32)
2026-09-12 22:58:50,939 read
2026-09-12 22:58:50,945 received header: Header(type:b'MSG', chunk_type:b'F', body_size:60, channel:32)
2026-09-12 22:58:53,067 read
2026-09-12 22:58:53,071 received header: Header(type:b'MSG', chunk_type:b'F', body_size:52, channel:32)
2026-09-12 22:58:53,071 read
2026-09-12 22:58:53,074 received header: Header(type:b'MSG', chunk_type:b'F', body_size:60, channel:32)
2026-09-12 22:58:55,197 read
2026-09-12 22:58:55,201 received header: Header(type:b'MSG', chunk_type:b'F', body_size:52, channel:32)
2026-09-12 22:58:55,201 read
2026-09-12 22:58:55,206 received header: Header(type:b'MSG', chunk_type:b'F', body_size:60, channel:32)
2026-09-12 22:58:57,328 read
2026-09-12 22:58:57,332 received header: Header(type:b'MSG', chunk_type:b'F', body_size:52, channel:32)
2026-09-12 22:58:57,333 read
2026-09-12 22:58:57,336 received header: Header(type:b'MSG', chunk_type:b'F', body_size:60, channel:32)
2026-09-12 22:58:58,154 open_secure_channel
2026-09-12 22:58:58,155 received header: Header(type:b'OPN', chunk_type:b'F', body_size:123, channel:32)
2026-09-12 22:58:58,156 read
2026-09-12 22:58:58,159 received header: Header(type:b'MSG', chunk_type:b'F', body_size:62, channel:32)
2026-09-12 22:58:59,459 read
2026-09-12 22:58:59,462 received header: Header(type:b'MSG', chunk_type:b'F', body_size:52, channel:32)
2026-09-12 22:58:59,463 read
2026-09-12 22:58:59,466 received header: Header(type:b'MSG', chunk_type:b'F', body_size:60, channel:32)
2026-09-12 22:59:01,589 read
2026-09-12 22:59:01,593 received header: Header(type:b'MSG', chunk_type:b'F', body_size:52, channel:32)
2026-09-12 22:59:01,593 read
2026-09-12 22:59:01,597 received header: Header(type:b'MSG', chunk_type:b'F', body_size:60, channel:32)
2026-09-12 22:59:03,721 read
2026-09-12 22:59:03,725 received header: Header(type:b'MSG', chunk_type:b'F', body_size:52, channel:32)
2026-09-12 22:59:03,725 read
2026-09-12 22:59:03,729 received header: Header(type:b'MSG', chunk_type:b'F', body_size:60, channel:32)
2026-09-12 22:59:05,851 read
2026-09-12 22:59:05,854 received header: Header(type:b'MSG', chunk_type:b'F', body_size:52, channel:32)
2026-09-12 22:59:05,855 read
2026-09-12 22:59:05,857 received header: Header(type:b'MSG', chunk_type:b'F', body_size:60, channel:32)
2026-09-12 22:59:07,981 read
2026-09-12 22:59:07,985 received header: Header(type:b'MSG', chunk_type:b'F', body_size:52, channel:32)
2026-09-12 22:59:07,985 read
2026-09-12 22:59:07,990 received header: Header(type:b'MSG', chunk_type:b'F', body_size:60, channel:32)
2026-09-12 22:59:10,115 read
2026-09-12 22:59:10,120 received header: Header(type:b'MSG', chunk_type:b'F', body_size:52, channel:32)
2026-09-12 22:59:10,120 read
2026-09-12 22:59:10,124 received header: Header(type:b'MSG', chunk_type:b'F', body_size:60, channel:32)
2026-09-12 22:59:12,248 read
2026-09-12 22:59:12,252 received header: Header(type:b'MSG', chunk_type:b'F', body_size:52, channel:32)
2026-09-12 22:59:12,253 read
2026-09-12 22:59:12,255 received header: Header(type:b'MSG', chunk_type:b'F', body_size:60, channel:32)
2026-09-12 22:59:14,382 read
2026-09-12 22:59:14,390 received header: Header(type:b'MSG', chunk_type:b'F', body_size:52, channel:32)
2026-09-12 22:59:14,390 read
2026-09-12 22:59:14,396 received header: Header(type:b'MSG', chunk_type:b'F', body_size:60, channel:32)
2026-09-12 22:59:16,519 read
2026-09-12 22:59:16,523 received header: Header(type:b'MSG', chunk_type:b'F', body_size:52, channel:32)
2026-09-12 22:59:16,523 read
2026-09-12 22:59:16,526 received header: Header(type:b'MSG', chunk_type:b'F', body_size:60, channel:32)
2026-09-12 22:59:18,649 read
2026-09-12 22:59:18,653 received header: Header(type:b'MSG', chunk_type:b'F', body_size:52, channel:32)
2026-09-12 22:59:18,653 read
2026-09-12 22:59:18,657 received header: Header(type:b'MSG', chunk_type:b'F', body_size:60, channel:32)
2026-09-12 22:59:20,779 read
2026-09-12 22:59:20,783 received header: Header(type:b'MSG', chunk_type:b'F', body_size:52, channel:32)
2026-09-12 22:59:20,783 read
2026-09-12 22:59:20,787 received header: Header(type:b'MSG', chunk_type:b'F', body_size:60, channel:32)
2026-09-12 22:59:22,910 read
2026-09-12 22:59:22,915 received header: Header(type:b'MSG', chunk_type:b'F', body_size:52, channel:32)
2026-09-12 22:59:22,915 read
2026-09-12 22:59:22,918 received header: Header(type:b'MSG', chunk_type:b'F', body_size:60, channel:32)
2026-09-12 22:59:25,042 read
2026-09-12 22:59:25,046 received header: Header(type:b'MSG', chunk_type:b'F', body_size:52, channel:32)
2026-09-12 22:59:25,046 read
2026-09-12 22:59:25,048 received header: Header(type:b'MSG', chunk_type:b'F', body_size:60, channel:32)
2026-09-12 22:59:27,172 read
2026-09-12 22:59:27,178 received header: Header(type:b'MSG', chunk_type:b'F', body_size:52, channel:32)
2026-09-12 22:59:27,178 read
2026-09-12 22:59:27,183 received header: Header(type:b'MSG', chunk_type:b'F', body_size:60, channel:32)
2026-09-12 22:59:29,306 read
2026-09-12 22:59:29,312 received header: Header(type:b'MSG', chunk_type:b'F', body_size:52, channel:32)
2026-09-12 22:59:29,312 read
2026-09-12 22:59:29,315 received header: Header(type:b'MSG', chunk_type:b'F', body_size:60, channel:32)
2026-09-12 22:59:31,438 read
2026-09-12 22:59:31,442 received header: Header(type:b'MSG', chunk_type:b'F', body_size:52, channel:32)
2026-09-12 22:59:31,442 read
2026-09-12 22:59:31,445 received header: Header(type:b'MSG', chunk_type:b'F', body_size:60, channel:32)
2026-09-12 22:59:33,568 read
2026-09-12 22:59:33,572 received header: Header(type:b'MSG', chunk_type:b'F', body_size:52, channel:32)
2026-09-12 22:59:33,572 read
2026-09-12 22:59:33,576 received header: Header(type:b'MSG', chunk_type:b'F', body_size:60, channel:32)
2026-09-12 22:59:35,699 read
2026-09-12 22:59:35,702 received header: Header(type:b'MSG', chunk_type:b'F', body_size:52, channel:32)
2026-09-12 22:59:35,703 read
2026-09-12 22:59:35,705 received header: Header(type:b'MSG', chunk_type:b'F', body_size:60, channel:32)
2026-09-12 22:59:37,829 read
2026-09-12 22:59:37,832 received header: Header(type:b'MSG', chunk_type:b'F', body_size:52, channel:32)
2026-09-12 22:59:37,833 read
2026-09-12 22:59:37,839 received header: Header(type:b'MSG', chunk_type:b'F', body_size:60, channel:32)
2026-09-12 22:59:39,961 read
2026-09-12 22:59:39,965 received header: Header(type:b'MSG', chunk_type:b'F', body_size:52, channel:32)
2026-09-12 22:59:39,965 read
2026-09-12 22:59:39,967 received header: Header(type:b'MSG', chunk_type:b'F', body_size:60, channel:32)
2026-09-12 22:59:42,091 read
2026-09-12 22:59:42,096 received header: Header(type:b'MSG', chunk_type:b'F', body_size:52, channel:32)
2026-09-12 22:59:42,096 read
2026-09-12 22:59:42,099 received header: Header(type:b'MSG', chunk_type:b'F', body_size:60, channel:32)
2026-09-12 22:59:44,222 read
2026-09-12 22:59:44,226 received header: Header(type:b'MSG', chunk_type:b'F', body_size:52, channel:32)
2026-09-12 22:59:44,226 read
2026-09-12 22:59:44,229 received header: Header(type:b'MSG', chunk_type:b'F', body_size:60, channel:32)
2026-09-12 22:59:46,352 read
2026-09-12 22:59:46,356 received header: Header(type:b'MSG', chunk_type:b'F', body_size:52, channel:32)
2026-09-12 22:59:46,356 read
2026-09-12 22:59:46,360 received header: Header(type:b'MSG', chunk_type:b'F', body_size:60, channel:32)
2026-09-12 22:59:48,484 read
2026-09-12 22:59:48,488 received header: Header(type:b'MSG', chunk_type:b'F', body_size:52, channel:32)
2026-09-12 22:59:48,488 read
2026-09-12 22:59:48,491 received header: Header(type:b'MSG', chunk_type:b'F', body_size:60, channel:32)
2026-09-12 22:59:50,614 read
2026-09-12 22:59:50,618 received header: Header(type:b'MSG', chunk_type:b'F', body_size:52, channel:32)
2026-09-12 22:59:50,619 read
2026-09-12 22:59:50,621 received header: Header(type:b'MSG', chunk_type:b'F', body_size:60, channel:32)
2026-09-12 22:59:52,745 read
2026-09-12 22:59:52,749 received header: Header(type:b'MSG', chunk_type:b'F', body_size:52, channel:32)
2026-09-12 22:59:52,749 read
2026-09-12 22:59:52,752 received header: Header(type:b'MSG', chunk_type:b'F', body_size:60, channel:32)
2026-09-12 22:59:54,873 read
2026-09-12 22:59:54,877 received header: Header(type:b'MSG', chunk_type:b'F', body_size:52, channel:32)
2026-09-12 22:59:54,877 read
2026-09-12 22:59:54,880 received header: Header(type:b'MSG', chunk_type:b'F', body_size:60, channel:32)
2026-09-12 22:59:57,005 read
2026-09-12 22:59:57,010 received header: Header(type:b'MSG', chunk_type:b'F', body_size:52, channel:32)
2026-09-12 22:59:57,010 read
2026-09-12 22:59:57,013 received header: Header(type:b'MSG', chunk_type:b'F', body_size:60, channel:32)
2026-09-12 22:59:59,137 read
2026-09-12 22:59:59,141 received header: Header(type:b'MSG', chunk_type:b'F', body_size:52, channel:32)
2026-09-12 22:59:59,141 read
2026-09-12 22:59:59,144 received header: Header(type:b'MSG', chunk_type:b'F', body_size:60, channel:32)
2026-09-12 23:00:01,268 read
2026-09-12 23:00:01,273 received header: Header(type:b'MSG', chunk_type:b'F', body_size:52, channel:32)
2026-09-12 23:00:01,273 read
2026-09-12 23:00:01,276 received header: Header(type:b'MSG', chunk_type:b'F', body_size:60, channel:32)
2026-09-12 23:00:03,400 read
2026-09-12 23:00:03,404 received header: Header(type:b'MSG', chunk_type:b'F', body_size:52, channel:32)
2026-09-12 23:00:03,404 read
2026-09-12 23:00:03,407 received header: Header(type:b'MSG', chunk_type:b'F', body_size:60, channel:32)
2026-09-12 23:00:05,530 read
2026-09-12 23:00:05,534 received header: Header(type:b'MSG', chunk_type:b'F', body_size:52, channel:32)
2026-09-12 23:00:05,534 read
2026-09-12 23:00:05,537 received header: Header(type:b'MSG', chunk_type:b'F', body_size:60, channel:32)
2026-09-12 23:00:07,661 read
2026-09-12 23:00:07,665 received header: Header(type:b'MSG', chunk_type:b'F', body_size:52, channel:32)
2026-09-12 23:00:07,666 read
2026-09-12 23:00:07,671 received header: Header(type:b'MSG', chunk_type:b'F', body_size:60, channel:32)
2026-09-12 23:00:09,793 read
2026-09-12 23:00:09,796 received header: Header(type:b'MSG', chunk_type:b'F', body_size:52, channel:32)
2026-09-12 23:00:09,797 read
2026-09-12 23:00:09,801 received header: Header(type:b'MSG', chunk_type:b'F', body_size:60, channel:32)
2026-09-12 23:00:11,924 read
2026-09-12 23:00:11,927 received header: Header(type:b'MSG', chunk_type:b'F', body_size:52, channel:32)
2026-09-12 23:00:11,928 read
2026-09-12 23:00:11,930 received header: Header(type:b'MSG', chunk_type:b'F', body_size:60, channel:32)
2026-09-12 23:00:14,054 read
2026-09-12 23:00:14,059 received header: Header(type:b'MSG', chunk_type:b'F', body_size:52, channel:32)
2026-09-12 23:00:14,059 read
2026-09-12 23:00:14,061 received header: Header(type:b'MSG', chunk_type:b'F', body_size:60, channel:32)
2026-09-12 23:00:16,185 read
2026-09-12 23:00:16,189 received header: Header(type:b'MSG', chunk_type:b'F', body_size:52, channel:32)
2026-09-12 23:00:16,189 read
2026-09-12 23:00:16,192 received header: Header(type:b'MSG', chunk_type:b'F', body_size:60, channel:32)
2026-09-12 23:00:18,314 read
2026-09-12 23:00:18,322 received header: Header(type:b'MSG', chunk_type:b'F', body_size:52, channel:32)
2026-09-12 23:00:18,322 read
2026-09-12 23:00:18,325 received header: Header(type:b'MSG', chunk_type:b'F', body_size:60, channel:32)
2026-09-12 23:00:20,448 read
2026-09-12 23:00:20,452 received header: Header(type:b'MSG', chunk_type:b'F', body_size:52, channel:32)
2026-09-12 23:00:20,452 read
2026-09-12 23:00:20,455 received header: Header(type:b'MSG', chunk_type:b'F', body_size:60, channel:32)
2026-09-12 23:00:22,160 open_secure_channel
2026-09-12 23:00:22,161 received header: Header(type:b'OPN', chunk_type:b'F', body_size:123, channel:32)
2026-09-12 23:00:22,162 read
2026-09-12 23:00:22,166 received header: Header(type:b'MSG', chunk_type:b'F', body_size:62, channel:32)
2026-09-12 23:00:22,578 read
2026-09-12 23:00:22,582 received header: Header(type:b'MSG', chunk_type:b'F', body_size:52, channel:32)
2026-09-12 23:00:22,582 read
2026-09-12 23:00:22,586 received header: Header(type:b'MSG', chunk_type:b'F', body_size:60, channel:32)
2026-09-12 23:00:24,711 read
2026-09-12 23:00:24,716 received header: Header(type:b'MSG', chunk_type:b'F', body_size:52, channel:32)
2026-09-12 23:00:24,716 read
2026-09-12 23:00:24,720 received header: Header(type:b'MSG', chunk_type:b'F', body_size:60, channel:32)
2026-09-12 23:00:26,844 read
2026-09-12 23:00:26,849 received header: Header(type:b'MSG', chunk_type:b'F', body_size:52, channel:32)
2026-09-12 23:00:26,849 read
2026-09-12 23:00:26,852 received header: Header(type:b'MSG', chunk_type:b'F', body_size:60, channel:32)
2026-09-12 23:00:28,974 read
2026-09-12 23:00:28,978 received header: Header(type:b'MSG', chunk_type:b'F', body_size:52, channel:32)
2026-09-12 23:00:28,978 read
2026-09-12 23:00:28,982 received header: Header(type:b'MSG', chunk_type:b'F', body_size:60, channel:32)
2026-09-12 23:00:31,107 read
2026-09-12 23:00:31,113 received header: Header(type:b'MSG', chunk_type:b'F', body_size:52, channel:32)
2026-09-12 23:00:31,113 read
2026-09-12 23:00:31,116 received header: Header(type:b'MSG', chunk_type:b'F', body_size:60, channel:32)
2026-09-12 23:00:33,238 read
2026-09-12 23:00:33,242 received header: Header(type:b'MSG', chunk_type:b'F', body_size:52, channel:32)
2026-09-12 23:00:33,242 read
2026-09-12 23:00:33,246 received header: Header(type:b'MSG', chunk_type:b'F', body_size:60, channel:32)
2026-09-12 23:00:35,368 read
2026-09-12 23:00:35,372 received header: Header(type:b'MSG', chunk_type:b'F', body_size:52, channel:32)
2026-09-12 23:00:35,373 read
2026-09-12 23:00:35,375 received header: Header(type:b'MSG', chunk_type:b'F', body_size:60, channel:32)
2026-09-12 23:00:37,499 read
2026-09-12 23:00:37,502 received header: Header(type:b'MSG', chunk_type:b'F', body_size:52, channel:32)
2026-09-12 23:00:37,503 read
2026-09-12 23:00:37,506 received header: Header(type:b'MSG', chunk_type:b'F', body_size:60, channel:32)
2026-09-12 23:00:39,629 read
2026-09-12 23:00:39,633 received header: Header(type:b'MSG', chunk_type:b'F', body_size:52, channel:32)
2026-09-12 23:00:39,633 read
2026-09-12 23:00:39,636 received header: Header(type:b'MSG', chunk_type:b'F', body_size:60, channel:32)
2026-09-12 23:00:41,759 read
2026-09-12 23:00:41,763 received header: Header(type:b'MSG', chunk_type:b'F', body_size:52, channel:32)
2026-09-12 23:00:41,764 read
2026-09-12 23:00:41,767 received header: Header(type:b'MSG', chunk_type:b'F', body_size:60, channel:32)
2026-09-12 23:00:43,891 read
2026-09-12 23:00:43,894 received header: Header(type:b'MSG', chunk_type:b'F', body_size:52, channel:32)
2026-09-12 23:00:43,895 read
2026-09-12 23:00:43,897 received header: Header(type:b'MSG', chunk_type:b'F', body_size:60, channel:32)
2026-09-12 23:00:46,023 read
2026-09-12 23:00:46,027 received header: Header(type:b'MSG', chunk_type:b'F', body_size:52, channel:32)
2026-09-12 23:00:46,027 read
2026-09-12 23:00:46,031 received header: Header(type:b'MSG', chunk_type:b'F', body_size:60, channel:32)
2026-09-12 23:00:48,155 read
2026-09-12 23:00:48,159 received header: Header(type:b'MSG', chunk_type:b'F', body_size:52, channel:32)
2026-09-12 23:00:48,159 read
2026-09-12 23:00:48,161 received header: Header(type:b'MSG', chunk_type:b'F', body_size:60, channel:32)
2026-09-12 23:00:50,284 read
2026-09-12 23:00:50,289 received header: Header(type:b'MSG', chunk_type:b'F', body_size:52, channel:32)
2026-09-12 23:00:50,289 read
2026-09-12 23:00:50,292 received header: Header(type:b'MSG', chunk_type:b'F', body_size:60, channel:32)
2026-09-12 23:00:52,415 read
2026-09-12 23:00:52,420 received header: Header(type:b'MSG', chunk_type:b'F', body_size:52, channel:32)
2026-09-12 23:00:52,420 read
2026-09-12 23:00:52,423 received header: Header(type:b'MSG', chunk_type:b'F', body_size:60, channel:32)
2026-09-12 23:00:54,547 read
2026-09-12 23:00:54,550 received header: Header(type:b'MSG', chunk_type:b'F', body_size:52, channel:32)
2026-09-12 23:00:54,550 read
2026-09-12 23:00:54,553 received header: Header(type:b'MSG', chunk_type:b'F', body_size:60, channel:32)
2026-09-12 23:00:56,676 read
2026-09-12 23:00:56,680 received header: Header(type:b'MSG', chunk_type:b'F', body_size:52, channel:32)
2026-09-12 23:00:56,680 read
2026-09-12 23:00:56,683 received header: Header(type:b'MSG', chunk_type:b'F', body_size:60, channel:32)
2026-09-12 23:00:58,806 read
2026-09-12 23:00:58,809 received header: Header(type:b'MSG', chunk_type:b'F', body_size:52, channel:32)
2026-09-12 23:00:58,810 read
2026-09-12 23:00:58,812 received header: Header(type:b'MSG', chunk_type:b'F', body_size:60, channel:32)
2026-09-12 23:01:00,936 read
2026-09-12 23:01:00,939 received header: Header(type:b'MSG', chunk_type:b'F', body_size:52, channel:32)
2026-09-12 23:01:00,939 read
2026-09-12 23:01:00,943 received header: Header(type:b'MSG', chunk_type:b'F', body_size:60, channel:32)
2026-09-12 23:01:03,067 read
2026-09-12 23:01:03,070 received header: Header(type:b'MSG', chunk_type:b'F', body_size:52, channel:32)
2026-09-12 23:01:03,071 read
2026-09-12 23:01:03,074 received header: Header(type:b'MSG', chunk_type:b'F', body_size:60, channel:32)
2026-09-12 23:01:07,219 opening connection
2026-09-12 23:01:07,291 Thread started
2026-09-12 23:01:07,293 received header: Header(type:b'ACK', chunk_type:b'F', body_size:20, channel:0)
2026-09-12 23:01:07,293 open_secure_channel
2026-09-12 23:01:07,294 received header: Header(type:b'OPN', chunk_type:b'F', body_size:123, channel:33)
2026-09-12 23:01:07,294 create_session
2026-09-12 23:01:07,461 received header: Header(type:b'MSG', chunk_type:b'F', body_size:2464, channel:33)
2026-09-12 23:01:07,462 activate_session
2026-09-12 23:01:07,468 received header: Header(type:b'MSG', chunk_type:b'F', body_size:52, channel:33)
2026-09-12 23:01:07,468 Client connected
2026-09-12 23:01:07,468 read
2026-09-12 23:01:07,476 received header: Header(type:b'MSG', chunk_type:b'F', body_size:52, channel:33)
2026-09-12 23:01:07,476 read
2026-09-12 23:01:07,481 received header: Header(type:b'MSG', chunk_type:b'F', body_size:60, channel:33)
2026-09-12 23:01:09,606 read
2026-09-12 23:01:09,610 received header: Header(type:b'MSG', chunk_type:b'F', body_size:52, channel:33)
2026-09-12 23:01:09,610 read
2026-09-12 23:01:09,613 received header: Header(type:b'MSG', chunk_type:b'F', body_size:60, channel:33)
2026-09-12 23:05:25,628 opening connection
2026-09-12 23:05:25,647 Thread started
2026-09-12 23:05:25,649 received header: Header(type:b'ACK', chunk_type:b'F', body_size:20, channel:0)
2026-09-12 23:05:25,649 open_secure_channel
2026-09-12 23:05:25,651 received header: Header(type:b'OPN', chunk_type:b'F', body_size:123, channel:34)
2026-09-12 23:05:25,651 create_session
2026-09-12 23:05:25,920 received header: Header(type:b'MSG', chunk_type:b'F', body_size:2464, channel:34)
2026-09-12 23:05:25,921 activate_session
2026-09-12 23:05:25,949 received header: Header(type:b'MSG', chunk_type:b'F', body_size:52, channel:34)
2026-09-12 23:05:25,950 Client connected
2026-09-12 23:05:25,950 read
2026-09-12 23:05:25,979 received header: Header(type:b'MSG', chunk_type:b'F', body_size:52, channel:34)
2026-09-12 23:05:25,979 read
2026-09-12 23:05:26,002 received header: Header(type:b'MSG', chunk_type:b'F', body_size:60, channel:34)
2026-09-12 23:05:28,132 read
2026-09-12 23:05:28,135 received header: Header(type:b'MSG', chunk_type:b'F', body_size:52, channel:34)
2026-09-12 23:05:28,135 read
2026-09-12 23:05:28,139 received header: Header(type:b'MSG', chunk_type:b'F', body_size:60, channel:34)
2026-09-12 23:05:30,264 read
2026-09-12 23:05:30,267 received header: Header(type:b'MSG', chunk_type:b'F', body_size:52, channel:34)
2026-09-12 23:05:30,268 read
2026-09-12 23:05:30,271 received header: Header(type:b'MSG', chunk_type:b'F', body_size:60, channel:34)
2026-09-12 23:22:39,909 opening connection
2026-09-12 23:22:39,986 Thread started
2026-09-12 23:22:39,987 received header: Header(type:b'ACK', chunk_type:b'F', body_size:20, channel:0)
2026-09-12 23:22:39,988 open_secure_channel
2026-09-12 23:22:39,990 received header: Header(type:b'OPN', chunk_type:b'F', body_size:123, channel:35)
2026-09-12 23:22:39,990 create_session
2026-09-12 23:22:40,138 received header: Header(type:b'MSG', chunk_type:b'F', body_size:2464, channel:35)
2026-09-12 23:22:40,140 activate_session
2026-09-12 23:22:40,143 received header: Header(type:b'MSG', chunk_type:b'F', body_size:52, channel:35)
2026-09-12 23:22:40,143 Client connected
2026-09-12 23:22:40,143 read
2026-09-12 23:22:40,143 read
2026-09-12 23:22:40,148 received header: Header(type:b'MSG', chunk_type:b'F', body_size:52, channel:35)
2026-09-12 23:22:40,167 received header: Header(type:b'MSG', chunk_type:b'F', body_size:52, channel:35)
2026-09-12 23:22:40,167 read
2026-09-12 23:22:40,170 received header: Header(type:b'MSG', chunk_type:b'F', body_size:60, channel:35)
2026-09-12 23:22:42,312 read
2026-09-12 23:22:42,316 received header: Header(type:b'MSG', chunk_type:b'F', body_size:52, channel:35)
2026-09-12 23:22:42,316 read
2026-09-12 23:22:42,320 received header: Header(type:b'MSG', chunk_type:b'F', body_size:60, channel:35)
2026-09-12 23:22:43,148 read
2026-09-12 23:22:43,152 received header: Header(type:b'MSG', chunk_type:b'F', body_size:52, channel:35)
2026-09-12 23:22:44,445 read
2026-09-12 23:22:44,450 received header: Header(type:b'MSG', chunk_type:b'F', body_size:52, channel:35)
2026-09-12 23:22:44,450 read
2026-09-12 23:22:44,453 received header: Header(type:b'MSG', chunk_type:b'F', body_size:60, channel:35)
2026-09-12 23:22:46,152 read
2026-09-12 23:22:46,156 received header: Header(type:b'MSG', chunk_type:b'F', body_size:52, channel:35)
2026-09-12 23:22:46,591 read
2026-09-12 23:22:46,595 received header: Header(type:b'MSG', chunk_type:b'F', body_size:52, channel:35)
2026-09-12 23:22:46,595 read
2026-09-12 23:22:46,598 received header: Header(type:b'MSG', chunk_type:b'F', body_size:60, channel:35)
2026-09-12 23:22:48,725 read
2026-09-12 23:22:48,729 received header: Header(type:b'MSG', chunk_type:b'F', body_size:52, channel:35)
2026-09-12 23:22:48,729 read
2026-09-12 23:22:48,733 received header: Header(type:b'MSG', chunk_type:b'F', body_size:60, channel:35)
2026-09-12 23:22:49,156 read
2026-09-12 23:22:49,161 received header: Header(type:b'MSG', chunk_type:b'F', body_size:52, channel:35)
2026-09-12 23:22:50,860 read
2026-09-12 23:22:50,864 received header: Header(type:b'MSG', chunk_type:b'F', body_size:52, channel:35)
2026-09-12 23:22:50,864 read
2026-09-12 23:22:50,869 received header: Header(type:b'MSG', chunk_type:b'F', body_size:60, channel:35)
2026-09-12 23:22:52,161 read
2026-09-12 23:22:52,166 received header: Header(type:b'MSG', chunk_type:b'F', body_size:52, channel:35)
2026-09-12 23:22:52,995 read
2026-09-12 23:22:52,999 received header: Header(type:b'MSG', chunk_type:b'F', body_size:52, channel:35)
2026-09-12 23:22:52,999 read
2026-09-12 23:22:53,002 received header: Header(type:b'MSG', chunk_type:b'F', body_size:60, channel:35)
2026-09-12 23:22:55,128 read
2026-09-12 23:22:55,131 received header: Header(type:b'MSG', chunk_type:b'F', body_size:52, channel:35)
2026-09-12 23:22:55,131 read
2026-09-12 23:22:55,135 received header: Header(type:b'MSG', chunk_type:b'F', body_size:60, channel:35)
2026-09-12 23:22:55,166 read
2026-09-12 23:22:55,169 received header: Header(type:b'MSG', chunk_type:b'F', body_size:52, channel:35)
2026-09-12 23:22:57,259 read
2026-09-12 23:22:57,263 received header: Header(type:b'MSG', chunk_type:b'F', body_size:52, channel:35)
2026-09-12 23:22:57,263 read
2026-09-12 23:22:57,267 received header: Header(type:b'MSG', chunk_type:b'F', body_size:60, channel:35)
2026-09-12 23:22:58,170 read
2026-09-12 23:22:58,174 received header: Header(type:b'MSG', chunk_type:b'F', body_size:52, channel:35)
2026-09-12 23:22:59,391 read
2026-09-12 23:22:59,398 received header: Header(type:b'MSG', chunk_type:b'F', body_size:52, channel:35)
2026-09-12 23:22:59,399 read
2026-09-12 23:22:59,402 received header: Header(type:b'MSG', chunk_type:b'F', body_size:60, channel:35)
2026-09-12 23:23:01,174 read
2026-09-12 23:23:01,178 received header: Header(type:b'MSG', chunk_type:b'F', body_size:52, channel:35)
2026-09-12 23:23:01,526 read
2026-09-12 23:23:01,530 received header: Header(type:b'MSG', chunk_type:b'F', body_size:52, channel:35)
2026-09-12 23:23:01,530 read
2026-09-12 23:23:01,533 received header: Header(type:b'MSG', chunk_type:b'F', body_size:60, channel:35)
2026-09-12 23:23:03,659 read
2026-09-12 23:23:03,663 received header: Header(type:b'MSG', chunk_type:b'F', body_size:52, channel:35)
2026-09-12 23:23:03,663 read
2026-09-12 23:23:03,667 received header: Header(type:b'MSG', chunk_type:b'F', body_size:60, channel:35)
2026-09-12 23:23:04,179 read
2026-09-12 23:23:04,183 received header: Header(type:b'MSG', chunk_type:b'F', body_size:52, channel:35)
2026-09-12 23:23:05,792 read
2026-09-12 23:23:05,795 received header: Header(type:b'MSG', chunk_type:b'F', body_size:52, channel:35)
2026-09-12 23:23:05,796 read
2026-09-12 23:23:05,798 received header: Header(type:b'MSG', chunk_type:b'F', body_size:60, channel:35)
2026-09-12 23:23:07,184 read
2026-09-12 23:23:07,188 received header: Header(type:b'MSG', chunk_type:b'F', body_size:52, channel:35)
2026-09-12 23:23:07,924 read
2026-09-12 23:23:07,928 received header: Header(type:b'MSG', chunk_type:b'F', body_size:52, channel:35)
2026-09-12 23:23:07,928 read
2026-09-12 23:23:07,931 received header: Header(type:b'MSG', chunk_type:b'F', body_size:60, channel:35)
2026-09-12 23:23:10,057 read
2026-09-12 23:23:10,060 received header: Header(type:b'MSG', chunk_type:b'F', body_size:52, channel:35)
2026-09-12 23:23:10,060 read
2026-09-12 23:23:10,064 received header: Header(type:b'MSG', chunk_type:b'F', body_size:60, channel:35)
2026-09-12 23:23:10,188 read
2026-09-12 23:23:10,192 received header: Header(type:b'MSG', chunk_type:b'F', body_size:52, channel:35)
2026-09-12 23:23:12,189 read
2026-09-12 23:23:12,192 received header: Header(type:b'MSG', chunk_type:b'F', body_size:52, channel:35)
2026-09-12 23:23:12,192 read
2026-09-12 23:23:12,195 received header: Header(type:b'MSG', chunk_type:b'F', body_size:60, channel:35)
2026-09-12 23:23:13,192 read
2026-09-12 23:23:13,195 received header: Header(type:b'MSG', chunk_type:b'F', body_size:52, channel:35)
2026-09-12 23:23:14,319 read
2026-09-12 23:23:14,325 received header: Header(type:b'MSG', chunk_type:b'F', body_size:52, channel:35)
2026-09-12 23:23:14,325 read
2026-09-12 23:23:14,329 received header: Header(type:b'MSG', chunk_type:b'F', body_size:60, channel:35)
2026-09-12 23:23:16,196 read
2026-09-12 23:23:16,200 received header: Header(type:b'MSG', chunk_type:b'F', body_size:52, channel:35)
2026-09-12 23:23:16,452 read
2026-09-12 23:23:16,457 received header: Header(type:b'MSG', chunk_type:b'F', body_size:52, channel:35)
2026-09-12 23:23:16,458 read
2026-09-12 23:23:16,460 received header: Header(type:b'MSG', chunk_type:b'F', body_size:60, channel:35)
2026-09-12 23:23:18,588 read
2026-09-12 23:23:18,592 received header: Header(type:b'MSG', chunk_type:b'F', body_size:52, channel:35)
2026-09-12 23:23:18,593 read
2026-09-12 23:23:18,595 received header: Header(type:b'MSG', chunk_type:b'F', body_size:60, channel:35)
2026-09-12 23:23:19,200 read
2026-09-12 23:23:19,204 received header: Header(type:b'MSG', chunk_type:b'F', body_size:52, channel:35)
2026-09-12 23:23:20,720 read
2026-09-12 23:23:20,723 received header: Header(type:b'MSG', chunk_type:b'F', body_size:52, channel:35)
2026-09-12 23:23:20,723 read
2026-09-12 23:23:20,726 received header: Header(type:b'MSG', chunk_type:b'F', body_size:60, channel:35)
2026-09-12 23:23:22,204 read
2026-09-12 23:23:22,208 received header: Header(type:b'MSG', chunk_type:b'F', body_size:52, channel:35)
2026-09-12 23:23:22,850 read
2026-09-12 23:23:22,854 received header: Header(type:b'MSG', chunk_type:b'F', body_size:52, channel:35)
2026-09-12 23:23:22,854 read
2026-09-12 23:23:22,858 received header: Header(type:b'MSG', chunk_type:b'F', body_size:60, channel:35)
2026-09-12 23:23:24,982 read
2026-09-12 23:23:24,986 received header: Header(type:b'MSG', chunk_type:b'F', body_size:52, channel:35)
2026-09-12 23:23:24,986 read
2026-09-12 23:23:24,989 received header: Header(type:b'MSG', chunk_type:b'F', body_size:60, channel:35)
2026-09-12 23:23:25,208 read
2026-09-12 23:23:25,211 received header: Header(type:b'MSG', chunk_type:b'F', body_size:52, channel:35)
2026-09-12 23:23:27,114 read
2026-09-12 23:23:27,117 received header: Header(type:b'MSG', chunk_type:b'F', body_size:52, channel:35)
2026-09-12 23:23:27,118 read
2026-09-12 23:23:27,120 received header: Header(type:b'MSG', chunk_type:b'F', body_size:60, channel:35)
2026-09-12 23:23:28,212 read
2026-09-12 23:23:28,216 received header: Header(type:b'MSG', chunk_type:b'F', body_size:52, channel:35)
2026-09-12 23:23:29,246 read
2026-09-12 23:23:29,249 received header: Header(type:b'MSG', chunk_type:b'F', body_size:52, channel:35)
2026-09-12 23:23:29,249 read
2026-09-12 23:23:29,254 received header: Header(type:b'MSG', chunk_type:b'F', body_size:60, channel:35)
2026-09-12 23:23:31,217 read
2026-09-12 23:23:31,220 received header: Header(type:b'MSG', chunk_type:b'F', body_size:52, channel:35)
2026-09-12 23:23:31,380 read
2026-09-12 23:23:31,383 received header: Header(type:b'MSG', chunk_type:b'F', body_size:52, channel:35)
2026-09-12 23:23:31,384 read
2026-09-12 23:23:31,386 received header: Header(type:b'MSG', chunk_type:b'F', body_size:60, channel:35)
2026-09-12 23:23:33,510 read
2026-09-12 23:23:33,513 received header: Header(type:b'MSG', chunk_type:b'F', body_size:52, channel:35)
2026-09-12 23:23:33,513 read
2026-09-12 23:23:33,516 received header: Header(type:b'MSG', chunk_type:b'F', body_size:60, channel:35)
2026-09-12 23:23:34,221 read
2026-09-12 23:23:34,224 received header: Header(type:b'MSG', chunk_type:b'F', body_size:52, channel:35)
2026-09-12 23:23:35,642 read
2026-09-12 23:23:35,648 received header: Header(type:b'MSG', chunk_type:b'F', body_size:52, channel:35)
2026-09-12 23:23:35,648 read
2026-09-12 23:23:35,651 received header: Header(type:b'MSG', chunk_type:b'F', body_size:60, channel:35)
2026-09-12 23:23:37,225 read
2026-09-12 23:23:37,228 received header: Header(type:b'MSG', chunk_type:b'F', body_size:52, channel:35)
2026-09-12 23:23:37,775 read
2026-09-12 23:23:37,778 received header: Header(type:b'MSG', chunk_type:b'F', body_size:52, channel:35)
2026-09-12 23:23:37,779 read
2026-09-12 23:23:37,781 received header: Header(type:b'MSG', chunk_type:b'F', body_size:60, channel:35)
2026-09-12 23:23:39,904 read
2026-09-12 23:23:39,908 received header: Header(type:b'MSG', chunk_type:b'F', body_size:52, channel:35)
2026-09-12 23:23:39,908 read
2026-09-12 23:23:39,911 received header: Header(type:b'MSG', chunk_type:b'F', body_size:60, channel:35)
2026-09-12 23:23:40,229 read
2026-09-12 23:23:40,232 received header: Header(type:b'MSG', chunk_type:b'F', body_size:52, channel:35)
2026-09-12 23:23:42,037 read
2026-09-12 23:23:42,041 received header: Header(type:b'MSG', chunk_type:b'F', body_size:52, channel:35)
2026-09-12 23:23:42,042 read
2026-09-12 23:23:42,045 received header: Header(type:b'MSG', chunk_type:b'F', body_size:60, channel:35)
2026-09-12 23:23:43,233 read
2026-09-12 23:23:43,236 received header: Header(type:b'MSG', chunk_type:b'F', body_size:52, channel:35)
2026-09-12 23:23:44,169 read
2026-09-12 23:23:44,173 received header: Header(type:b'MSG', chunk_type:b'F', body_size:52, channel:35)
2026-09-12 23:23:44,173 read
2026-09-12 23:23:44,176 received header: Header(type:b'MSG', chunk_type:b'F', body_size:60, channel:35)
2026-09-12 23:23:46,237 read
2026-09-12 23:23:46,274 received header: Header(type:b'MSG', chunk_type:b'F', body_size:52, channel:35)
2026-09-12 23:23:46,301 read
2026-09-12 23:23:46,305 received header: Header(type:b'MSG', chunk_type:b'F', body_size:52, channel:35)
2026-09-12 23:23:46,305 read
2026-09-12 23:23:46,308 received header: Header(type:b'MSG', chunk_type:b'F', body_size:60, channel:35)
2026-09-12 23:23:48,432 read
2026-09-12 23:23:48,436 received header: Header(type:b'MSG', chunk_type:b'F', body_size:52, channel:35)
2026-09-12 23:23:48,436 read
2026-09-12 23:23:48,439 received header: Header(type:b'MSG', chunk_type:b'F', body_size:60, channel:35)
2026-09-12 23:23:49,301 read
2026-09-12 23:23:49,304 received header: Header(type:b'MSG', chunk_type:b'F', body_size:52, channel:35)
2026-09-12 23:23:50,563 read
2026-09-12 23:23:50,567 received header: Header(type:b'MSG', chunk_type:b'F', body_size:52, channel:35)
2026-09-12 23:23:50,567 read
2026-09-12 23:23:50,570 received header: Header(type:b'MSG', chunk_type:b'F', body_size:60, channel:35)
2026-09-12 23:23:52,305 read
2026-09-12 23:23:52,309 received header: Header(type:b'MSG', chunk_type:b'F', body_size:52, channel:35)
2026-09-12 23:23:52,694 read
2026-09-12 23:23:52,698 received header: Header(type:b'MSG', chunk_type:b'F', body_size:52, channel:35)
2026-09-12 23:23:52,698 read
2026-09-12 23:23:52,702 received header: Header(type:b'MSG', chunk_type:b'F', body_size:60, channel:35)
2026-09-12 23:23:54,826 read
2026-09-12 23:23:54,830 received header: Header(type:b'MSG', chunk_type:b'F', body_size:52, channel:35)
2026-09-12 23:23:54,830 read
2026-09-12 23:23:54,833 received header: Header(type:b'MSG', chunk_type:b'F', body_size:60, channel:35)
2026-09-12 23:23:55,310 read
2026-09-12 23:23:55,313 received header: Header(type:b'MSG', chunk_type:b'F', body_size:52, channel:35)
2026-09-12 23:23:56,959 read
2026-09-12 23:23:56,964 received header: Header(type:b'MSG', chunk_type:b'F', body_size:52, channel:35)
2026-09-12 23:23:56,964 read
2026-09-12 23:23:56,967 received header: Header(type:b'MSG', chunk_type:b'F', body_size:60, channel:35)
2026-09-12 23:23:58,313 read
2026-09-12 23:23:58,318 received header: Header(type:b'MSG', chunk_type:b'F', body_size:52, channel:35)
2026-09-12 23:23:59,091 read
2026-09-12 23:23:59,097 received header: Header(type:b'MSG', chunk_type:b'F', body_size:52, channel:35)
2026-09-12 23:23:59,097 read
2026-09-12 23:23:59,100 received header: Header(type:b'MSG', chunk_type:b'F', body_size:60, channel:35)
2026-09-12 23:24:01,225 read
2026-09-12 23:24:01,228 received header: Header(type:b'MSG', chunk_type:b'F', body_size:52, channel:35)
2026-09-12 23:24:01,229 read
2026-09-12 23:24:01,232 received header: Header(type:b'MSG', chunk_type:b'F', body_size:60, channel:35)
2026-09-12 23:24:01,318 read
2026-09-12 23:24:01,322 received header: Header(type:b'MSG', chunk_type:b'F', body_size:52, channel:35)
2026-09-12 23:24:03,355 read
2026-09-12 23:24:03,359 received header: Header(type:b'MSG', chunk_type:b'F', body_size:52, channel:35)
2026-09-12 23:24:03,359 read
2026-09-12 23:24:03,363 received header: Header(type:b'MSG', chunk_type:b'F', body_size:60, channel:35)
2026-09-12 23:24:04,140 open_secure_channel
2026-09-12 23:24:04,142 received header: Header(type:b'OPN', chunk_type:b'F', body_size:123, channel:35)
2026-09-12 23:24:04,142 read
2026-09-12 23:24:04,145 received header: Header(type:b'MSG', chunk_type:b'F', body_size:62, channel:35)
2026-09-12 23:24:04,322 read
2026-09-12 23:24:04,325 received header: Header(type:b'MSG', chunk_type:b'F', body_size:52, channel:35)
2026-09-12 23:24:05,489 read
2026-09-12 23:24:05,493 received header: Header(type:b'MSG', chunk_type:b'F', body_size:52, channel:35)
2026-09-12 23:24:05,493 read
2026-09-12 23:24:05,497 received header: Header(type:b'MSG', chunk_type:b'F', body_size:60, channel:35)
2026-09-12 23:24:07,326 read
2026-09-12 23:24:07,329 received header: Header(type:b'MSG', chunk_type:b'F', body_size:52, channel:35)
2026-09-12 23:24:07,622 read
2026-09-12 23:24:07,627 received header: Header(type:b'MSG', chunk_type:b'F', body_size:52, channel:35)
2026-09-12 23:24:07,627 read
2026-09-12 23:24:07,630 received header: Header(type:b'MSG', chunk_type:b'F', body_size:60, channel:35)
2026-09-12 23:24:09,755 read
2026-09-12 23:24:09,759 received header: Header(type:b'MSG', chunk_type:b'F', body_size:52, channel:35)
2026-09-12 23:24:09,759 read
2026-09-12 23:24:09,762 received header: Header(type:b'MSG', chunk_type:b'F', body_size:60, channel:35)
2026-09-12 23:24:10,330 read
2026-09-12 23:24:10,335 received header: Header(type:b'MSG', chunk_type:b'F', body_size:52, channel:35)
2026-09-12 23:24:11,886 read
2026-09-12 23:24:11,890 received header: Header(type:b'MSG', chunk_type:b'F', body_size:52, channel:35)
2026-09-12 23:24:11,890 read
2026-09-12 23:24:11,893 received header: Header(type:b'MSG', chunk_type:b'F', body_size:60, channel:35)
2026-09-12 23:24:13,335 read
2026-09-12 23:24:13,339 received header: Header(type:b'MSG', chunk_type:b'F', body_size:52, channel:35)
2026-09-12 23:24:14,019 read
2026-09-12 23:24:14,023 received header: Header(type:b'MSG', chunk_type:b'F', body_size:52, channel:35)
2026-09-12 23:24:14,023 read
2026-09-12 23:24:14,026 received header: Header(type:b'MSG', chunk_type:b'F', body_size:60, channel:35)
2026-09-12 23:24:16,149 read
2026-09-12 23:24:16,153 received header: Header(type:b'MSG', chunk_type:b'F', body_size:52, channel:35)
2026-09-12 23:24:16,153 read
2026-09-12 23:24:16,156 received header: Header(type:b'MSG', chunk_type:b'F', body_size:60, channel:35)
2026-09-12 23:24:16,339 read
2026-09-12 23:24:16,343 received header: Header(type:b'MSG', chunk_type:b'F', body_size:52, channel:35)
2026-09-12 23:24:18,279 read
2026-09-12 23:24:18,282 received header: Header(type:b'MSG', chunk_type:b'F', body_size:52, channel:35)
2026-09-12 23:24:18,282 read
2026-09-12 23:24:18,287 received header: Header(type:b'MSG', chunk_type:b'F', body_size:60, channel:35)
2026-09-12 23:24:19,343 read
2026-09-12 23:24:19,347 received header: Header(type:b'MSG', chunk_type:b'F', body_size:52, channel:35)
2026-09-12 23:24:20,410 read
2026-09-12 23:24:20,415 received header: Header(type:b'MSG', chunk_type:b'F', body_size:52, channel:35)
2026-09-12 23:24:20,415 read
2026-09-12 23:24:20,418 received header: Header(type:b'MSG', chunk_type:b'F', body_size:60, channel:35)
2026-09-12 23:24:22,347 read
2026-09-12 23:24:22,351 received header: Header(type:b'MSG', chunk_type:b'F', body_size:52, channel:35)
2026-09-12 23:24:22,546 read
2026-09-12 23:24:22,550 received header: Header(type:b'MSG', chunk_type:b'F', body_size:52, channel:35)
2026-09-12 23:24:22,550 read
2026-09-12 23:24:22,553 received header: Header(type:b'MSG', chunk_type:b'F', body_size:60, channel:35)
2026-09-12 23:24:24,678 read
2026-09-12 23:24:24,681 received header: Header(type:b'MSG', chunk_type:b'F', body_size:52, channel:35)
2026-09-12 23:24:24,682 read
2026-09-12 23:24:24,684 received header: Header(type:b'MSG', chunk_type:b'F', body_size:60, channel:35)
2026-09-12 23:24:25,351 read
2026-09-12 23:24:25,354 received header: Header(type:b'MSG', chunk_type:b'F', body_size:52, channel:35)
2026-09-12 23:24:26,808 read
2026-09-12 23:24:26,813 received header: Header(type:b'MSG', chunk_type:b'F', body_size:52, channel:35)
2026-09-12 23:24:26,814 read
2026-09-12 23:24:26,816 received header: Header(type:b'MSG', chunk_type:b'F', body_size:60, channel:35)
2026-09-12 23:24:28,355 read
2026-09-12 23:24:28,359 received header: Header(type:b'MSG', chunk_type:b'F', body_size:52, channel:35)
2026-09-12 23:24:28,941 read
2026-09-12 23:24:28,944 received header: Header(type:b'MSG', chunk_type:b'F', body_size:52, channel:35)
2026-09-12 23:24:28,944 read
2026-09-12 23:24:28,947 received header: Header(type:b'MSG', chunk_type:b'F', body_size:60, channel:35)
2026-09-12 23:24:31,072 read
2026-09-12 23:24:31,075 received header: Header(type:b'MSG', chunk_type:b'F', body_size:52, channel:35)
2026-09-12 23:24:31,076 read
2026-09-12 23:24:31,078 received header: Header(type:b'MSG', chunk_type:b'F', body_size:60, channel:35)
2026-09-12 23:24:31,359 read
2026-09-12 23:24:31,362 received header: Header(type:b'MSG', chunk_type:b'F', body_size:52, channel:35)
2026-09-12 23:24:33,205 read
2026-09-12 23:24:33,208 received header: Header(type:b'MSG', chunk_type:b'F', body_size:52, channel:35)
2026-09-12 23:24:33,209 read
2026-09-12 23:24:33,212 received header: Header(type:b'MSG', chunk_type:b'F', body_size:60, channel:35)
2026-09-12 23:24:34,363 read
2026-09-12 23:24:34,366 received header: Header(type:b'MSG', chunk_type:b'F', body_size:52, channel:35)
2026-09-12 23:24:35,338 read
2026-09-12 23:24:35,342 received header: Header(type:b'MSG', chunk_type:b'F', body_size:52, channel:35)
2026-09-12 23:24:35,342 read
2026-09-12 23:24:35,345 received header: Header(type:b'MSG', chunk_type:b'F', body_size:60, channel:35)
2026-09-12 23:24:37,367 read
2026-09-12 23:24:37,370 received header: Header(type:b'MSG', chunk_type:b'F', body_size:52, channel:35)
2026-09-12 23:24:37,471 read
2026-09-12 23:24:37,475 received header: Header(type:b'MSG', chunk_type:b'F', body_size:52, channel:35)
2026-09-12 23:24:37,475 read
2026-09-12 23:24:37,479 received header: Header(type:b'MSG', chunk_type:b'F', body_size:60, channel:35)
2026-09-12 23:24:39,604 read
2026-09-12 23:24:39,608 received header: Header(type:b'MSG', chunk_type:b'F', body_size:52, channel:35)
2026-09-12 23:24:39,608 read
2026-09-12 23:24:39,612 received header: Header(type:b'MSG', chunk_type:b'F', body_size:60, channel:35)
2026-09-12 23:24:40,370 read
2026-09-12 23:24:40,374 received header: Header(type:b'MSG', chunk_type:b'F', body_size:52, channel:35)
2026-09-12 23:24:41,740 read
2026-09-12 23:24:41,744 received header: Header(type:b'MSG', chunk_type:b'F', body_size:52, channel:35)
2026-09-12 23:24:41,744 read
2026-09-12 23:24:41,747 received header: Header(type:b'MSG', chunk_type:b'F', body_size:60, channel:35)
2026-09-12 23:24:43,374 read
2026-09-12 23:24:43,379 received header: Header(type:b'MSG', chunk_type:b'F', body_size:52, channel:35)
2026-09-12 23:24:43,871 read
2026-09-12 23:24:43,874 received header: Header(type:b'MSG', chunk_type:b'F', body_size:52, channel:35)
2026-09-12 23:24:43,875 read
2026-09-12 23:24:43,881 received header: Header(type:b'MSG', chunk_type:b'F', body_size:60, channel:35)
2026-09-12 23:24:46,005 read
2026-09-12 23:24:46,009 received header: Header(type:b'MSG', chunk_type:b'F', body_size:52, channel:35)
2026-09-12 23:24:46,009 read
2026-09-12 23:24:46,013 received header: Header(type:b'MSG', chunk_type:b'F', body_size:60, channel:35)
2026-09-12 23:24:46,380 read
2026-09-12 23:24:46,385 received header: Header(type:b'MSG', chunk_type:b'F', body_size:52, channel:35)
2026-09-12 23:24:48,140 read
2026-09-12 23:24:48,144 received header: Header(type:b'MSG', chunk_type:b'F', body_size:52, channel:35)
2026-09-12 23:24:48,144 read
2026-09-12 23:24:48,149 received header: Header(type:b'MSG', chunk_type:b'F', body_size:60, channel:35)
2026-09-12 23:24:49,385 read
2026-09-12 23:24:49,389 received header: Header(type:b'MSG', chunk_type:b'F', body_size:52, channel:35)
2026-09-12 23:24:50,272 read
2026-09-12 23:24:50,276 received header: Header(type:b'MSG', chunk_type:b'F', body_size:52, channel:35)
2026-09-12 23:24:50,276 read
2026-09-12 23:24:50,279 received header: Header(type:b'MSG', chunk_type:b'F', body_size:60, channel:35)
2026-09-12 23:24:52,399 read
2026-09-12 23:24:52,403 read
2026-09-12 23:24:52,407 received header: Header(type:b'MSG', chunk_type:b'F', body_size:52, channel:35)
2026-09-12 23:24:52,414 received header: Header(type:b'MSG', chunk_type:b'F', body_size:52, channel:35)
2026-09-12 23:24:52,414 read
2026-09-12 23:24:52,417 received header: Header(type:b'MSG', chunk_type:b'F', body_size:60, channel:35)
2026-09-12 23:24:54,542 read
2026-09-12 23:24:54,545 received header: Header(type:b'MSG', chunk_type:b'F', body_size:52, channel:35)
2026-09-12 23:24:54,545 read
2026-09-12 23:24:54,549 received header: Header(type:b'MSG', chunk_type:b'F', body_size:60, channel:35)
2026-09-12 23:24:55,407 read
2026-09-12 23:24:55,411 received header: Header(type:b'MSG', chunk_type:b'F', body_size:52, channel:35)
2026-09-12 23:24:56,673 read
2026-09-12 23:24:56,676 received header: Header(type:b'MSG', chunk_type:b'F', body_size:52, channel:35)
2026-09-12 23:24:56,676 read
2026-09-12 23:24:56,679 received header: Header(type:b'MSG', chunk_type:b'F', body_size:60, channel:35)
2026-09-12 23:24:58,411 read
2026-09-12 23:24:58,415 received header: Header(type:b'MSG', chunk_type:b'F', body_size:52, channel:35)
2026-09-12 23:24:58,804 read
2026-09-12 23:24:58,809 received header: Header(type:b'MSG', chunk_type:b'F', body_size:52, channel:35)
2026-09-12 23:24:58,810 read
2026-09-12 23:24:58,812 received header: Header(type:b'MSG', chunk_type:b'F', body_size:60, channel:35)
2026-09-12 23:25:00,936 read
2026-09-12 23:25:00,941 received header: Header(type:b'MSG', chunk_type:b'F', body_size:52, channel:35)
2026-09-12 23:25:00,941 read
2026-09-12 23:25:00,944 received header: Header(type:b'MSG', chunk_type:b'F', body_size:60, channel:35)
2026-09-12 23:25:01,415 read
2026-09-12 23:25:01,419 received header: Header(type:b'MSG', chunk_type:b'F', body_size:52, channel:35)
2026-09-12 23:25:03,071 read
2026-09-12 23:25:03,075 received header: Header(type:b'MSG', chunk_type:b'F', body_size:52, channel:35)
2026-09-12 23:25:03,075 read
2026-09-12 23:25:03,078 received header: Header(type:b'MSG', chunk_type:b'F', body_size:60, channel:35)
2026-09-12 23:25:04,420 read
2026-09-12 23:25:04,425 received header: Header(type:b'MSG', chunk_type:b'F', body_size:52, channel:35)
2026-09-12 23:25:05,201 read
2026-09-12 23:25:05,205 received header: Header(type:b'MSG', chunk_type:b'F', body_size:52, channel:35)
2026-09-12 23:25:05,205 read
2026-09-12 23:25:05,209 received header: Header(type:b'MSG', chunk_type:b'F', body_size:60, channel:35)
2026-09-12 23:25:07,331 read
2026-09-12 23:25:07,335 received header: Header(type:b'MSG', chunk_type:b'F', body_size:52, channel:35)
2026-09-12 23:25:07,335 read
2026-09-12 23:25:07,338 received header: Header(type:b'MSG', chunk_type:b'F', body_size:60, channel:35)
2026-09-12 23:25:07,425 read
2026-09-12 23:25:07,429 received header: Header(type:b'MSG', chunk_type:b'F', body_size:52, channel:35)
2026-09-12 23:25:09,461 read
2026-09-12 23:25:09,465 received header: Header(type:b'MSG', chunk_type:b'F', body_size:52, channel:35)
2026-09-12 23:25:09,465 read
2026-09-12 23:25:09,468 received header: Header(type:b'MSG', chunk_type:b'F', body_size:60, channel:35)
2026-09-12 23:25:10,429 read
2026-09-12 23:25:10,433 received header: Header(type:b'MSG', chunk_type:b'F', body_size:52, channel:35)
2026-09-12 23:25:11,593 read
2026-09-12 23:25:11,596 received header: Header(type:b'MSG', chunk_type:b'F', body_size:52, channel:35)
2026-09-12 23:25:11,596 read
2026-09-12 23:25:11,601 received header: Header(type:b'MSG', chunk_type:b'F', body_size:60, channel:35)
2026-09-12 23:25:13,433 read
2026-09-12 23:25:13,436 received header: Header(type:b'MSG', chunk_type:b'F', body_size:52, channel:35)
2026-09-12 23:25:13,726 read
2026-09-12 23:25:13,730 received header: Header(type:b'MSG', chunk_type:b'F', body_size:52, channel:35)
2026-09-12 23:25:13,730 read
2026-09-12 23:25:13,733 received header: Header(type:b'MSG', chunk_type:b'F', body_size:60, channel:35)
2026-09-12 23:25:15,857 read
2026-09-12 23:25:15,861 received header: Header(type:b'MSG', chunk_type:b'F', body_size:52, channel:35)
2026-09-12 23:25:15,861 read
2026-09-12 23:25:15,863 received header: Header(type:b'MSG', chunk_type:b'F', body_size:60, channel:35)
2026-09-12 23:25:16,437 read
2026-09-12 23:25:16,440 received header: Header(type:b'MSG', chunk_type:b'F', body_size:52, channel:35)
2026-09-12 23:25:17,987 read
2026-09-12 23:25:17,991 received header: Header(type:b'MSG', chunk_type:b'F', body_size:52, channel:35)
2026-09-12 23:25:17,991 read
2026-09-12 23:25:17,994 received header: Header(type:b'MSG', chunk_type:b'F', body_size:60, channel:35)
2026-09-12 23:25:19,441 read
2026-09-12 23:25:19,445 received header: Header(type:b'MSG', chunk_type:b'F', body_size:52, channel:35)
2026-09-12 23:25:20,118 read
2026-09-12 23:25:20,122 received header: Header(type:b'MSG', chunk_type:b'F', body_size:52, channel:35)
2026-09-12 23:25:20,122 read
2026-09-12 23:25:20,125 received header: Header(type:b'MSG', chunk_type:b'F', body_size:60, channel:35)
2026-09-12 23:25:22,253 read
2026-09-12 23:25:22,256 received header: Header(type:b'MSG', chunk_type:b'F', body_size:52, channel:35)
2026-09-12 23:25:22,256 read
2026-09-12 23:25:22,259 received header: Header(type:b'MSG', chunk_type:b'F', body_size:60, channel:35)
2026-09-12 23:25:22,445 read
2026-09-12 23:25:22,449 received header: Header(type:b'MSG', chunk_type:b'F', body_size:52, channel:35)
2026-09-12 23:25:24,381 read
2026-09-12 23:25:24,387 received header: Header(type:b'MSG', chunk_type:b'F', body_size:52, channel:35)
2026-09-12 23:25:24,388 read
2026-09-12 23:25:24,391 received header: Header(type:b'MSG', chunk_type:b'F', body_size:60, channel:35)
2026-09-12 23:25:25,449 read
2026-09-12 23:25:25,453 received header: Header(type:b'MSG', chunk_type:b'F', body_size:52, channel:35)
2026-09-12 23:25:26,513 read
2026-09-12 23:25:26,517 received header: Header(type:b'MSG', chunk_type:b'F', body_size:52, channel:35)
2026-09-12 23:25:26,517 read
2026-09-12 23:25:26,522 received header: Header(type:b'MSG', chunk_type:b'F', body_size:60, channel:35)
2026-09-12 23:25:28,145 open_secure_channel
2026-09-12 23:25:28,147 received header: Header(type:b'OPN', chunk_type:b'F', body_size:123, channel:35)
2026-09-12 23:25:28,147 read
2026-09-12 23:25:28,150 received header: Header(type:b'MSG', chunk_type:b'F', body_size:62, channel:35)
2026-09-12 23:25:28,453 read
2026-09-12 23:25:28,457 received header: Header(type:b'MSG', chunk_type:b'F', body_size:52, channel:35)
2026-09-12 23:25:28,648 read
2026-09-12 23:25:28,651 received header: Header(type:b'MSG', chunk_type:b'F', body_size:52, channel:35)
2026-09-12 23:25:28,652 read
2026-09-12 23:25:28,656 received header: Header(type:b'MSG', chunk_type:b'F', body_size:60, channel:35)
2026-09-12 23:25:30,779 read
2026-09-12 23:25:30,784 received header: Header(type:b'MSG', chunk_type:b'F', body_size:52, channel:35)
2026-09-12 23:25:30,784 read
2026-09-12 23:25:30,787 received header: Header(type:b'MSG', chunk_type:b'F', body_size:60, channel:35)
2026-09-12 23:25:31,457 read
2026-09-12 23:25:31,462 received header: Header(type:b'MSG', chunk_type:b'F', body_size:52, channel:35)
2026-09-12 23:25:32,913 read
2026-09-12 23:25:32,916 received header: Header(type:b'MSG', chunk_type:b'F', body_size:52, channel:35)
2026-09-12 23:25:32,916 read
2026-09-12 23:25:32,920 received header: Header(type:b'MSG', chunk_type:b'F', body_size:60, channel:35)
2026-09-12 23:25:34,462 read
2026-09-12 23:25:34,466 received header: Header(type:b'MSG', chunk_type:b'F', body_size:52, channel:35)
2026-09-12 23:25:35,044 read
2026-09-12 23:25:35,047 received header: Header(type:b'MSG', chunk_type:b'F', body_size:52, channel:35)
2026-09-12 23:25:35,047 read
2026-09-12 23:25:35,050 received header: Header(type:b'MSG', chunk_type:b'F', body_size:60, channel:35)
2026-09-12 23:25:37,175 read
2026-09-12 23:25:37,179 received header: Header(type:b'MSG', chunk_type:b'F', body_size:52, channel:35)
2026-09-12 23:25:37,179 read
2026-09-12 23:25:37,182 received header: Header(type:b'MSG', chunk_type:b'F', body_size:60, channel:35)
2026-09-12 23:25:37,467 read
2026-09-12 23:25:37,471 received header: Header(type:b'MSG', chunk_type:b'F', body_size:52, channel:35)
2026-09-12 23:25:39,306 read
2026-09-12 23:25:39,309 received header: Header(type:b'MSG', chunk_type:b'F', body_size:52, channel:35)
2026-09-12 23:25:39,310 read
2026-09-12 23:25:39,312 received header: Header(type:b'MSG', chunk_type:b'F', body_size:60, channel:35)
2026-09-12 23:25:40,471 read
2026-09-12 23:25:40,474 received header: Header(type:b'MSG', chunk_type:b'F', body_size:52, channel:35)
2026-09-12 23:25:41,437 read
2026-09-12 23:25:41,440 received header: Header(type:b'MSG', chunk_type:b'F', body_size:52, channel:35)
2026-09-12 23:25:41,440 read
2026-09-12 23:25:41,443 received header: Header(type:b'MSG', chunk_type:b'F', body_size:60, channel:35)
2026-09-12 23:25:43,474 read
2026-09-12 23:25:43,478 received header: Header(type:b'MSG', chunk_type:b'F', body_size:52, channel:35)
2026-09-12 23:25:43,566 read
2026-09-12 23:25:43,569 received header: Header(type:b'MSG', chunk_type:b'F', body_size:52, channel:35)
2026-09-12 23:25:43,570 read
2026-09-12 23:25:43,572 received header: Header(type:b'MSG', chunk_type:b'F', body_size:60, channel:35)
2026-09-12 23:25:45,696 read
2026-09-12 23:25:45,701 received header: Header(type:b'MSG', chunk_type:b'F', body_size:52, channel:35)
2026-09-12 23:25:45,701 read
2026-09-12 23:25:45,704 received header: Header(type:b'MSG', chunk_type:b'F', body_size:60, channel:35)
2026-09-12 23:25:46,478 read
2026-09-12 23:25:46,482 received header: Header(type:b'MSG', chunk_type:b'F', body_size:52, channel:35)
2026-09-12 23:25:47,830 read
2026-09-12 23:25:47,833 received header: Header(type:b'MSG', chunk_type:b'F', body_size:52, channel:35)
2026-09-12 23:25:47,834 read
2026-09-12 23:25:47,836 received header: Header(type:b'MSG', chunk_type:b'F', body_size:60, channel:35)
2026-09-12 23:25:49,483 read
2026-09-12 23:25:49,486 received header: Header(type:b'MSG', chunk_type:b'F', body_size:52, channel:35)
2026-09-12 23:25:49,960 read
2026-09-12 23:25:49,964 received header: Header(type:b'MSG', chunk_type:b'F', body_size:52, channel:35)
2026-09-12 23:25:49,964 read
2026-09-12 23:25:49,967 received header: Header(type:b'MSG', chunk_type:b'F', body_size:60, channel:35)
2026-09-12 23:25:52,091 read
2026-09-12 23:25:52,095 received header: Header(type:b'MSG', chunk_type:b'F', body_size:52, channel:35)
2026-09-12 23:25:52,096 read
2026-09-12 23:25:52,098 received header: Header(type:b'MSG', chunk_type:b'F', body_size:60, channel:35)
2026-09-12 23:25:52,486 read
2026-09-12 23:25:52,490 received header: Header(type:b'MSG', chunk_type:b'F', body_size:52, channel:35)
2026-09-12 23:25:54,224 read
2026-09-12 23:25:54,228 received header: Header(type:b'MSG', chunk_type:b'F', body_size:52, channel:35)
2026-09-12 23:25:54,228 read
2026-09-12 23:25:54,231 received header: Header(type:b'MSG', chunk_type:b'F', body_size:60, channel:35)
2026-09-12 23:25:55,490 read
2026-09-12 23:25:55,494 received header: Header(type:b'MSG', chunk_type:b'F', body_size:52, channel:35)
2026-09-12 23:25:56,354 read
2026-09-12 23:25:56,358 received header: Header(type:b'MSG', chunk_type:b'F', body_size:52, channel:35)
2026-09-12 23:25:56,358 read
2026-09-12 23:25:56,360 received header: Header(type:b'MSG', chunk_type:b'F', body_size:60, channel:35)
2026-09-12 23:25:58,484 read
2026-09-12 23:25:58,489 received header: Header(type:b'MSG', chunk_type:b'F', body_size:52, channel:35)
2026-09-12 23:25:58,489 read
2026-09-12 23:25:58,493 received header: Header(type:b'MSG', chunk_type:b'F', body_size:60, channel:35)
2026-09-12 23:25:58,494 read
2026-09-12 23:25:58,497 received header: Header(type:b'MSG', chunk_type:b'F', body_size:52, channel:35)
2026-09-12 23:26:00,617 read
2026-09-12 23:26:00,621 received header: Header(type:b'MSG', chunk_type:b'F', body_size:52, channel:35)
2026-09-12 23:26:00,622 read
2026-09-12 23:26:00,624 received header: Header(type:b'MSG', chunk_type:b'F', body_size:60, channel:35)
2026-09-12 23:26:01,498 read
2026-09-12 23:26:01,502 received header: Header(type:b'MSG', chunk_type:b'F', body_size:52, channel:35)
2026-09-12 23:26:02,749 read
2026-09-12 23:26:02,752 received header: Header(type:b'MSG', chunk_type:b'F', body_size:52, channel:35)
2026-09-12 23:26:02,753 read
2026-09-12 23:26:02,756 received header: Header(type:b'MSG', chunk_type:b'F', body_size:60, channel:35)
2026-09-12 23:26:04,503 read
2026-09-12 23:26:04,506 received header: Header(type:b'MSG', chunk_type:b'F', body_size:52, channel:35)
2026-09-12 23:26:04,880 read
2026-09-12 23:26:04,883 received header: Header(type:b'MSG', chunk_type:b'F', body_size:52, channel:35)
2026-09-12 23:26:04,883 read
2026-09-12 23:26:04,886 received header: Header(type:b'MSG', chunk_type:b'F', body_size:60, channel:35)
2026-09-12 23:26:07,010 read
2026-09-12 23:26:07,014 received header: Header(type:b'MSG', chunk_type:b'F', body_size:52, channel:35)
2026-09-12 23:26:07,014 read
2026-09-12 23:26:07,016 received header: Header(type:b'MSG', chunk_type:b'F', body_size:60, channel:35)
2026-09-12 23:26:07,507 read
2026-09-12 23:26:07,510 received header: Header(type:b'MSG', chunk_type:b'F', body_size:52, channel:35)
2026-09-12 23:26:09,140 read
2026-09-12 23:26:09,144 received header: Header(type:b'MSG', chunk_type:b'F', body_size:52, channel:35)
2026-09-12 23:26:09,144 read
2026-09-12 23:26:09,146 received header: Header(type:b'MSG', chunk_type:b'F', body_size:60, channel:35)
2026-09-12 23:26:10,511 read
2026-09-12 23:26:10,514 received header: Header(type:b'MSG', chunk_type:b'F', body_size:52, channel:35)
2026-09-12 23:26:11,270 read
2026-09-12 23:26:11,275 received header: Header(type:b'MSG', chunk_type:b'F', body_size:52, channel:35)
2026-09-12 23:26:11,275 read
2026-09-12 23:26:11,278 received header: Header(type:b'MSG', chunk_type:b'F', body_size:60, channel:35)
2026-09-12 23:26:13,401 read
2026-09-12 23:26:13,405 received header: Header(type:b'MSG', chunk_type:b'F', body_size:52, channel:35)
2026-09-12 23:26:13,406 read
2026-09-12 23:26:13,410 received header: Header(type:b'MSG', chunk_type:b'F', body_size:60, channel:35)
2026-09-12 23:26:13,515 read
2026-09-12 23:26:13,520 received header: Header(type:b'MSG', chunk_type:b'F', body_size:52, channel:35)
2026-09-12 23:26:15,533 read
2026-09-12 23:26:15,537 received header: Header(type:b'MSG', chunk_type:b'F', body_size:52, channel:35)
2026-09-12 23:26:15,537 read
2026-09-12 23:26:15,540 received header: Header(type:b'MSG', chunk_type:b'F', body_size:60, channel:35)
2026-09-12 23:26:16,520 read
2026-09-12 23:26:16,525 received header: Header(type:b'MSG', chunk_type:b'F', body_size:52, channel:35)
2026-09-12 23:26:17,664 read
2026-09-12 23:26:17,667 received header: Header(type:b'MSG', chunk_type:b'F', body_size:52, channel:35)
2026-09-12 23:26:17,668 read
2026-09-12 23:26:17,670 received header: Header(type:b'MSG', chunk_type:b'F', body_size:60, channel:35)
2026-09-12 23:26:19,525 read
2026-09-12 23:26:19,529 received header: Header(type:b'MSG', chunk_type:b'F', body_size:52, channel:35)
2026-09-12 23:26:19,793 read
2026-09-12 23:26:19,797 received header: Header(type:b'MSG', chunk_type:b'F', body_size:52, channel:35)
2026-09-12 23:26:19,797 read
2026-09-12 23:26:19,801 received header: Header(type:b'MSG', chunk_type:b'F', body_size:60, channel:35)
2026-09-12 23:26:21,925 read
2026-09-12 23:26:21,928 received header: Header(type:b'MSG', chunk_type:b'F', body_size:52, channel:35)
2026-09-12 23:26:21,929 read
2026-09-12 23:26:21,933 received header: Header(type:b'MSG', chunk_type:b'F', body_size:60, channel:35)
2026-09-12 23:26:22,529 read
2026-09-12 23:26:22,533 received header: Header(type:b'MSG', chunk_type:b'F', body_size:52, channel:35)
2026-09-12 23:26:24,059 read
2026-09-12 23:26:24,062 received header: Header(type:b'MSG', chunk_type:b'F', body_size:52, channel:35)
2026-09-12 23:26:24,062 read
2026-09-12 23:26:24,066 received header: Header(type:b'MSG', chunk_type:b'F', body_size:60, channel:35)
2026-09-12 23:26:25,533 read
2026-09-12 23:26:25,537 received header: Header(type:b'MSG', chunk_type:b'F', body_size:52, channel:35)
2026-09-12 23:26:26,191 read
2026-09-12 23:26:26,194 received header: Header(type:b'MSG', chunk_type:b'F', body_size:52, channel:35)
2026-09-12 23:26:26,194 read
2026-09-12 23:26:26,197 received header: Header(type:b'MSG', chunk_type:b'F', body_size:60, channel:35)
2026-09-12 23:26:28,320 read
2026-09-12 23:26:28,324 received header: Header(type:b'MSG', chunk_type:b'F', body_size:52, channel:35)
2026-09-12 23:26:28,325 read
2026-09-12 23:26:28,330 received header: Header(type:b'MSG', chunk_type:b'F', body_size:60, channel:35)
2026-09-12 23:26:28,537 read
2026-09-12 23:26:28,543 received header: Header(type:b'MSG', chunk_type:b'F', body_size:52, channel:35)
2026-09-12 23:26:30,453 read
2026-09-12 23:26:30,456 received header: Header(type:b'MSG', chunk_type:b'F', body_size:52, channel:35)
2026-09-12 23:26:30,456 read
2026-09-12 23:26:30,459 received header: Header(type:b'MSG', chunk_type:b'F', body_size:60, channel:35)
2026-09-12 23:26:31,543 read
2026-09-12 23:26:31,547 received header: Header(type:b'MSG', chunk_type:b'F', body_size:52, channel:35)
2026-09-12 23:26:32,582 read
2026-09-12 23:26:32,585 received header: Header(type:b'MSG', chunk_type:b'F', body_size:52, channel:35)
2026-09-12 23:26:32,585 read
2026-09-12 23:26:32,588 received header: Header(type:b'MSG', chunk_type:b'F', body_size:60, channel:35)
2026-09-12 23:26:34,547 read
2026-09-12 23:26:34,551 received header: Header(type:b'MSG', chunk_type:b'F', body_size:52, channel:35)
2026-09-12 23:26:34,713 read
2026-09-12 23:26:34,716 received header: Header(type:b'MSG', chunk_type:b'F', body_size:52, channel:35)
2026-09-12 23:26:34,717 read
2026-09-12 23:26:34,720 received header: Header(type:b'MSG', chunk_type:b'F', body_size:60, channel:35)
2026-09-12 23:26:36,845 read
2026-09-12 23:26:36,850 received header: Header(type:b'MSG', chunk_type:b'F', body_size:52, channel:35)
2026-09-12 23:26:36,850 read
2026-09-12 23:26:36,854 received header: Header(type:b'MSG', chunk_type:b'F', body_size:60, channel:35)
2026-09-12 23:26:37,551 read
2026-09-12 23:26:37,555 received header: Header(type:b'MSG', chunk_type:b'F', body_size:52, channel:35)
2026-09-12 23:26:38,978 read
2026-09-12 23:26:38,981 received header: Header(type:b'MSG', chunk_type:b'F', body_size:52, channel:35)
2026-09-12 23:26:38,981 read
2026-09-12 23:26:38,985 received header: Header(type:b'MSG', chunk_type:b'F', body_size:60, channel:35)
2026-09-12 23:26:40,555 read
2026-09-12 23:26:40,559 received header: Header(type:b'MSG', chunk_type:b'F', body_size:52, channel:35)
2026-09-12 23:26:41,111 read
2026-09-12 23:26:41,114 received header: Header(type:b'MSG', chunk_type:b'F', body_size:52, channel:35)
2026-09-12 23:26:41,114 read
2026-09-12 23:26:41,117 received header: Header(type:b'MSG', chunk_type:b'F', body_size:60, channel:35)
2026-09-12 23:26:43,241 read
2026-09-12 23:26:43,245 received header: Header(type:b'MSG', chunk_type:b'F', body_size:52, channel:35)
2026-09-12 23:26:43,245 read
2026-09-12 23:26:43,248 received header: Header(type:b'MSG', chunk_type:b'F', body_size:60, channel:35)
2026-09-12 23:26:43,560 read
2026-09-12 23:26:43,563 received header: Header(type:b'MSG', chunk_type:b'F', body_size:52, channel:35)
2026-09-12 23:26:45,370 read
2026-09-12 23:26:45,374 received header: Header(type:b'MSG', chunk_type:b'F', body_size:52, channel:35)
2026-09-12 23:26:45,375 read
2026-09-12 23:26:45,380 received header: Header(type:b'MSG', chunk_type:b'F', body_size:60, channel:35)
2026-09-12 23:26:46,563 read
2026-09-12 23:26:46,567 received header: Header(type:b'MSG', chunk_type:b'F', body_size:52, channel:35)
2026-09-12 23:26:47,503 read
2026-09-12 23:26:47,507 received header: Header(type:b'MSG', chunk_type:b'F', body_size:52, channel:35)
2026-09-12 23:26:47,507 read
2026-09-12 23:26:47,510 received header: Header(type:b'MSG', chunk_type:b'F', body_size:60, channel:35)
2026-09-12 23:26:49,567 read
2026-09-12 23:26:49,572 received header: Header(type:b'MSG', chunk_type:b'F', body_size:52, channel:35)
2026-09-12 23:26:49,633 read
2026-09-12 23:26:49,637 received header: Header(type:b'MSG', chunk_type:b'F', body_size:52, channel:35)
2026-09-12 23:26:49,638 read
2026-09-12 23:26:49,641 received header: Header(type:b'MSG', chunk_type:b'F', body_size:60, channel:35)
2026-09-12 23:26:51,767 read
2026-09-12 23:26:51,770 received header: Header(type:b'MSG', chunk_type:b'F', body_size:52, channel:35)
2026-09-12 23:26:51,771 read
2026-09-12 23:26:51,773 received header: Header(type:b'MSG', chunk_type:b'F', body_size:60, channel:35)
2026-09-12 23:26:52,151 open_secure_channel
2026-09-12 23:26:52,153 received header: Header(type:b'OPN', chunk_type:b'F', body_size:123, channel:35)
2026-09-12 23:26:52,153 read
2026-09-12 23:26:52,157 received header: Header(type:b'MSG', chunk_type:b'F', body_size:62, channel:35)
2026-09-12 23:26:52,573 read
2026-09-12 23:26:52,576 received header: Header(type:b'MSG', chunk_type:b'F', body_size:52, channel:35)
2026-09-12 23:26:53,896 read
2026-09-12 23:26:53,900 received header: Header(type:b'MSG', chunk_type:b'F', body_size:52, channel:35)
2026-09-12 23:26:53,900 read
2026-09-12 23:26:53,904 received header: Header(type:b'MSG', chunk_type:b'F', body_size:60, channel:35)
2026-09-12 23:26:55,576 read
2026-09-12 23:26:55,581 received header: Header(type:b'MSG', chunk_type:b'F', body_size:52, channel:35)
2026-09-12 23:26:56,029 read
2026-09-12 23:26:56,032 received header: Header(type:b'MSG', chunk_type:b'F', body_size:52, channel:35)
2026-09-12 23:26:56,032 read
2026-09-12 23:26:56,035 received header: Header(type:b'MSG', chunk_type:b'F', body_size:60, channel:35)
2026-09-12 23:26:58,160 read
2026-09-12 23:26:58,164 received header: Header(type:b'MSG', chunk_type:b'F', body_size:52, channel:35)
2026-09-12 23:26:58,164 read
2026-09-12 23:26:58,167 received header: Header(type:b'MSG', chunk_type:b'F', body_size:60, channel:35)
2026-09-12 23:26:58,582 read
2026-09-12 23:26:58,585 received header: Header(type:b'MSG', chunk_type:b'F', body_size:52, channel:35)
2026-09-12 23:27:00,291 read
2026-09-12 23:27:00,295 received header: Header(type:b'MSG', chunk_type:b'F', body_size:52, channel:35)
2026-09-12 23:27:00,295 read
2026-09-12 23:27:00,298 received header: Header(type:b'MSG', chunk_type:b'F', body_size:60, channel:35)
2026-09-12 23:27:01,585 read
2026-09-12 23:27:01,589 received header: Header(type:b'MSG', chunk_type:b'F', body_size:52, channel:35)
2026-09-12 23:27:02,420 read
2026-09-12 23:27:02,425 received header: Header(type:b'MSG', chunk_type:b'F', body_size:52, channel:35)
2026-09-12 23:27:02,425 read
2026-09-12 23:27:02,427 received header: Header(type:b'MSG', chunk_type:b'F', body_size:60, channel:35)
2026-09-12 23:27:04,551 read
2026-09-12 23:27:04,555 received header: Header(type:b'MSG', chunk_type:b'F', body_size:52, channel:35)
2026-09-12 23:27:04,555 read
2026-09-12 23:27:04,558 received header: Header(type:b'MSG', chunk_type:b'F', body_size:60, channel:35)
2026-09-12 23:27:04,589 read
2026-09-12 23:27:04,592 received header: Header(type:b'MSG', chunk_type:b'F', body_size:52, channel:35)
2026-09-12 23:27:06,683 read
2026-09-12 23:27:06,686 received header: Header(type:b'MSG', chunk_type:b'F', body_size:52, channel:35)
2026-09-12 23:27:06,687 read
2026-09-12 23:27:06,689 received header: Header(type:b'MSG', chunk_type:b'F', body_size:60, channel:35)
2026-09-12 23:27:07,593 read
2026-09-12 23:27:07,597 received header: Header(type:b'MSG', chunk_type:b'F', body_size:52, channel:35)
2026-09-12 23:27:08,813 read
2026-09-12 23:27:08,817 received header: Header(type:b'MSG', chunk_type:b'F', body_size:52, channel:35)
2026-09-12 23:27:08,818 read
2026-09-12 23:27:08,820 received header: Header(type:b'MSG', chunk_type:b'F', body_size:60, channel:35)
2026-09-12 23:27:10,597 read
2026-09-12 23:27:10,601 received header: Header(type:b'MSG', chunk_type:b'F', body_size:52, channel:35)
2026-09-12 23:27:10,944 read
2026-09-12 23:27:10,947 received header: Header(type:b'MSG', chunk_type:b'F', body_size:52, channel:35)
2026-09-12 23:27:10,948 read
2026-09-12 23:27:10,952 received header: Header(type:b'MSG', chunk_type:b'F', body_size:60, channel:35)
2026-09-12 23:27:13,075 read
2026-09-12 23:27:13,078 received header: Header(type:b'MSG', chunk_type:b'F', body_size:52, channel:35)
2026-09-12 23:27:13,079 read
2026-09-12 23:27:13,081 received header: Header(type:b'MSG', chunk_type:b'F', body_size:60, channel:35)
2026-09-12 23:27:13,601 read
2026-09-12 23:27:13,606 received header: Header(type:b'MSG', chunk_type:b'F', body_size:52, channel:35)
2026-09-12 23:27:15,205 read
2026-09-12 23:27:15,209 received header: Header(type:b'MSG', chunk_type:b'F', body_size:52, channel:35)
2026-09-12 23:27:15,209 read
2026-09-12 23:27:15,212 received header: Header(type:b'MSG', chunk_type:b'F', body_size:60, channel:35)
2026-09-12 23:27:16,606 read
2026-09-12 23:27:16,610 received header: Header(type:b'MSG', chunk_type:b'F', body_size:52, channel:35)
2026-09-12 23:27:17,334 read
2026-09-12 23:27:17,338 received header: Header(type:b'MSG', chunk_type:b'F', body_size:52, channel:35)
2026-09-12 23:27:17,338 read
2026-09-12 23:27:17,340 received header: Header(type:b'MSG', chunk_type:b'F', body_size:60, channel:35)
2026-09-12 23:27:19,466 read
2026-09-12 23:27:19,470 received header: Header(type:b'MSG', chunk_type:b'F', body_size:52, channel:35)
2026-09-12 23:27:19,470 read
2026-09-12 23:27:19,474 received header: Header(type:b'MSG', chunk_type:b'F', body_size:60, channel:35)
2026-09-12 23:27:19,610 read
2026-09-12 23:27:19,614 received header: Header(type:b'MSG', chunk_type:b'F', body_size:52, channel:35)
2026-09-12 23:27:21,597 read
2026-09-12 23:27:21,601 received header: Header(type:b'MSG', chunk_type:b'F', body_size:52, channel:35)
2026-09-12 23:27:21,602 read
2026-09-12 23:27:21,604 received header: Header(type:b'MSG', chunk_type:b'F', body_size:60, channel:35)
2026-09-12 23:27:22,614 read
2026-09-12 23:27:22,619 received header: Header(type:b'MSG', chunk_type:b'F', body_size:52, channel:35)
2026-09-12 23:27:23,726 read
2026-09-12 23:27:23,730 received header: Header(type:b'MSG', chunk_type:b'F', body_size:52, channel:35)
2026-09-12 23:27:23,730 read
2026-09-12 23:27:23,733 received header: Header(type:b'MSG', chunk_type:b'F', body_size:60, channel:35)
2026-09-12 23:27:25,619 read
2026-09-12 23:27:25,623 received header: Header(type:b'MSG', chunk_type:b'F', body_size:52, channel:35)
2026-09-12 23:27:25,859 read
2026-09-12 23:27:25,863 received header: Header(type:b'MSG', chunk_type:b'F', body_size:52, channel:35)
2026-09-12 23:27:25,863 read
2026-09-12 23:27:25,866 received header: Header(type:b'MSG', chunk_type:b'F', body_size:60, channel:35)
2026-09-12 23:27:27,990 read
2026-09-12 23:27:27,993 received header: Header(type:b'MSG', chunk_type:b'F', body_size:52, channel:35)
2026-09-12 23:27:27,994 read
2026-09-12 23:27:27,998 received header: Header(type:b'MSG', chunk_type:b'F', body_size:60, channel:35)
2026-09-12 23:27:28,623 read
2026-09-12 23:27:28,627 received header: Header(type:b'MSG', chunk_type:b'F', body_size:52, channel:35)
2026-09-12 23:27:30,124 read
2026-09-12 23:27:30,128 received header: Header(type:b'MSG', chunk_type:b'F', body_size:52, channel:35)
2026-09-12 23:27:30,128 read
2026-09-12 23:27:30,131 received header: Header(type:b'MSG', chunk_type:b'F', body_size:60, channel:35)
2026-09-12 23:27:31,627 read
2026-09-12 23:27:31,632 received header: Header(type:b'MSG', chunk_type:b'F', body_size:52, channel:35)
2026-09-12 23:27:32,257 read
2026-09-12 23:27:32,261 received header: Header(type:b'MSG', chunk_type:b'F', body_size:52, channel:35)
2026-09-12 23:27:32,261 read
2026-09-12 23:27:32,264 received header: Header(type:b'MSG', chunk_type:b'F', body_size:60, channel:35)
2026-09-12 23:27:34,388 read
2026-09-12 23:27:34,392 received header: Header(type:b'MSG', chunk_type:b'F', body_size:52, channel:35)
2026-09-12 23:27:34,392 read
2026-09-12 23:27:34,394 received header: Header(type:b'MSG', chunk_type:b'F', body_size:60, channel:35)
2026-09-12 23:27:34,632 read
2026-09-12 23:27:34,636 received header: Header(type:b'MSG', chunk_type:b'F', body_size:52, channel:35)
2026-09-12 23:27:36,519 read
2026-09-12 23:27:36,522 received header: Header(type:b'MSG', chunk_type:b'F', body_size:52, channel:35)
2026-09-12 23:27:36,523 read
2026-09-12 23:27:36,525 received header: Header(type:b'MSG', chunk_type:b'F', body_size:60, channel:35)
2026-09-12 23:27:37,636 read
2026-09-12 23:27:37,639 received header: Header(type:b'MSG', chunk_type:b'F', body_size:52, channel:35)
2026-09-12 23:27:38,651 read
2026-09-12 23:27:38,654 received header: Header(type:b'MSG', chunk_type:b'F', body_size:52, channel:35)
2026-09-12 23:27:38,654 read
2026-09-12 23:27:38,657 received header: Header(type:b'MSG', chunk_type:b'F', body_size:60, channel:35)
2026-09-12 23:27:40,640 read
2026-09-12 23:27:40,643 received header: Header(type:b'MSG', chunk_type:b'F', body_size:52, channel:35)
2026-09-12 23:27:40,781 read
2026-09-12 23:27:40,785 received header: Header(type:b'MSG', chunk_type:b'F', body_size:52, channel:35)
2026-09-12 23:27:40,785 read
2026-09-12 23:27:40,787 received header: Header(type:b'MSG', chunk_type:b'F', body_size:60, channel:35)
2026-09-12 23:27:42,911 read
2026-09-12 23:27:42,914 received header: Header(type:b'MSG', chunk_type:b'F', body_size:52, channel:35)
2026-09-12 23:27:42,914 read
2026-09-12 23:27:42,917 received header: Header(type:b'MSG', chunk_type:b'F', body_size:60, channel:35)
2026-09-12 23:27:43,644 read
2026-09-12 23:27:43,648 received header: Header(type:b'MSG', chunk_type:b'F', body_size:52, channel:35)
2026-09-12 23:27:45,041 read
2026-09-12 23:27:45,045 received header: Header(type:b'MSG', chunk_type:b'F', body_size:52, channel:35)
2026-09-12 23:27:45,045 read
2026-09-12 23:27:45,048 received header: Header(type:b'MSG', chunk_type:b'F', body_size:60, channel:35)
2026-09-12 23:27:46,648 read
2026-09-12 23:27:46,652 received header: Header(type:b'MSG', chunk_type:b'F', body_size:52, channel:35)
2026-09-12 23:27:47,171 read
2026-09-12 23:27:47,177 received header: Header(type:b'MSG', chunk_type:b'F', body_size:52, channel:35)
2026-09-12 23:27:47,177 read
2026-09-12 23:27:47,181 received header: Header(type:b'MSG', chunk_type:b'F', body_size:60, channel:35)
2026-09-12 23:27:49,312 read
2026-09-12 23:27:49,316 received header: Header(type:b'MSG', chunk_type:b'F', body_size:52, channel:35)
2026-09-12 23:27:49,316 read
2026-09-12 23:27:49,319 received header: Header(type:b'MSG', chunk_type:b'F', body_size:60, channel:35)
2026-09-12 23:27:49,653 read
2026-09-12 23:27:49,661 received header: Header(type:b'MSG', chunk_type:b'F', body_size:52, channel:35)
2026-09-12 23:27:51,444 read
2026-09-12 23:27:51,447 received header: Header(type:b'MSG', chunk_type:b'F', body_size:52, channel:35)
2026-09-12 23:27:51,448 read
2026-09-12 23:27:51,450 received header: Header(type:b'MSG', chunk_type:b'F', body_size:60, channel:35)
2026-09-12 23:27:52,662 read
2026-09-12 23:27:52,665 received header: Header(type:b'MSG', chunk_type:b'F', body_size:52, channel:35)
2026-09-12 23:27:53,573 read
2026-09-12 23:27:53,578 received header: Header(type:b'MSG', chunk_type:b'F', body_size:52, channel:35)
2026-09-12 23:27:53,578 read
2026-09-12 23:27:53,582 received header: Header(type:b'MSG', chunk_type:b'F', body_size:60, channel:35)
2026-09-12 23:27:55,679 read
2026-09-12 23:27:55,705 read
2026-09-12 23:27:55,705 received header: Header(type:b'MSG', chunk_type:b'F', body_size:52, channel:35)
2026-09-12 23:27:55,709 received header: Header(type:b'MSG', chunk_type:b'F', body_size:52, channel:35)
2026-09-12 23:27:55,709 read
2026-09-12 23:27:55,711 received header: Header(type:b'MSG', chunk_type:b'F', body_size:60, channel:35)
2026-09-12 23:27:57,839 read
2026-09-12 23:27:57,842 received header: Header(type:b'MSG', chunk_type:b'F', body_size:52, channel:35)
2026-09-12 23:27:57,842 read
2026-09-12 23:27:57,846 received header: Header(type:b'MSG', chunk_type:b'F', body_size:60, channel:35)
2026-09-12 23:27:58,706 read
2026-09-12 23:27:58,711 received header: Header(type:b'MSG', chunk_type:b'F', body_size:52, channel:35)
2026-09-12 23:27:59,970 read
2026-09-12 23:27:59,974 received header: Header(type:b'MSG', chunk_type:b'F', body_size:52, channel:35)
2026-09-12 23:27:59,975 read
2026-09-12 23:27:59,977 received header: Header(type:b'MSG', chunk_type:b'F', body_size:60, channel:35)
2026-09-12 23:28:01,711 read
2026-09-12 23:28:01,715 received header: Header(type:b'MSG', chunk_type:b'F', body_size:52, channel:35)
2026-09-12 23:28:02,100 read
2026-09-12 23:28:02,104 received header: Header(type:b'MSG', chunk_type:b'F', body_size:52, channel:35)
2026-09-12 23:28:02,104 read
2026-09-12 23:28:02,108 received header: Header(type:b'MSG', chunk_type:b'F', body_size:60, channel:35)
2026-09-12 23:28:04,236 read
2026-09-12 23:28:04,241 received header: Header(type:b'MSG', chunk_type:b'F', body_size:52, channel:35)
2026-09-12 23:28:04,242 read
2026-09-12 23:28:04,245 received header: Header(type:b'MSG', chunk_type:b'F', body_size:60, channel:35)
2026-09-12 23:28:04,715 read
2026-09-12 23:28:04,719 received header: Header(type:b'MSG', chunk_type:b'F', body_size:52, channel:35)
2026-09-12 23:28:06,371 read
2026-09-12 23:28:06,374 received header: Header(type:b'MSG', chunk_type:b'F', body_size:52, channel:35)
2026-09-12 23:28:06,374 read
2026-09-12 23:28:06,378 received header: Header(type:b'MSG', chunk_type:b'F', body_size:60, channel:35)
2026-09-12 23:28:07,720 read
2026-09-12 23:28:07,723 received header: Header(type:b'MSG', chunk_type:b'F', body_size:52, channel:35)
2026-09-12 23:28:08,501 read
2026-09-12 23:28:08,504 received header: Header(type:b'MSG', chunk_type:b'F', body_size:52, channel:35)
2026-09-12 23:28:08,504 read
2026-09-12 23:28:08,507 received header: Header(type:b'MSG', chunk_type:b'F', body_size:60, channel:35)
2026-09-12 23:28:10,632 read
2026-09-12 23:28:10,636 received header: Header(type:b'MSG', chunk_type:b'F', body_size:52, channel:35)
2026-09-12 23:28:10,636 read
2026-09-12 23:28:10,638 received header: Header(type:b'MSG', chunk_type:b'F', body_size:60, channel:35)
2026-09-12 23:28:10,724 read
2026-09-12 23:28:10,727 received header: Header(type:b'MSG', chunk_type:b'F', body_size:52, channel:35)
2026-09-12 23:28:12,761 read
2026-09-12 23:28:12,765 received header: Header(type:b'MSG', chunk_type:b'F', body_size:52, channel:35)
2026-09-12 23:28:12,765 read
2026-09-12 23:28:12,769 received header: Header(type:b'MSG', chunk_type:b'F', body_size:60, channel:35)
2026-09-12 23:28:13,727 read
2026-09-12 23:28:13,731 received header: Header(type:b'MSG', chunk_type:b'F', body_size:52, channel:35)
2026-09-12 23:28:14,890 read
2026-09-12 23:28:14,895 received header: Header(type:b'MSG', chunk_type:b'F', body_size:52, channel:35)
2026-09-12 23:28:14,895 read
2026-09-12 23:28:14,898 received header: Header(type:b'MSG', chunk_type:b'F', body_size:60, channel:35)
2026-09-12 23:28:16,157 open_secure_channel
2026-09-12 23:28:16,159 received header: Header(type:b'OPN', chunk_type:b'F', body_size:123, channel:35)
2026-09-12 23:28:16,159 read
2026-09-12 23:28:16,162 received header: Header(type:b'MSG', chunk_type:b'F', body_size:62, channel:35)
2026-09-12 23:28:16,731 read
2026-09-12 23:28:16,735 received header: Header(type:b'MSG', chunk_type:b'F', body_size:52, channel:35)
2026-09-12 23:28:17,022 read
2026-09-12 23:28:17,025 received header: Header(type:b'MSG', chunk_type:b'F', body_size:52, channel:35)
2026-09-12 23:28:17,026 read
2026-09-12 23:28:17,028 received header: Header(type:b'MSG', chunk_type:b'F', body_size:60, channel:35)
2026-09-12 23:28:19,151 read
2026-09-12 23:28:19,156 received header: Header(type:b'MSG', chunk_type:b'F', body_size:52, channel:35)
2026-09-12 23:28:19,156 read
2026-09-12 23:28:19,159 received header: Header(type:b'MSG', chunk_type:b'F', body_size:60, channel:35)
2026-09-12 23:28:19,736 read
2026-09-12 23:28:19,740 received header: Header(type:b'MSG', chunk_type:b'F', body_size:52, channel:35)
2026-09-12 23:28:21,281 read
2026-09-12 23:28:21,285 received header: Header(type:b'MSG', chunk_type:b'F', body_size:52, channel:35)
2026-09-12 23:28:21,285 read
2026-09-12 23:28:21,287 received header: Header(type:b'MSG', chunk_type:b'F', body_size:60, channel:35)
2026-09-12 23:28:22,740 read
2026-09-12 23:28:22,745 received header: Header(type:b'MSG', chunk_type:b'F', body_size:52, channel:35)
2026-09-12 23:28:23,409 read
2026-09-12 23:28:23,413 received header: Header(type:b'MSG', chunk_type:b'F', body_size:52, channel:35)
2026-09-12 23:28:23,413 read
2026-09-12 23:28:23,416 received header: Header(type:b'MSG', chunk_type:b'F', body_size:60, channel:35)
2026-09-12 23:28:25,540 read
2026-09-12 23:28:25,544 received header: Header(type:b'MSG', chunk_type:b'F', body_size:52, channel:35)
2026-09-12 23:28:25,544 read
2026-09-12 23:28:25,547 received header: Header(type:b'MSG', chunk_type:b'F', body_size:60, channel:35)
2026-09-12 23:28:25,745 read
2026-09-12 23:28:25,748 received header: Header(type:b'MSG', chunk_type:b'F', body_size:52, channel:35)
2026-09-12 23:28:27,681 read
2026-09-12 23:28:27,684 received header: Header(type:b'MSG', chunk_type:b'F', body_size:52, channel:35)
2026-09-12 23:28:27,685 read
2026-09-12 23:28:27,687 received header: Header(type:b'MSG', chunk_type:b'F', body_size:60, channel:35)
2026-09-12 23:28:28,749 read
2026-09-12 23:28:28,752 received header: Header(type:b'MSG', chunk_type:b'F', body_size:52, channel:35)
2026-09-12 23:28:29,817 read
2026-09-12 23:28:29,821 received header: Header(type:b'MSG', chunk_type:b'F', body_size:52, channel:35)
2026-09-12 23:28:29,821 read
2026-09-12 23:28:29,826 received header: Header(type:b'MSG', chunk_type:b'F', body_size:60, channel:35)
2026-09-12 23:28:31,753 read
2026-09-12 23:28:31,757 received header: Header(type:b'MSG', chunk_type:b'F', body_size:52, channel:35)
2026-09-12 23:28:31,950 read
2026-09-12 23:28:31,954 received header: Header(type:b'MSG', chunk_type:b'F', body_size:52, channel:35)
2026-09-12 23:28:31,954 read
2026-09-12 23:28:31,957 received header: Header(type:b'MSG', chunk_type:b'F', body_size:60, channel:35)
2026-09-12 23:28:34,080 read
2026-09-12 23:28:34,084 received header: Header(type:b'MSG', chunk_type:b'F', body_size:52, channel:35)
2026-09-12 23:28:34,084 read
2026-09-12 23:28:34,088 received header: Header(type:b'MSG', chunk_type:b'F', body_size:60, channel:35)
2026-09-12 23:28:34,757 read
2026-09-12 23:28:34,761 received header: Header(type:b'MSG', chunk_type:b'F', body_size:52, channel:35)
2026-09-12 23:28:36,213 read
2026-09-12 23:28:36,217 received header: Header(type:b'MSG', chunk_type:b'F', body_size:52, channel:35)
2026-09-12 23:28:36,218 read
2026-09-12 23:28:36,221 received header: Header(type:b'MSG', chunk_type:b'F', body_size:60, channel:35)
2026-09-12 23:28:37,762 read
2026-09-12 23:28:37,765 received header: Header(type:b'MSG', chunk_type:b'F', body_size:52, channel:35)
2026-09-12 23:28:38,343 read
2026-09-12 23:28:38,347 received header: Header(type:b'MSG', chunk_type:b'F', body_size:52, channel:35)
2026-09-12 23:28:38,347 read
2026-09-12 23:28:38,349 received header: Header(type:b'MSG', chunk_type:b'F', body_size:60, channel:35)
2026-09-12 23:28:40,474 read
2026-09-12 23:28:40,477 received header: Header(type:b'MSG', chunk_type:b'F', body_size:52, channel:35)
2026-09-12 23:28:40,477 read
2026-09-12 23:28:40,480 received header: Header(type:b'MSG', chunk_type:b'F', body_size:60, channel:35)
2026-09-12 23:28:40,765 read
2026-09-12 23:28:40,769 received header: Header(type:b'MSG', chunk_type:b'F', body_size:52, channel:35)
2026-09-12 23:28:42,603 read
2026-09-12 23:28:42,607 received header: Header(type:b'MSG', chunk_type:b'F', body_size:52, channel:35)
2026-09-12 23:28:42,608 read
2026-09-12 23:28:42,611 received header: Header(type:b'MSG', chunk_type:b'F', body_size:60, channel:35)
2026-09-12 23:28:43,770 read
2026-09-12 23:28:43,773 received header: Header(type:b'MSG', chunk_type:b'F', body_size:52, channel:35)
2026-09-12 23:28:44,735 read
2026-09-12 23:28:44,740 received header: Header(type:b'MSG', chunk_type:b'F', body_size:52, channel:35)
2026-09-12 23:28:44,740 read
2026-09-12 23:28:44,743 received header: Header(type:b'MSG', chunk_type:b'F', body_size:60, channel:35)
2026-09-12 23:28:46,773 read
2026-09-12 23:28:46,777 received header: Header(type:b'MSG', chunk_type:b'F', body_size:52, channel:35)
2026-09-12 23:28:46,865 read
2026-09-12 23:28:46,868 received header: Header(type:b'MSG', chunk_type:b'F', body_size:52, channel:35)
2026-09-12 23:28:46,869 read
2026-09-12 23:28:46,872 received header: Header(type:b'MSG', chunk_type:b'F', body_size:60, channel:35)
2026-09-12 23:28:48,996 read
2026-09-12 23:28:48,999 received header: Header(type:b'MSG', chunk_type:b'F', body_size:52, channel:35)
2026-09-12 23:28:49,000 read
2026-09-12 23:28:49,002 received header: Header(type:b'MSG', chunk_type:b'F', body_size:60, channel:35)
2026-09-12 23:28:49,778 read
2026-09-12 23:28:49,782 received header: Header(type:b'MSG', chunk_type:b'F', body_size:52, channel:35)
2026-09-12 23:28:51,126 read
2026-09-12 23:28:51,132 received header: Header(type:b'MSG', chunk_type:b'F', body_size:52, channel:35)
2026-09-12 23:28:51,132 read
2026-09-12 23:28:51,139 received header: Header(type:b'MSG', chunk_type:b'F', body_size:60, channel:35)
2026-09-12 23:28:52,783 read
2026-09-12 23:28:52,787 received header: Header(type:b'MSG', chunk_type:b'F', body_size:52, channel:35)
2026-09-12 23:28:53,261 read
2026-09-12 23:28:53,265 received header: Header(type:b'MSG', chunk_type:b'F', body_size:52, channel:35)
2026-09-12 23:28:53,265 read
2026-09-12 23:28:53,268 received header: Header(type:b'MSG', chunk_type:b'F', body_size:60, channel:35)
2026-09-12 23:28:55,392 read
2026-09-12 23:28:55,395 received header: Header(type:b'MSG', chunk_type:b'F', body_size:52, channel:35)
2026-09-12 23:28:55,396 read
2026-09-12 23:28:55,398 received header: Header(type:b'MSG', chunk_type:b'F', body_size:60, channel:35)
2026-09-12 23:28:55,787 read
2026-09-12 23:28:55,791 received header: Header(type:b'MSG', chunk_type:b'F', body_size:52, channel:35)
2026-09-12 23:28:57,521 read
2026-09-12 23:28:57,526 received header: Header(type:b'MSG', chunk_type:b'F', body_size:52, channel:35)
2026-09-12 23:28:57,526 read
2026-09-12 23:28:57,528 received header: Header(type:b'MSG', chunk_type:b'F', body_size:60, channel:35)
2026-09-12 23:28:58,792 read
2026-09-12 23:28:58,795 received header: Header(type:b'MSG', chunk_type:b'F', body_size:52, channel:35)
2026-09-12 23:28:59,652 read
2026-09-12 23:28:59,655 received header: Header(type:b'MSG', chunk_type:b'F', body_size:52, channel:35)
2026-09-12 23:28:59,655 read
2026-09-12 23:28:59,658 received header: Header(type:b'MSG', chunk_type:b'F', body_size:60, channel:35)
2026-09-12 23:29:01,780 read
2026-09-12 23:29:01,785 received header: Header(type:b'MSG', chunk_type:b'F', body_size:52, channel:35)
2026-09-12 23:29:01,785 read
2026-09-12 23:29:01,788 received header: Header(type:b'MSG', chunk_type:b'F', body_size:60, channel:35)
2026-09-12 23:29:01,796 read
2026-09-12 23:29:01,801 received header: Header(type:b'MSG', chunk_type:b'F', body_size:52, channel:35)
2026-09-12 23:29:03,912 read
2026-09-12 23:29:03,916 received header: Header(type:b'MSG', chunk_type:b'F', body_size:52, channel:35)
2026-09-12 23:29:03,917 read
2026-09-12 23:29:03,919 received header: Header(type:b'MSG', chunk_type:b'F', body_size:60, channel:35)
2026-09-12 23:29:04,801 read
2026-09-12 23:29:04,805 received header: Header(type:b'MSG', chunk_type:b'F', body_size:52, channel:35)
2026-09-12 23:29:06,042 read
2026-09-12 23:29:06,046 received header: Header(type:b'MSG', chunk_type:b'F', body_size:52, channel:35)
2026-09-12 23:29:06,046 read
2026-09-12 23:29:06,050 received header: Header(type:b'MSG', chunk_type:b'F', body_size:60, channel:35)
2026-09-12 23:29:07,805 read
2026-09-12 23:29:07,809 received header: Header(type:b'MSG', chunk_type:b'F', body_size:52, channel:35)
2026-09-12 23:29:08,173 read
2026-09-12 23:29:08,177 received header: Header(type:b'MSG', chunk_type:b'F', body_size:52, channel:35)
2026-09-12 23:29:08,177 read
2026-09-12 23:29:08,179 received header: Header(type:b'MSG', chunk_type:b'F', body_size:60, channel:35)
2026-09-12 23:29:10,302 read
2026-09-12 23:29:10,305 received header: Header(type:b'MSG', chunk_type:b'F', body_size:52, channel:35)
2026-09-12 23:29:10,305 read
2026-09-12 23:29:10,308 received header: Header(type:b'MSG', chunk_type:b'F', body_size:60, channel:35)
2026-09-12 23:29:10,809 read
2026-09-12 23:29:10,814 received header: Header(type:b'MSG', chunk_type:b'F', body_size:52, channel:35)
2026-09-12 23:29:12,433 read
2026-09-12 23:29:12,437 received header: Header(type:b'MSG', chunk_type:b'F', body_size:52, channel:35)
2026-09-12 23:29:12,438 read
2026-09-12 23:29:12,441 received header: Header(type:b'MSG', chunk_type:b'F', body_size:60, channel:35)
2026-09-12 23:29:13,814 read
2026-09-12 23:29:13,817 received header: Header(type:b'MSG', chunk_type:b'F', body_size:52, channel:35)
2026-09-12 23:29:14,565 read
2026-09-12 23:29:14,569 received header: Header(type:b'MSG', chunk_type:b'F', body_size:52, channel:35)
2026-09-12 23:29:14,569 read
2026-09-12 23:29:14,572 received header: Header(type:b'MSG', chunk_type:b'F', body_size:60, channel:35)
2026-09-12 23:29:16,694 read
2026-09-12 23:29:16,698 received header: Header(type:b'MSG', chunk_type:b'F', body_size:52, channel:35)
2026-09-12 23:29:16,698 read
2026-09-12 23:29:16,701 received header: Header(type:b'MSG', chunk_type:b'F', body_size:60, channel:35)
2026-09-12 23:29:16,818 read
2026-09-12 23:29:16,821 received header: Header(type:b'MSG', chunk_type:b'F', body_size:52, channel:35)
2026-09-12 23:29:18,827 read
2026-09-12 23:29:18,832 received header: Header(type:b'MSG', chunk_type:b'F', body_size:52, channel:35)
2026-09-12 23:29:18,833 read
2026-09-12 23:29:18,835 received header: Header(type:b'MSG', chunk_type:b'F', body_size:60, channel:35)
2026-09-12 23:29:19,822 read
2026-09-12 23:29:19,826 received header: Header(type:b'MSG', chunk_type:b'F', body_size:52, channel:35)
2026-09-12 23:29:20,965 read
2026-09-12 23:29:20,968 received header: Header(type:b'MSG', chunk_type:b'F', body_size:52, channel:35)
2026-09-12 23:29:20,969 read
2026-09-12 23:29:20,974 received header: Header(type:b'MSG', chunk_type:b'F', body_size:60, channel:35)
2026-09-12 23:29:22,826 read
2026-09-12 23:29:22,831 received header: Header(type:b'MSG', chunk_type:b'F', body_size:52, channel:35)
2026-09-12 23:29:23,098 read
2026-09-12 23:29:23,101 received header: Header(type:b'MSG', chunk_type:b'F', body_size:52, channel:35)
2026-09-12 23:29:23,101 read
2026-09-12 23:29:23,105 received header: Header(type:b'MSG', chunk_type:b'F', body_size:60, channel:35)
2026-09-12 23:29:25,228 read
2026-09-12 23:29:25,232 received header: Header(type:b'MSG', chunk_type:b'F', body_size:52, channel:35)
2026-09-12 23:29:25,232 read
2026-09-12 23:29:25,234 received header: Header(type:b'MSG', chunk_type:b'F', body_size:60, channel:35)
2026-09-12 23:29:25,831 read
2026-09-12 23:29:25,835 received header: Header(type:b'MSG', chunk_type:b'F', body_size:52, channel:35)
2026-09-12 23:29:27,358 read
2026-09-12 23:29:27,362 received header: Header(type:b'MSG', chunk_type:b'F', body_size:52, channel:35)
2026-09-12 23:29:27,362 read
2026-09-12 23:29:27,365 received header: Header(type:b'MSG', chunk_type:b'F', body_size:60, channel:35)
2026-09-12 23:29:28,835 read
2026-09-12 23:29:28,839 received header: Header(type:b'MSG', chunk_type:b'F', body_size:52, channel:35)
2026-09-12 23:29:29,489 read
2026-09-12 23:29:29,492 received header: Header(type:b'MSG', chunk_type:b'F', body_size:52, channel:35)
2026-09-12 23:29:29,493 read
2026-09-12 23:29:29,495 received header: Header(type:b'MSG', chunk_type:b'F', body_size:60, channel:35)
2026-09-12 23:29:31,620 read
2026-09-12 23:29:31,624 received header: Header(type:b'MSG', chunk_type:b'F', body_size:52, channel:35)
2026-09-12 23:29:31,624 read
2026-09-12 23:29:31,628 received header: Header(type:b'MSG', chunk_type:b'F', body_size:60, channel:35)
2026-09-12 23:29:31,839 read
2026-09-12 23:29:31,844 received header: Header(type:b'MSG', chunk_type:b'F', body_size:52, channel:35)
2026-09-12 23:29:33,751 read
2026-09-12 23:29:33,754 received header: Header(type:b'MSG', chunk_type:b'F', body_size:52, channel:35)
2026-09-12 23:29:33,755 read
2026-09-12 23:29:33,759 received header: Header(type:b'MSG', chunk_type:b'F', body_size:60, channel:35)
2026-09-12 23:29:34,844 read
2026-09-12 23:29:34,848 received header: Header(type:b'MSG', chunk_type:b'F', body_size:52, channel:35)
2026-09-12 23:29:35,881 read
2026-09-12 23:29:35,886 received header: Header(type:b'MSG', chunk_type:b'F', body_size:52, channel:35)
2026-09-12 23:29:35,886 read
2026-09-12 23:29:35,889 received header: Header(type:b'MSG', chunk_type:b'F', body_size:60, channel:35)
2026-09-12 23:29:37,848 read
2026-09-12 23:29:37,852 received header: Header(type:b'MSG', chunk_type:b'F', body_size:52, channel:35)
2026-09-12 23:29:38,014 read
2026-09-12 23:29:38,018 received header: Header(type:b'MSG', chunk_type:b'F', body_size:52, channel:35)
2026-09-12 23:29:38,018 read
2026-09-12 23:29:38,022 received header: Header(type:b'MSG', chunk_type:b'F', body_size:60, channel:35)
2026-09-12 23:29:40,145 read
2026-09-12 23:29:40,149 received header: Header(type:b'MSG', chunk_type:b'F', body_size:52, channel:35)
2026-09-12 23:29:40,149 read
2026-09-12 23:29:40,152 received header: Header(type:b'MSG', chunk_type:b'F', body_size:60, channel:35)
2026-09-12 23:29:40,162 open_secure_channel
2026-09-12 23:29:40,164 received header: Header(type:b'OPN', chunk_type:b'F', body_size:123, channel:35)
2026-09-12 23:29:40,164 read
2026-09-12 23:29:40,167 received header: Header(type:b'MSG', chunk_type:b'F', body_size:62, channel:35)
2026-09-12 23:29:40,852 read
2026-09-12 23:29:40,856 received header: Header(type:b'MSG', chunk_type:b'F', body_size:52, channel:35)
2026-09-12 23:29:42,275 read
2026-09-12 23:29:42,278 received header: Header(type:b'MSG', chunk_type:b'F', body_size:52, channel:35)
2026-09-12 23:29:42,279 read
2026-09-12 23:29:42,281 received header: Header(type:b'MSG', chunk_type:b'F', body_size:60, channel:35)
2026-09-12 23:29:43,856 read
2026-09-12 23:29:43,860 received header: Header(type:b'MSG', chunk_type:b'F', body_size:52, channel:35)
2026-09-12 23:29:44,403 read
2026-09-12 23:29:44,407 received header: Header(type:b'MSG', chunk_type:b'F', body_size:52, channel:35)
2026-09-12 23:29:44,408 read
2026-09-12 23:29:44,410 received header: Header(type:b'MSG', chunk_type:b'F', body_size:60, channel:35)
2026-09-12 23:29:46,533 read
2026-09-12 23:29:46,538 received header: Header(type:b'MSG', chunk_type:b'F', body_size:52, channel:35)
2026-09-12 23:29:46,538 read
2026-09-12 23:29:46,541 received header: Header(type:b'MSG', chunk_type:b'F', body_size:60, channel:35)
2026-09-12 23:29:46,860 read
2026-09-12 23:29:46,864 received header: Header(type:b'MSG', chunk_type:b'F', body_size:52, channel:35)
2026-09-12 23:29:48,665 read
2026-09-12 23:29:48,669 received header: Header(type:b'MSG', chunk_type:b'F', body_size:52, channel:35)
2026-09-12 23:29:48,669 read
2026-09-12 23:29:48,672 received header: Header(type:b'MSG', chunk_type:b'F', body_size:60, channel:35)
2026-09-12 23:29:49,864 read
2026-09-12 23:29:49,867 received header: Header(type:b'MSG', chunk_type:b'F', body_size:52, channel:35)
2026-09-12 23:29:50,796 read
2026-09-12 23:29:50,800 received header: Header(type:b'MSG', chunk_type:b'F', body_size:52, channel:35)
2026-09-12 23:29:50,800 read
2026-09-12 23:29:50,804 received header: Header(type:b'MSG', chunk_type:b'F', body_size:60, channel:35)
2026-09-12 23:29:52,902 read
2026-09-12 23:29:52,926 read
2026-09-12 23:29:52,927 received header: Header(type:b'MSG', chunk_type:b'F', body_size:52, channel:35)
2026-09-12 23:29:52,936 received header: Header(type:b'MSG', chunk_type:b'F', body_size:52, channel:35)
2026-09-12 23:29:52,936 read
2026-09-12 23:29:52,941 received header: Header(type:b'MSG', chunk_type:b'F', body_size:60, channel:35)
2026-09-12 23:29:55,062 read
2026-09-12 23:29:55,065 received header: Header(type:b'MSG', chunk_type:b'F', body_size:52, channel:35)
2026-09-12 23:29:55,065 read
2026-09-12 23:29:55,068 received header: Header(type:b'MSG', chunk_type:b'F', body_size:60, channel:35)
2026-09-12 23:29:55,927 read
2026-09-12 23:29:55,932 received header: Header(type:b'MSG', chunk_type:b'F', body_size:52, channel:35)
2026-09-12 23:29:57,190 read
2026-09-12 23:29:57,194 received header: Header(type:b'MSG', chunk_type:b'F', body_size:52, channel:35)
2026-09-12 23:29:57,194 read
2026-09-12 23:29:57,197 received header: Header(type:b'MSG', chunk_type:b'F', body_size:60, channel:35)
2026-09-12 23:29:58,932 read
2026-09-12 23:29:58,937 received header: Header(type:b'MSG', chunk_type:b'F', body_size:52, channel:35)
2026-09-12 23:29:59,320 read
2026-09-12 23:29:59,324 received header: Header(type:b'MSG', chunk_type:b'F', body_size:52, channel:35)
2026-09-12 23:29:59,324 read
2026-09-12 23:29:59,327 received header: Header(type:b'MSG', chunk_type:b'F', body_size:60, channel:35)
2026-09-12 23:30:01,450 read
2026-09-12 23:30:01,454 received header: Header(type:b'MSG', chunk_type:b'F', body_size:52, channel:35)
2026-09-12 23:30:01,454 read
2026-09-12 23:30:01,457 received header: Header(type:b'MSG', chunk_type:b'F', body_size:60, channel:35)
2026-09-12 23:30:01,938 read
2026-09-12 23:30:01,941 received header: Header(type:b'MSG', chunk_type:b'F', body_size:52, channel:35)
2026-09-12 23:30:03,579 read
2026-09-12 23:30:03,582 received header: Header(type:b'MSG', chunk_type:b'F', body_size:52, channel:35)
2026-09-12 23:30:03,583 read
2026-09-12 23:30:03,586 received header: Header(type:b'MSG', chunk_type:b'F', body_size:60, channel:35)
2026-09-12 23:30:04,942 read
2026-09-12 23:30:04,945 received header: Header(type:b'MSG', chunk_type:b'F', body_size:52, channel:35)
2026-09-12 23:30:05,709 read
2026-09-12 23:30:05,712 received header: Header(type:b'MSG', chunk_type:b'F', body_size:52, channel:35)
2026-09-12 23:30:05,713 read
2026-09-12 23:30:05,718 received header: Header(type:b'MSG', chunk_type:b'F', body_size:60, channel:35)
2026-09-12 23:30:07,840 read
2026-09-12 23:30:07,845 received header: Header(type:b'MSG', chunk_type:b'F', body_size:52, channel:35)
2026-09-12 23:30:07,845 read
2026-09-12 23:30:07,849 received header: Header(type:b'MSG', chunk_type:b'F', body_size:60, channel:35)
2026-09-12 23:30:07,946 read
2026-09-12 23:30:07,951 received header: Header(type:b'MSG', chunk_type:b'F', body_size:52, channel:35)
2026-09-12 23:30:09,969 read
2026-09-12 23:30:09,974 received header: Header(type:b'MSG', chunk_type:b'F', body_size:52, channel:35)
2026-09-12 23:30:09,975 read
2026-09-12 23:30:09,978 received header: Header(type:b'MSG', chunk_type:b'F', body_size:60, channel:35)
2026-09-12 23:30:10,951 read
2026-09-12 23:30:10,955 received header: Header(type:b'MSG', chunk_type:b'F', body_size:52, channel:35)
2026-09-12 23:30:12,104 read
2026-09-12 23:30:12,107 received header: Header(type:b'MSG', chunk_type:b'F', body_size:52, channel:35)
2026-09-12 23:30:12,108 read
2026-09-12 23:30:12,110 received header: Header(type:b'MSG', chunk_type:b'F', body_size:60, channel:35)
2026-09-12 23:30:13,955 read
2026-09-12 23:30:13,958 received header: Header(type:b'MSG', chunk_type:b'F', body_size:52, channel:35)
2026-09-12 23:30:14,234 read
2026-09-12 23:30:14,238 received header: Header(type:b'MSG', chunk_type:b'F', body_size:52, channel:35)
2026-09-12 23:30:14,238 read
2026-09-12 23:30:14,242 received header: Header(type:b'MSG', chunk_type:b'F', body_size:60, channel:35)
2026-09-12 23:30:16,364 read
2026-09-12 23:30:16,367 received header: Header(type:b'MSG', chunk_type:b'F', body_size:52, channel:35)
2026-09-12 23:30:16,367 read
2026-09-12 23:30:16,372 received header: Header(type:b'MSG', chunk_type:b'F', body_size:60, channel:35)
2026-09-12 23:30:16,959 read
2026-09-12 23:30:16,962 received header: Header(type:b'MSG', chunk_type:b'F', body_size:52, channel:35)
2026-09-12 23:30:18,494 read
2026-09-12 23:30:18,497 received header: Header(type:b'MSG', chunk_type:b'F', body_size:52, channel:35)
2026-09-12 23:30:18,498 read
2026-09-12 23:30:18,504 received header: Header(type:b'MSG', chunk_type:b'F', body_size:60, channel:35)
2026-09-12 23:30:19,963 read
2026-09-12 23:30:19,966 received header: Header(type:b'MSG', chunk_type:b'F', body_size:52, channel:35)
2026-09-12 23:30:20,628 read
2026-09-12 23:30:20,631 received header: Header(type:b'MSG', chunk_type:b'F', body_size:52, channel:35)
2026-09-12 23:30:20,632 read
2026-09-12 23:30:20,634 received header: Header(type:b'MSG', chunk_type:b'F', body_size:60, channel:35)
2026-09-12 23:30:22,758 read
2026-09-12 23:30:22,761 received header: Header(type:b'MSG', chunk_type:b'F', body_size:52, channel:35)
2026-09-12 23:30:22,761 read
2026-09-12 23:30:22,766 received header: Header(type:b'MSG', chunk_type:b'F', body_size:60, channel:35)
2026-09-12 23:30:22,966 read
2026-09-12 23:30:22,970 received header: Header(type:b'MSG', chunk_type:b'F', body_size:52, channel:35)
2026-09-12 23:30:24,889 read
2026-09-12 23:30:24,894 received header: Header(type:b'MSG', chunk_type:b'F', body_size:52, channel:35)
2026-09-12 23:30:24,894 read
2026-09-12 23:30:24,898 received header: Header(type:b'MSG', chunk_type:b'F', body_size:60, channel:35)
2026-09-12 23:30:25,970 read
2026-09-12 23:30:25,975 received header: Header(type:b'MSG', chunk_type:b'F', body_size:52, channel:35)
2026-09-12 23:30:27,021 read
2026-09-12 23:30:27,025 received header: Header(type:b'MSG', chunk_type:b'F', body_size:52, channel:35)
2026-09-12 23:30:27,025 read
2026-09-12 23:30:27,028 received header: Header(type:b'MSG', chunk_type:b'F', body_size:60, channel:35)
2026-09-12 23:30:28,976 read
2026-09-12 23:30:28,979 received header: Header(type:b'MSG', chunk_type:b'F', body_size:52, channel:35)
2026-09-12 23:30:29,162 read
2026-09-12 23:30:29,166 received header: Header(type:b'MSG', chunk_type:b'F', body_size:52, channel:35)
2026-09-12 23:30:29,167 read
2026-09-12 23:30:29,170 received header: Header(type:b'MSG', chunk_type:b'F', body_size:60, channel:35)
2026-09-12 23:30:31,298 read
2026-09-12 23:30:31,302 received header: Header(type:b'MSG', chunk_type:b'F', body_size:52, channel:35)
2026-09-12 23:30:31,302 read
2026-09-12 23:30:31,305 received header: Header(type:b'MSG', chunk_type:b'F', body_size:60, channel:35)
2026-09-12 23:30:31,980 read
2026-09-12 23:30:31,983 received header: Header(type:b'MSG', chunk_type:b'F', body_size:52, channel:35)
2026-09-12 23:30:33,432 read
2026-09-12 23:30:33,436 received header: Header(type:b'MSG', chunk_type:b'F', body_size:52, channel:35)
2026-09-12 23:30:33,436 read
2026-09-12 23:30:33,439 received header: Header(type:b'MSG', chunk_type:b'F', body_size:60, channel:35)
2026-09-12 23:30:34,983 read
2026-09-12 23:30:34,987 received header: Header(type:b'MSG', chunk_type:b'F', body_size:52, channel:35)
2026-09-12 23:30:35,563 read
2026-09-12 23:30:35,566 received header: Header(type:b'MSG', chunk_type:b'F', body_size:52, channel:35)
2026-09-12 23:30:35,567 read
2026-09-12 23:30:35,571 received header: Header(type:b'MSG', chunk_type:b'F', body_size:60, channel:35)
2026-09-12 23:30:37,692 read
2026-09-12 23:30:37,695 received header: Header(type:b'MSG', chunk_type:b'F', body_size:52, channel:35)
2026-09-12 23:30:37,695 read
2026-09-12 23:30:37,698 received header: Header(type:b'MSG', chunk_type:b'F', body_size:60, channel:35)
2026-09-12 23:30:37,987 read
2026-09-12 23:30:37,992 received header: Header(type:b'MSG', chunk_type:b'F', body_size:52, channel:35)
2026-09-12 23:30:39,820 read
2026-09-12 23:30:39,824 received header: Header(type:b'MSG', chunk_type:b'F', body_size:52, channel:35)
2026-09-12 23:30:39,824 read
2026-09-12 23:30:39,830 received header: Header(type:b'MSG', chunk_type:b'F', body_size:60, channel:35)
2026-09-12 23:30:40,992 read
2026-09-12 23:30:40,996 received header: Header(type:b'MSG', chunk_type:b'F', body_size:52, channel:35)
2026-09-12 23:30:41,951 read
2026-09-12 23:30:41,955 received header: Header(type:b'MSG', chunk_type:b'F', body_size:52, channel:35)
2026-09-12 23:30:41,955 read
2026-09-12 23:30:41,958 received header: Header(type:b'MSG', chunk_type:b'F', body_size:60, channel:35)
2026-09-12 23:30:43,996 read
2026-09-12 23:30:44,000 received header: Header(type:b'MSG', chunk_type:b'F', body_size:52, channel:35)
2026-09-12 23:30:44,089 read
2026-09-12 23:30:44,093 received header: Header(type:b'MSG', chunk_type:b'F', body_size:52, channel:35)
2026-09-12 23:30:44,093 read
2026-09-12 23:30:44,096 received header: Header(type:b'MSG', chunk_type:b'F', body_size:60, channel:35)
2026-09-12 23:30:46,219 read
2026-09-12 23:30:46,223 received header: Header(type:b'MSG', chunk_type:b'F', body_size:52, channel:35)
2026-09-12 23:30:46,223 read
2026-09-12 23:30:46,226 received header: Header(type:b'MSG', chunk_type:b'F', body_size:60, channel:35)
2026-09-12 23:30:47,000 read
2026-09-12 23:30:47,004 received header: Header(type:b'MSG', chunk_type:b'F', body_size:52, channel:35)
2026-09-12 23:30:48,349 read
2026-09-12 23:30:48,352 received header: Header(type:b'MSG', chunk_type:b'F', body_size:52, channel:35)
2026-09-12 23:30:48,353 read
2026-09-12 23:30:48,355 received header: Header(type:b'MSG', chunk_type:b'F', body_size:60, channel:35)
2026-09-12 23:30:50,004 read
2026-09-12 23:30:50,008 received header: Header(type:b'MSG', chunk_type:b'F', body_size:52, channel:35)
2026-09-12 23:30:50,477 read
2026-09-12 23:30:50,481 received header: Header(type:b'MSG', chunk_type:b'F', body_size:52, channel:35)
2026-09-12 23:30:50,481 read
2026-09-12 23:30:50,484 received header: Header(type:b'MSG', chunk_type:b'F', body_size:60, channel:35)
2026-09-12 23:30:52,607 read
2026-09-12 23:30:52,610 received header: Header(type:b'MSG', chunk_type:b'F', body_size:52, channel:35)
2026-09-12 23:30:52,610 read
2026-09-12 23:30:52,616 received header: Header(type:b'MSG', chunk_type:b'F', body_size:60, channel:35)
2026-09-12 23:30:53,008 read
2026-09-12 23:30:53,013 received header: Header(type:b'MSG', chunk_type:b'F', body_size:52, channel:35)
2026-09-12 23:30:54,740 read
2026-09-12 23:30:54,743 received header: Header(type:b'MSG', chunk_type:b'F', body_size:52, channel:35)
2026-09-12 23:30:54,744 read
2026-09-12 23:30:54,747 received header: Header(type:b'MSG', chunk_type:b'F', body_size:60, channel:35)
2026-09-12 23:30:56,014 read
2026-09-12 23:30:56,017 received header: Header(type:b'MSG', chunk_type:b'F', body_size:52, channel:35)
2026-09-12 23:30:56,871 read
2026-09-12 23:30:56,875 received header: Header(type:b'MSG', chunk_type:b'F', body_size:52, channel:35)
2026-09-12 23:30:56,875 read
2026-09-12 23:30:56,878 received header: Header(type:b'MSG', chunk_type:b'F', body_size:60, channel:35)
2026-09-12 23:30:59,001 read
2026-09-12 23:30:59,004 received header: Header(type:b'MSG', chunk_type:b'F', body_size:52, channel:35)
2026-09-12 23:30:59,005 read
2026-09-12 23:30:59,007 received header: Header(type:b'MSG', chunk_type:b'F', body_size:60, channel:35)
2026-09-12 23:30:59,018 read
2026-09-12 23:30:59,022 received header: Header(type:b'MSG', chunk_type:b'F', body_size:52, channel:35)
2026-09-12 23:31:01,130 read
2026-09-12 23:31:01,134 received header: Header(type:b'MSG', chunk_type:b'F', body_size:52, channel:35)
2026-09-12 23:31:01,134 read
2026-09-12 23:31:01,137 received header: Header(type:b'MSG', chunk_type:b'F', body_size:60, channel:35)
2026-09-12 23:31:02,022 read
2026-09-12 23:31:02,027 received header: Header(type:b'MSG', chunk_type:b'F', body_size:52, channel:35)
2026-09-12 23:31:03,259 read
2026-09-12 23:31:03,262 received header: Header(type:b'MSG', chunk_type:b'F', body_size:52, channel:35)
2026-09-12 23:31:03,263 read
2026-09-12 23:31:03,265 received header: Header(type:b'MSG', chunk_type:b'F', body_size:60, channel:35)
2026-09-12 23:31:04,167 open_secure_channel
2026-09-12 23:31:04,169 received header: Header(type:b'OPN', chunk_type:b'F', body_size:123, channel:35)
2026-09-12 23:31:04,169 read
2026-09-12 23:31:04,172 received header: Header(type:b'MSG', chunk_type:b'F', body_size:62, channel:35)
2026-09-12 23:31:05,028 read
2026-09-12 23:31:05,032 received header: Header(type:b'MSG', chunk_type:b'F', body_size:52, channel:35)
2026-09-12 23:31:05,388 read
2026-09-12 23:31:05,392 received header: Header(type:b'MSG', chunk_type:b'F', body_size:52, channel:35)
2026-09-12 23:31:05,393 read
2026-09-12 23:31:05,395 received header: Header(type:b'MSG', chunk_type:b'F', body_size:60, channel:35)
2026-09-12 23:31:07,519 read
2026-09-12 23:31:07,523 received header: Header(type:b'MSG', chunk_type:b'F', body_size:52, channel:35)
2026-09-12 23:31:07,523 read
2026-09-12 23:31:07,526 received header: Header(type:b'MSG', chunk_type:b'F', body_size:60, channel:35)
2026-09-12 23:31:08,032 read
2026-09-12 23:31:08,037 received header: Header(type:b'MSG', chunk_type:b'F', body_size:52, channel:35)
2026-09-12 23:31:09,650 read
2026-09-12 23:31:09,653 received header: Header(type:b'MSG', chunk_type:b'F', body_size:52, channel:35)
2026-09-12 23:31:09,654 read
2026-09-12 23:31:09,656 received header: Header(type:b'MSG', chunk_type:b'F', body_size:60, channel:35)
2026-09-12 23:31:11,037 read
2026-09-12 23:31:11,040 received header: Header(type:b'MSG', chunk_type:b'F', body_size:52, channel:35)
2026-09-12 23:31:11,780 read
2026-09-12 23:31:11,784 received header: Header(type:b'MSG', chunk_type:b'F', body_size:52, channel:35)
2026-09-12 23:31:11,784 read
2026-09-12 23:31:11,787 received header: Header(type:b'MSG', chunk_type:b'F', body_size:60, channel:35)
2026-09-12 23:31:13,909 read
2026-09-12 23:31:13,914 received header: Header(type:b'MSG', chunk_type:b'F', body_size:52, channel:35)
2026-09-12 23:31:13,914 read
2026-09-12 23:31:13,918 received header: Header(type:b'MSG', chunk_type:b'F', body_size:60, channel:35)
2026-09-12 23:31:14,041 read
2026-09-12 23:31:14,044 received header: Header(type:b'MSG', chunk_type:b'F', body_size:52, channel:35)
2026-09-12 23:31:16,040 read
2026-09-12 23:31:16,044 received header: Header(type:b'MSG', chunk_type:b'F', body_size:52, channel:35)
2026-09-12 23:31:16,045 read
2026-09-12 23:31:16,049 received header: Header(type:b'MSG', chunk_type:b'F', body_size:60, channel:35)
2026-09-12 23:31:17,045 read
2026-09-12 23:31:17,048 received header: Header(type:b'MSG', chunk_type:b'F', body_size:52, channel:35)
2026-09-12 23:31:18,173 read
2026-09-12 23:31:18,177 received header: Header(type:b'MSG', chunk_type:b'F', body_size:52, channel:35)
2026-09-12 23:31:18,178 read
2026-09-12 23:31:18,180 received header: Header(type:b'MSG', chunk_type:b'F', body_size:60, channel:35)
2026-09-12 23:31:20,048 read
2026-09-12 23:31:20,052 received header: Header(type:b'MSG', chunk_type:b'F', body_size:52, channel:35)
2026-09-12 23:31:20,302 read
2026-09-12 23:31:20,306 received header: Header(type:b'MSG', chunk_type:b'F', body_size:52, channel:35)
2026-09-12 23:31:20,306 read
2026-09-12 23:31:20,309 received header: Header(type:b'MSG', chunk_type:b'F', body_size:60, channel:35)
2026-09-12 23:31:22,431 read
2026-09-12 23:31:22,434 received header: Header(type:b'MSG', chunk_type:b'F', body_size:52, channel:35)
2026-09-12 23:31:22,435 read
2026-09-12 23:31:22,437 received header: Header(type:b'MSG', chunk_type:b'F', body_size:60, channel:35)
2026-09-12 23:31:23,053 read
2026-09-12 23:31:23,056 received header: Header(type:b'MSG', chunk_type:b'F', body_size:52, channel:35)
2026-09-12 23:31:24,561 read
2026-09-12 23:31:24,564 received header: Header(type:b'MSG', chunk_type:b'F', body_size:52, channel:35)
2026-09-12 23:31:24,565 read
2026-09-12 23:31:24,567 received header: Header(type:b'MSG', chunk_type:b'F', body_size:60, channel:35)
2026-09-12 23:31:26,057 read
2026-09-12 23:31:26,060 received header: Header(type:b'MSG', chunk_type:b'F', body_size:52, channel:35)
2026-09-12 23:31:26,694 read
2026-09-12 23:31:26,698 received header: Header(type:b'MSG', chunk_type:b'F', body_size:52, channel:35)
2026-09-12 23:31:26,698 read
2026-09-12 23:31:26,701 received header: Header(type:b'MSG', chunk_type:b'F', body_size:60, channel:35)
2026-09-12 23:31:28,825 read
2026-09-12 23:31:28,829 received header: Header(type:b'MSG', chunk_type:b'F', body_size:52, channel:35)
2026-09-12 23:31:28,829 read
2026-09-12 23:31:28,831 received header: Header(type:b'MSG', chunk_type:b'F', body_size:60, channel:35)
2026-09-12 23:31:29,060 read
2026-09-12 23:31:29,064 received header: Header(type:b'MSG', chunk_type:b'F', body_size:52, channel:35)
2026-09-12 23:31:30,956 read
2026-09-12 23:31:30,959 received header: Header(type:b'MSG', chunk_type:b'F', body_size:52, channel:35)
2026-09-12 23:31:30,960 read
2026-09-12 23:31:30,962 received header: Header(type:b'MSG', chunk_type:b'F', body_size:60, channel:35)
2026-09-12 23:31:32,064 read
2026-09-12 23:31:32,067 received header: Header(type:b'MSG', chunk_type:b'F', body_size:52, channel:35)
2026-09-12 23:31:33,084 read
2026-09-12 23:31:33,089 received header: Header(type:b'MSG', chunk_type:b'F', body_size:52, channel:35)
2026-09-12 23:31:33,090 read
2026-09-12 23:31:33,092 received header: Header(type:b'MSG', chunk_type:b'F', body_size:60, channel:35)
2026-09-12 23:31:35,068 read
2026-09-12 23:31:35,071 received header: Header(type:b'MSG', chunk_type:b'F', body_size:52, channel:35)
2026-09-12 23:31:35,219 read
2026-09-12 23:31:35,224 received header: Header(type:b'MSG', chunk_type:b'F', body_size:52, channel:35)
2026-09-12 23:31:35,224 read
2026-09-12 23:31:35,227 received header: Header(type:b'MSG', chunk_type:b'F', body_size:60, channel:35)
2026-09-12 23:31:37,349 read
2026-09-12 23:31:37,353 received header: Header(type:b'MSG', chunk_type:b'F', body_size:52, channel:35)
2026-09-12 23:31:37,353 read
2026-09-12 23:31:37,355 received header: Header(type:b'MSG', chunk_type:b'F', body_size:60, channel:35)
2026-09-12 23:31:38,072 read
2026-09-12 23:31:38,075 received header: Header(type:b'MSG', chunk_type:b'F', body_size:52, channel:35)
2026-09-12 23:31:39,478 read
2026-09-12 23:31:39,482 received header: Header(type:b'MSG', chunk_type:b'F', body_size:52, channel:35)
2026-09-12 23:31:39,482 read
2026-09-12 23:31:39,488 received header: Header(type:b'MSG', chunk_type:b'F', body_size:60, channel:35)
2026-09-12 23:31:41,076 read
2026-09-12 23:31:41,079 received header: Header(type:b'MSG', chunk_type:b'F', body_size:52, channel:35)
2026-09-12 23:31:41,610 read
2026-09-12 23:31:41,614 received header: Header(type:b'MSG', chunk_type:b'F', body_size:52, channel:35)
2026-09-12 23:31:41,614 read
2026-09-12 23:31:41,618 received header: Header(type:b'MSG', chunk_type:b'F', body_size:60, channel:35)
2026-09-12 23:31:43,740 read
2026-09-12 23:31:43,744 received header: Header(type:b'MSG', chunk_type:b'F', body_size:52, channel:35)
2026-09-12 23:31:43,745 read
2026-09-12 23:31:43,748 received header: Header(type:b'MSG', chunk_type:b'F', body_size:60, channel:35)
2026-09-12 23:31:44,080 read
2026-09-12 23:31:44,083 received header: Header(type:b'MSG', chunk_type:b'F', body_size:52, channel:35)
2026-09-12 23:31:45,870 read
2026-09-12 23:31:45,874 received header: Header(type:b'MSG', chunk_type:b'F', body_size:52, channel:35)
2026-09-12 23:31:45,875 read
2026-09-12 23:31:45,877 received header: Header(type:b'MSG', chunk_type:b'F', body_size:60, channel:35)
2026-09-12 23:31:47,084 read
2026-09-12 23:31:47,089 received header: Header(type:b'MSG', chunk_type:b'F', body_size:52, channel:35)
2026-09-12 23:31:48,001 read
2026-09-12 23:31:48,005 received header: Header(type:b'MSG', chunk_type:b'F', body_size:52, channel:35)
2026-09-12 23:31:48,006 read
2026-09-12 23:31:48,008 received header: Header(type:b'MSG', chunk_type:b'F', body_size:60, channel:35)
2026-09-12 23:31:50,106 read
2026-09-12 23:31:50,131 read
2026-09-12 23:31:50,131 received header: Header(type:b'MSG', chunk_type:b'F', body_size:52, channel:35)
2026-09-12 23:31:50,136 received header: Header(type:b'MSG', chunk_type:b'F', body_size:52, channel:35)
2026-09-12 23:31:50,136 read
2026-09-12 23:31:50,141 received header: Header(type:b'MSG', chunk_type:b'F', body_size:60, channel:35)
2026-09-12 23:31:52,265 read
2026-09-12 23:31:52,269 received header: Header(type:b'MSG', chunk_type:b'F', body_size:52, channel:35)
2026-09-12 23:31:52,270 read
2026-09-12 23:31:52,273 received header: Header(type:b'MSG', chunk_type:b'F', body_size:60, channel:35)
2026-09-12 23:31:53,132 read
2026-09-12 23:31:53,135 received header: Header(type:b'MSG', chunk_type:b'F', body_size:52, channel:35)
2026-09-12 23:31:54,396 read
2026-09-12 23:31:54,399 received header: Header(type:b'MSG', chunk_type:b'F', body_size:52, channel:35)
2026-09-12 23:31:54,400 read
2026-09-12 23:31:54,403 received header: Header(type:b'MSG', chunk_type:b'F', body_size:60, channel:35)
2026-09-12 23:31:56,136 read
2026-09-12 23:31:56,140 received header: Header(type:b'MSG', chunk_type:b'F', body_size:52, channel:35)
2026-09-12 23:31:56,525 read
2026-09-12 23:31:56,529 received header: Header(type:b'MSG', chunk_type:b'F', body_size:52, channel:35)
2026-09-12 23:31:56,529 read
2026-09-12 23:31:56,532 received header: Header(type:b'MSG', chunk_type:b'F', body_size:60, channel:35)
2026-09-12 23:31:58,655 read
2026-09-12 23:31:58,660 received header: Header(type:b'MSG', chunk_type:b'F', body_size:52, channel:35)
2026-09-12 23:31:58,660 read
2026-09-12 23:31:58,664 received header: Header(type:b'MSG', chunk_type:b'F', body_size:60, channel:35)
2026-09-12 23:31:59,141 read
2026-09-12 23:31:59,145 received header: Header(type:b'MSG', chunk_type:b'F', body_size:52, channel:35)
2026-09-12 23:32:00,786 read
2026-09-12 23:32:00,789 received header: Header(type:b'MSG', chunk_type:b'F', body_size:52, channel:35)
2026-09-12 23:32:00,790 read
2026-09-12 23:32:00,793 received header: Header(type:b'MSG', chunk_type:b'F', body_size:60, channel:35)
2026-09-12 23:32:02,145 read
2026-09-12 23:32:02,149 received header: Header(type:b'MSG', chunk_type:b'F', body_size:52, channel:35)
2026-09-12 23:32:02,916 read
2026-09-12 23:32:02,920 received header: Header(type:b'MSG', chunk_type:b'F', body_size:52, channel:35)
2026-09-12 23:32:02,920 read
2026-09-12 23:32:02,925 received header: Header(type:b'MSG', chunk_type:b'F', body_size:60, channel:35)
2026-09-12 23:32:06,360 opening connection
2026-09-12 23:32:06,396 Thread started
2026-09-12 23:32:06,397 received header: Header(type:b'ACK', chunk_type:b'F', body_size:20, channel:0)
2026-09-12 23:32:06,397 open_secure_channel
2026-09-12 23:32:06,399 received header: Header(type:b'OPN', chunk_type:b'F', body_size:123, channel:36)
2026-09-12 23:32:06,399 create_session
2026-09-12 23:32:06,892 received header: Header(type:b'MSG', chunk_type:b'F', body_size:2464, channel:36)
2026-09-12 23:32:06,894 activate_session
2026-09-12 23:32:06,900 received header: Header(type:b'MSG', chunk_type:b'F', body_size:52, channel:36)
2026-09-12 23:32:06,901 Client connected
2026-09-12 23:32:06,901 read
2026-09-12 23:32:06,901 read
2026-09-12 23:32:06,919 received header: Header(type:b'MSG', chunk_type:b'F', body_size:52, channel:36)
2026-09-12 23:32:06,932 received header: Header(type:b'MSG', chunk_type:b'F', body_size:52, channel:36)
2026-09-12 23:32:06,933 read
2026-09-12 23:32:06,936 received header: Header(type:b'MSG', chunk_type:b'F', body_size:60, channel:36)
2026-09-12 23:32:09,071 read
2026-09-12 23:32:09,076 received header: Header(type:b'MSG', chunk_type:b'F', body_size:52, channel:36)
2026-09-12 23:32:09,076 read
2026-09-12 23:32:09,079 received header: Header(type:b'MSG', chunk_type:b'F', body_size:60, channel:36)
2026-09-12 23:32:11,205 read
2026-09-12 23:32:11,210 received header: Header(type:b'MSG', chunk_type:b'F', body_size:52, channel:36)
2026-09-12 23:32:11,210 read
2026-09-12 23:32:11,213 received header: Header(type:b'MSG', chunk_type:b'F', body_size:60, channel:36)
2026-09-12 23:32:11,920 read
2026-09-12 23:32:11,925 received header: Header(type:b'MSG', chunk_type:b'F', body_size:52, channel:36)
2026-09-12 23:32:13,340 read
2026-09-12 23:32:13,344 received header: Header(type:b'MSG', chunk_type:b'F', body_size:52, channel:36)
2026-09-12 23:32:13,344 read
2026-09-12 23:32:13,348 received header: Header(type:b'MSG', chunk_type:b'F', body_size:60, channel:36)
2026-09-12 23:32:15,479 read
2026-09-12 23:32:15,484 received header: Header(type:b'MSG', chunk_type:b'F', body_size:52, channel:36)
2026-09-12 23:32:15,484 read
2026-09-12 23:32:15,487 received header: Header(type:b'MSG', chunk_type:b'F', body_size:60, channel:36)
2026-09-12 23:32:16,925 read
2026-09-12 23:32:16,929 received header: Header(type:b'MSG', chunk_type:b'F', body_size:52, channel:36)
2026-09-12 23:32:17,619 read
2026-09-12 23:32:17,624 received header: Header(type:b'MSG', chunk_type:b'F', body_size:52, channel:36)
2026-09-12 23:32:17,624 read
2026-09-12 23:32:17,628 received header: Header(type:b'MSG', chunk_type:b'F', body_size:60, channel:36)
2026-09-12 23:32:19,752 read
2026-09-12 23:32:19,756 received header: Header(type:b'MSG', chunk_type:b'F', body_size:52, channel:36)
2026-09-12 23:32:19,756 read
2026-09-12 23:32:19,759 received header: Header(type:b'MSG', chunk_type:b'F', body_size:60, channel:36)
2026-09-12 23:32:21,883 read
2026-09-12 23:32:21,887 received header: Header(type:b'MSG', chunk_type:b'F', body_size:52, channel:36)
2026-09-12 23:32:21,887 read
2026-09-12 23:32:21,890 received header: Header(type:b'MSG', chunk_type:b'F', body_size:60, channel:36)
2026-09-12 23:32:21,930 read
2026-09-12 23:32:21,937 received header: Header(type:b'MSG', chunk_type:b'F', body_size:52, channel:36)
2026-09-12 23:32:24,129 read
2026-09-12 23:32:24,134 received header: Header(type:b'MSG', chunk_type:b'F', body_size:52, channel:36)
2026-09-12 23:32:24,135 read
2026-09-12 23:32:24,138 received header: Header(type:b'MSG', chunk_type:b'F', body_size:60, channel:36)
2026-09-12 23:32:26,267 read
2026-09-12 23:32:26,271 received header: Header(type:b'MSG', chunk_type:b'F', body_size:52, channel:36)
2026-09-12 23:32:26,271 read
2026-09-12 23:32:26,274 received header: Header(type:b'MSG', chunk_type:b'F', body_size:60, channel:36)
2026-09-12 23:32:26,938 read
2026-09-12 23:32:26,942 received header: Header(type:b'MSG', chunk_type:b'F', body_size:52, channel:36)
2026-09-12 23:32:28,397 read
2026-09-12 23:32:28,402 received header: Header(type:b'MSG', chunk_type:b'F', body_size:52, channel:36)
2026-09-12 23:32:28,403 read
2026-09-12 23:32:28,406 received header: Header(type:b'MSG', chunk_type:b'F', body_size:60, channel:36)
2026-09-12 23:32:30,531 read
2026-09-12 23:32:30,535 received header: Header(type:b'MSG', chunk_type:b'F', body_size:52, channel:36)
2026-09-12 23:32:30,535 read
2026-09-12 23:32:30,538 received header: Header(type:b'MSG', chunk_type:b'F', body_size:60, channel:36)
2026-09-12 23:32:31,943 read
2026-09-12 23:32:31,948 received header: Header(type:b'MSG', chunk_type:b'F', body_size:52, channel:36)
2026-09-12 23:32:32,662 read
2026-09-12 23:32:32,666 received header: Header(type:b'MSG', chunk_type:b'F', body_size:52, channel:36)
2026-09-12 23:32:32,666 read
2026-09-12 23:32:32,669 received header: Header(type:b'MSG', chunk_type:b'F', body_size:60, channel:36)
2026-09-12 23:32:34,799 read
2026-09-12 23:32:34,804 received header: Header(type:b'MSG', chunk_type:b'F', body_size:52, channel:36)
2026-09-12 23:32:34,804 read
2026-09-12 23:32:34,807 received header: Header(type:b'MSG', chunk_type:b'F', body_size:60, channel:36)
2026-09-12 23:32:36,932 read
2026-09-12 23:32:36,936 received header: Header(type:b'MSG', chunk_type:b'F', body_size:52, channel:36)
2026-09-12 23:32:36,936 read
2026-09-12 23:32:36,940 received header: Header(type:b'MSG', chunk_type:b'F', body_size:60, channel:36)
2026-09-12 23:32:36,948 read
2026-09-12 23:32:36,955 received header: Header(type:b'MSG', chunk_type:b'F', body_size:52, channel:36)
2026-09-12 23:32:39,064 read
2026-09-12 23:32:39,068 received header: Header(type:b'MSG', chunk_type:b'F', body_size:52, channel:36)
2026-09-12 23:32:39,069 read
2026-09-12 23:32:39,071 received header: Header(type:b'MSG', chunk_type:b'F', body_size:60, channel:36)
2026-09-12 23:32:41,194 read
2026-09-12 23:32:41,198 received header: Header(type:b'MSG', chunk_type:b'F', body_size:52, channel:36)
2026-09-12 23:32:41,198 read
2026-09-12 23:32:41,200 received header: Header(type:b'MSG', chunk_type:b'F', body_size:60, channel:36)
2026-09-12 23:32:41,955 read
2026-09-12 23:32:41,960 received header: Header(type:b'MSG', chunk_type:b'F', body_size:52, channel:36)
2026-09-12 23:32:43,325 read
2026-09-12 23:32:43,328 received header: Header(type:b'MSG', chunk_type:b'F', body_size:52, channel:36)
2026-09-12 23:32:43,328 read
2026-09-12 23:32:43,332 received header: Header(type:b'MSG', chunk_type:b'F', body_size:60, channel:36)
2026-09-12 23:32:45,457 read
2026-09-12 23:32:45,462 received header: Header(type:b'MSG', chunk_type:b'F', body_size:52, channel:36)
2026-09-12 23:32:45,462 read
2026-09-12 23:32:45,467 received header: Header(type:b'MSG', chunk_type:b'F', body_size:60, channel:36)
2026-09-12 23:32:46,960 read
2026-09-12 23:32:46,965 received header: Header(type:b'MSG', chunk_type:b'F', body_size:52, channel:36)
2026-09-12 23:32:47,591 read
2026-09-12 23:32:47,595 received header: Header(type:b'MSG', chunk_type:b'F', body_size:52, channel:36)
2026-09-12 23:32:47,595 read
2026-09-12 23:32:47,598 received header: Header(type:b'MSG', chunk_type:b'F', body_size:60, channel:36)
2026-09-12 23:32:49,723 read
2026-09-12 23:32:49,727 received header: Header(type:b'MSG', chunk_type:b'F', body_size:52, channel:36)
2026-09-12 23:32:49,727 read
2026-09-12 23:32:49,730 received header: Header(type:b'MSG', chunk_type:b'F', body_size:60, channel:36)
2026-09-12 23:32:51,852 read
2026-09-12 23:32:51,857 received header: Header(type:b'MSG', chunk_type:b'F', body_size:52, channel:36)
2026-09-12 23:32:51,857 read
2026-09-12 23:32:51,861 received header: Header(type:b'MSG', chunk_type:b'F', body_size:60, channel:36)
2026-09-12 23:32:51,966 read
2026-09-12 23:32:51,970 received header: Header(type:b'MSG', chunk_type:b'F', body_size:52, channel:36)
2026-09-12 23:32:53,986 read
2026-09-12 23:32:53,989 received header: Header(type:b'MSG', chunk_type:b'F', body_size:52, channel:36)
2026-09-12 23:32:53,989 read
2026-09-12 23:32:53,992 received header: Header(type:b'MSG', chunk_type:b'F', body_size:60, channel:36)
2026-09-12 23:32:56,117 read
2026-09-12 23:32:56,120 received header: Header(type:b'MSG', chunk_type:b'F', body_size:52, channel:36)
2026-09-12 23:32:56,120 read
2026-09-12 23:32:56,125 received header: Header(type:b'MSG', chunk_type:b'F', body_size:60, channel:36)
2026-09-12 23:32:56,970 read
2026-09-12 23:32:56,974 received header: Header(type:b'MSG', chunk_type:b'F', body_size:52, channel:36)
2026-09-12 23:32:58,252 read
2026-09-12 23:32:58,256 received header: Header(type:b'MSG', chunk_type:b'F', body_size:52, channel:36)
2026-09-12 23:32:58,256 read
2026-09-12 23:32:58,259 received header: Header(type:b'MSG', chunk_type:b'F', body_size:60, channel:36)
2026-09-12 23:33:00,382 read
2026-09-12 23:33:00,386 received header: Header(type:b'MSG', chunk_type:b'F', body_size:52, channel:36)
2026-09-12 23:33:00,387 read
2026-09-12 23:33:00,391 received header: Header(type:b'MSG', chunk_type:b'F', body_size:60, channel:36)
2026-09-12 23:33:01,974 read
2026-09-12 23:33:01,978 received header: Header(type:b'MSG', chunk_type:b'F', body_size:52, channel:36)
2026-09-12 23:33:02,513 read
2026-09-12 23:33:02,517 received header: Header(type:b'MSG', chunk_type:b'F', body_size:52, channel:36)
2026-09-12 23:33:02,518 read
2026-09-12 23:33:02,520 received header: Header(type:b'MSG', chunk_type:b'F', body_size:60, channel:36)
2026-09-12 23:33:04,645 read
2026-09-12 23:33:04,648 received header: Header(type:b'MSG', chunk_type:b'F', body_size:52, channel:36)
2026-09-12 23:33:04,649 read
2026-09-12 23:33:04,657 received header: Header(type:b'MSG', chunk_type:b'F', body_size:60, channel:36)
2026-09-12 23:33:06,780 read
2026-09-12 23:33:06,784 received header: Header(type:b'MSG', chunk_type:b'F', body_size:52, channel:36)
2026-09-12 23:33:06,784 read
2026-09-12 23:33:06,787 received header: Header(type:b'MSG', chunk_type:b'F', body_size:60, channel:36)
2026-09-12 23:33:06,978 read
2026-09-12 23:33:06,982 received header: Header(type:b'MSG', chunk_type:b'F', body_size:52, channel:36)
2026-09-12 23:33:08,912 read
2026-09-12 23:33:08,915 received header: Header(type:b'MSG', chunk_type:b'F', body_size:52, channel:36)
2026-09-12 23:33:08,916 read
2026-09-12 23:33:08,918 received header: Header(type:b'MSG', chunk_type:b'F', body_size:60, channel:36)
2026-09-12 23:33:11,045 read
2026-09-12 23:33:11,049 received header: Header(type:b'MSG', chunk_type:b'F', body_size:52, channel:36)
2026-09-12 23:33:11,049 read
2026-09-12 23:33:11,052 received header: Header(type:b'MSG', chunk_type:b'F', body_size:60, channel:36)
2026-09-12 23:33:11,983 read
2026-09-12 23:33:11,986 received header: Header(type:b'MSG', chunk_type:b'F', body_size:52, channel:36)
2026-09-12 23:33:13,176 read
2026-09-12 23:33:13,179 received header: Header(type:b'MSG', chunk_type:b'F', body_size:52, channel:36)
2026-09-12 23:33:13,180 read
2026-09-12 23:33:13,183 received header: Header(type:b'MSG', chunk_type:b'F', body_size:60, channel:36)
2026-09-12 23:33:15,309 read
2026-09-12 23:33:15,314 received header: Header(type:b'MSG', chunk_type:b'F', body_size:52, channel:36)
2026-09-12 23:33:15,314 read
2026-09-12 23:33:15,318 received header: Header(type:b'MSG', chunk_type:b'F', body_size:60, channel:36)
2026-09-12 23:33:16,987 read
2026-09-12 23:33:16,991 received header: Header(type:b'MSG', chunk_type:b'F', body_size:52, channel:36)
2026-09-12 23:33:17,442 read
2026-09-12 23:33:17,445 received header: Header(type:b'MSG', chunk_type:b'F', body_size:52, channel:36)
2026-09-12 23:33:17,445 read
2026-09-12 23:33:17,448 received header: Header(type:b'MSG', chunk_type:b'F', body_size:60, channel:36)
2026-09-12 23:33:19,571 read
2026-09-12 23:33:19,575 received header: Header(type:b'MSG', chunk_type:b'F', body_size:52, channel:36)
2026-09-12 23:33:19,575 read
2026-09-12 23:33:19,579 received header: Header(type:b'MSG', chunk_type:b'F', body_size:60, channel:36)
2026-09-12 23:33:21,704 read
2026-09-12 23:33:21,708 received header: Header(type:b'MSG', chunk_type:b'F', body_size:52, channel:36)
2026-09-12 23:33:21,709 read
2026-09-12 23:33:21,711 received header: Header(type:b'MSG', chunk_type:b'F', body_size:60, channel:36)
2026-09-12 23:33:21,991 read
2026-09-12 23:33:21,997 received header: Header(type:b'MSG', chunk_type:b'F', body_size:52, channel:36)
2026-09-12 23:33:23,835 read
2026-09-12 23:33:23,839 received header: Header(type:b'MSG', chunk_type:b'F', body_size:52, channel:36)
2026-09-12 23:33:23,839 read
2026-09-12 23:33:23,844 received header: Header(type:b'MSG', chunk_type:b'F', body_size:60, channel:36)
2026-09-12 23:33:25,968 read
2026-09-12 23:33:25,972 received header: Header(type:b'MSG', chunk_type:b'F', body_size:52, channel:36)
2026-09-12 23:33:25,973 read
2026-09-12 23:33:25,976 received header: Header(type:b'MSG', chunk_type:b'F', body_size:60, channel:36)
2026-09-12 23:33:26,997 read
2026-09-12 23:33:27,001 received header: Header(type:b'MSG', chunk_type:b'F', body_size:52, channel:36)
2026-09-12 23:33:28,099 read
2026-09-12 23:33:28,103 received header: Header(type:b'MSG', chunk_type:b'F', body_size:52, channel:36)
2026-09-12 23:33:28,104 read
2026-09-12 23:33:28,107 received header: Header(type:b'MSG', chunk_type:b'F', body_size:60, channel:36)
2026-09-12 23:33:30,230 read
2026-09-12 23:33:30,235 received header: Header(type:b'MSG', chunk_type:b'F', body_size:52, channel:36)
2026-09-12 23:33:30,236 read
2026-09-12 23:33:30,238 received header: Header(type:b'MSG', chunk_type:b'F', body_size:60, channel:36)
2026-09-12 23:33:30,894 open_secure_channel
2026-09-12 23:33:30,895 received header: Header(type:b'OPN', chunk_type:b'F', body_size:123, channel:36)
2026-09-12 23:33:30,896 read
2026-09-12 23:33:30,899 received header: Header(type:b'MSG', chunk_type:b'F', body_size:62, channel:36)
2026-09-12 23:33:32,001 read
2026-09-12 23:33:32,006 received header: Header(type:b'MSG', chunk_type:b'F', body_size:52, channel:36)
2026-09-12 23:33:32,361 read
2026-09-12 23:33:32,365 received header: Header(type:b'MSG', chunk_type:b'F', body_size:52, channel:36)
2026-09-12 23:33:32,365 read
2026-09-12 23:33:32,368 received header: Header(type:b'MSG', chunk_type:b'F', body_size:60, channel:36)
2026-09-12 23:33:34,491 read
2026-09-12 23:33:34,496 received header: Header(type:b'MSG', chunk_type:b'F', body_size:52, channel:36)
2026-09-12 23:33:34,496 read
2026-09-12 23:33:34,500 received header: Header(type:b'MSG', chunk_type:b'F', body_size:60, channel:36)
2026-09-12 23:33:36,623 read
2026-09-12 23:33:36,628 received header: Header(type:b'MSG', chunk_type:b'F', body_size:52, channel:36)
2026-09-12 23:33:36,628 read
2026-09-12 23:33:36,631 received header: Header(type:b'MSG', chunk_type:b'F', body_size:60, channel:36)
2026-09-12 23:33:37,006 read
2026-09-12 23:33:37,012 received header: Header(type:b'MSG', chunk_type:b'F', body_size:52, channel:36)
2026-09-12 23:33:38,756 read
2026-09-12 23:33:38,760 received header: Header(type:b'MSG', chunk_type:b'F', body_size:52, channel:36)
2026-09-12 23:33:38,760 read
2026-09-12 23:33:38,762 received header: Header(type:b'MSG', chunk_type:b'F', body_size:60, channel:36)
2026-09-12 23:33:40,886 read
2026-09-12 23:33:40,889 received header: Header(type:b'MSG', chunk_type:b'F', body_size:52, channel:36)
2026-09-12 23:33:40,889 read
2026-09-12 23:33:40,894 received header: Header(type:b'MSG', chunk_type:b'F', body_size:60, channel:36)
2026-09-12 23:33:42,013 read
2026-09-12 23:33:42,017 received header: Header(type:b'MSG', chunk_type:b'F', body_size:52, channel:36)
2026-09-12 23:33:43,017 read
2026-09-12 23:33:43,021 received header: Header(type:b'MSG', chunk_type:b'F', body_size:52, channel:36)
2026-09-12 23:33:43,022 read
2026-09-12 23:33:43,026 received header: Header(type:b'MSG', chunk_type:b'F', body_size:60, channel:36)
2026-09-12 23:33:45,150 read
2026-09-12 23:33:45,155 received header: Header(type:b'MSG', chunk_type:b'F', body_size:52, channel:36)
2026-09-12 23:33:45,155 read
2026-09-12 23:33:45,158 received header: Header(type:b'MSG', chunk_type:b'F', body_size:60, channel:36)
2026-09-12 23:33:47,017 read
2026-09-12 23:33:47,021 received header: Header(type:b'MSG', chunk_type:b'F', body_size:52, channel:36)
2026-09-12 23:33:47,285 read
2026-09-12 23:33:47,288 received header: Header(type:b'MSG', chunk_type:b'F', body_size:52, channel:36)
2026-09-12 23:33:47,289 read
2026-09-12 23:33:47,292 received header: Header(type:b'MSG', chunk_type:b'F', body_size:60, channel:36)
2026-09-12 23:33:49,415 read
2026-09-12 23:33:49,419 received header: Header(type:b'MSG', chunk_type:b'F', body_size:52, channel:36)
2026-09-12 23:33:49,420 read
2026-09-12 23:33:49,423 received header: Header(type:b'MSG', chunk_type:b'F', body_size:60, channel:36)
2026-09-12 23:33:51,547 read
2026-09-12 23:33:51,551 received header: Header(type:b'MSG', chunk_type:b'F', body_size:52, channel:36)
2026-09-12 23:33:51,551 read
2026-09-12 23:33:51,554 received header: Header(type:b'MSG', chunk_type:b'F', body_size:60, channel:36)
2026-09-12 23:33:52,021 read
2026-09-12 23:33:52,027 received header: Header(type:b'MSG', chunk_type:b'F', body_size:52, channel:36)
2026-09-12 23:33:53,677 read
2026-09-12 23:33:53,682 received header: Header(type:b'MSG', chunk_type:b'F', body_size:52, channel:36)
2026-09-12 23:33:53,682 read
2026-09-12 23:33:53,686 received header: Header(type:b'MSG', chunk_type:b'F', body_size:60, channel:36)
2026-09-12 23:33:55,809 read
2026-09-12 23:33:55,815 received header: Header(type:b'MSG', chunk_type:b'F', body_size:52, channel:36)
2026-09-12 23:33:55,815 read
2026-09-12 23:33:55,819 received header: Header(type:b'MSG', chunk_type:b'F', body_size:60, channel:36)
2026-09-12 23:33:57,027 read
2026-09-12 23:33:57,032 received header: Header(type:b'MSG', chunk_type:b'F', body_size:52, channel:36)
2026-09-12 23:33:57,942 read
2026-09-12 23:33:57,946 received header: Header(type:b'MSG', chunk_type:b'F', body_size:52, channel:36)
2026-09-12 23:33:57,946 read
2026-09-12 23:33:57,949 received header: Header(type:b'MSG', chunk_type:b'F', body_size:60, channel:36)
2026-09-12 23:34:00,074 read
2026-09-12 23:34:00,078 received header: Header(type:b'MSG', chunk_type:b'F', body_size:52, channel:36)
2026-09-12 23:34:00,078 read
2026-09-12 23:34:00,083 received header: Header(type:b'MSG', chunk_type:b'F', body_size:60, channel:36)
2026-09-12 23:34:02,033 read
2026-09-12 23:34:02,037 received header: Header(type:b'MSG', chunk_type:b'F', body_size:52, channel:36)
2026-09-12 23:34:02,211 read
2026-09-12 23:34:02,215 received header: Header(type:b'MSG', chunk_type:b'F', body_size:52, channel:36)
2026-09-12 23:34:02,216 read
2026-09-12 23:34:02,219 received header: Header(type:b'MSG', chunk_type:b'F', body_size:60, channel:36)
2026-09-12 23:34:04,343 read
2026-09-12 23:34:04,347 received header: Header(type:b'MSG', chunk_type:b'F', body_size:52, channel:36)
2026-09-12 23:34:04,347 read
2026-09-12 23:34:04,350 received header: Header(type:b'MSG', chunk_type:b'F', body_size:60, channel:36)
2026-09-12 23:34:06,473 read
2026-09-12 23:34:06,476 received header: Header(type:b'MSG', chunk_type:b'F', body_size:52, channel:36)
2026-09-12 23:34:06,477 read
2026-09-12 23:34:06,479 received header: Header(type:b'MSG', chunk_type:b'F', body_size:60, channel:36)
2026-09-12 23:34:07,037 read
2026-09-12 23:34:07,041 received header: Header(type:b'MSG', chunk_type:b'F', body_size:52, channel:36)
2026-09-12 23:34:08,602 read
2026-09-12 23:34:08,606 received header: Header(type:b'MSG', chunk_type:b'F', body_size:52, channel:36)
2026-09-12 23:34:08,606 read
2026-09-12 23:34:08,610 received header: Header(type:b'MSG', chunk_type:b'F', body_size:60, channel:36)
2026-09-12 23:34:10,734 read
2026-09-12 23:34:10,738 received header: Header(type:b'MSG', chunk_type:b'F', body_size:52, channel:36)
2026-09-12 23:34:10,738 read
2026-09-12 23:34:10,741 received header: Header(type:b'MSG', chunk_type:b'F', body_size:60, channel:36)
2026-09-12 23:34:12,041 read
2026-09-12 23:34:12,044 received header: Header(type:b'MSG', chunk_type:b'F', body_size:52, channel:36)
2026-09-12 23:34:12,863 read
2026-09-12 23:34:12,866 received header: Header(type:b'MSG', chunk_type:b'F', body_size:52, channel:36)
2026-09-12 23:34:12,867 read
2026-09-12 23:34:12,869 received header: Header(type:b'MSG', chunk_type:b'F', body_size:60, channel:36)
2026-09-12 23:34:14,992 read
2026-09-12 23:34:14,995 received header: Header(type:b'MSG', chunk_type:b'F', body_size:52, channel:36)
2026-09-12 23:34:14,996 read
2026-09-12 23:34:14,999 received header: Header(type:b'MSG', chunk_type:b'F', body_size:60, channel:36)
2026-09-12 23:34:17,045 read
2026-09-12 23:34:17,049 received header: Header(type:b'MSG', chunk_type:b'F', body_size:52, channel:36)
2026-09-12 23:34:17,124 read
2026-09-12 23:34:17,128 received header: Header(type:b'MSG', chunk_type:b'F', body_size:52, channel:36)
2026-09-12 23:34:17,128 read
2026-09-12 23:34:17,131 received header: Header(type:b'MSG', chunk_type:b'F', body_size:60, channel:36)
2026-09-12 23:34:19,255 read
2026-09-12 23:34:19,261 received header: Header(type:b'MSG', chunk_type:b'F', body_size:52, channel:36)
2026-09-12 23:34:19,261 read
2026-09-12 23:34:19,265 received header: Header(type:b'MSG', chunk_type:b'F', body_size:60, channel:36)
2026-09-12 23:34:21,389 read
2026-09-12 23:34:21,392 received header: Header(type:b'MSG', chunk_type:b'F', body_size:52, channel:36)
2026-09-12 23:34:21,392 read
2026-09-12 23:34:21,395 received header: Header(type:b'MSG', chunk_type:b'F', body_size:60, channel:36)
2026-09-12 23:34:22,050 read
2026-09-12 23:34:22,054 received header: Header(type:b'MSG', chunk_type:b'F', body_size:52, channel:36)
2026-09-12 23:34:23,518 read
2026-09-12 23:34:23,521 received header: Header(type:b'MSG', chunk_type:b'F', body_size:52, channel:36)
2026-09-12 23:34:23,522 read
2026-09-12 23:34:23,524 received header: Header(type:b'MSG', chunk_type:b'F', body_size:60, channel:36)
2026-09-12 23:34:25,648 read
2026-09-12 23:34:25,651 received header: Header(type:b'MSG', chunk_type:b'F', body_size:52, channel:36)
2026-09-12 23:34:25,651 read
2026-09-12 23:34:25,654 received header: Header(type:b'MSG', chunk_type:b'F', body_size:60, channel:36)
2026-09-12 23:34:27,054 read
2026-09-12 23:34:27,059 received header: Header(type:b'MSG', chunk_type:b'F', body_size:52, channel:36)
2026-09-12 23:34:27,778 read
2026-09-12 23:34:27,782 received header: Header(type:b'MSG', chunk_type:b'F', body_size:52, channel:36)
2026-09-12 23:34:27,782 read
2026-09-12 23:34:27,785 received header: Header(type:b'MSG', chunk_type:b'F', body_size:60, channel:36)
2026-09-12 23:34:29,908 read
2026-09-12 23:34:29,912 received header: Header(type:b'MSG', chunk_type:b'F', body_size:52, channel:36)
2026-09-12 23:34:29,912 read
2026-09-12 23:34:29,915 received header: Header(type:b'MSG', chunk_type:b'F', body_size:60, channel:36)
2026-09-12 23:34:32,041 read
2026-09-12 23:34:32,045 received header: Header(type:b'MSG', chunk_type:b'F', body_size:52, channel:36)
2026-09-12 23:34:32,045 read
2026-09-12 23:34:32,048 received header: Header(type:b'MSG', chunk_type:b'F', body_size:60, channel:36)
2026-09-12 23:34:32,059 read
2026-09-12 23:34:32,063 received header: Header(type:b'MSG', chunk_type:b'F', body_size:52, channel:36)
2026-09-12 23:34:34,171 read
2026-09-12 23:34:34,175 received header: Header(type:b'MSG', chunk_type:b'F', body_size:52, channel:36)
2026-09-12 23:34:34,175 read
2026-09-12 23:34:34,180 received header: Header(type:b'MSG', chunk_type:b'F', body_size:60, channel:36)
2026-09-12 23:34:36,304 read
2026-09-12 23:34:36,308 received header: Header(type:b'MSG', chunk_type:b'F', body_size:52, channel:36)
2026-09-12 23:34:36,308 read
2026-09-12 23:34:36,311 received header: Header(type:b'MSG', chunk_type:b'F', body_size:60, channel:36)
2026-09-12 23:34:37,064 read
2026-09-12 23:34:37,068 received header: Header(type:b'MSG', chunk_type:b'F', body_size:52, channel:36)
2026-09-12 23:34:38,434 read
2026-09-12 23:34:38,438 received header: Header(type:b'MSG', chunk_type:b'F', body_size:52, channel:36)
2026-09-12 23:34:38,438 read
2026-09-12 23:34:38,441 received header: Header(type:b'MSG', chunk_type:b'F', body_size:60, channel:36)
2026-09-12 23:34:40,564 read
2026-09-12 23:34:40,568 received header: Header(type:b'MSG', chunk_type:b'F', body_size:52, channel:36)
2026-09-12 23:34:40,568 read
2026-09-12 23:34:40,571 received header: Header(type:b'MSG', chunk_type:b'F', body_size:60, channel:36)
2026-09-12 23:34:42,068 read
2026-09-12 23:34:42,072 received header: Header(type:b'MSG', chunk_type:b'F', body_size:52, channel:36)
2026-09-12 23:34:42,694 read
2026-09-12 23:34:42,698 received header: Header(type:b'MSG', chunk_type:b'F', body_size:52, channel:36)
2026-09-12 23:34:42,698 read
2026-09-12 23:34:42,700 received header: Header(type:b'MSG', chunk_type:b'F', body_size:60, channel:36)
2026-09-12 23:34:44,825 read
2026-09-12 23:34:44,828 received header: Header(type:b'MSG', chunk_type:b'F', body_size:52, channel:36)
2026-09-12 23:34:44,828 read
2026-09-12 23:34:44,831 received header: Header(type:b'MSG', chunk_type:b'F', body_size:60, channel:36)
2026-09-12 23:34:46,954 read
2026-09-12 23:34:46,958 received header: Header(type:b'MSG', chunk_type:b'F', body_size:52, channel:36)
2026-09-12 23:34:46,958 read
2026-09-12 23:34:46,961 received header: Header(type:b'MSG', chunk_type:b'F', body_size:60, channel:36)
2026-09-12 23:34:47,073 read
2026-09-12 23:34:47,078 received header: Header(type:b'MSG', chunk_type:b'F', body_size:52, channel:36)
2026-09-12 23:34:49,085 read
2026-09-12 23:34:49,090 received header: Header(type:b'MSG', chunk_type:b'F', body_size:52, channel:36)
2026-09-12 23:34:49,090 read
2026-09-12 23:34:49,093 received header: Header(type:b'MSG', chunk_type:b'F', body_size:60, channel:36)
2026-09-12 23:34:51,218 read
2026-09-12 23:34:51,222 received header: Header(type:b'MSG', chunk_type:b'F', body_size:52, channel:36)
2026-09-12 23:34:51,222 read
2026-09-12 23:34:51,225 received header: Header(type:b'MSG', chunk_type:b'F', body_size:60, channel:36)
2026-09-12 23:34:52,078 read
2026-09-12 23:34:52,082 received header: Header(type:b'MSG', chunk_type:b'F', body_size:52, channel:36)
2026-09-12 23:34:53,348 read
2026-09-12 23:34:53,351 received header: Header(type:b'MSG', chunk_type:b'F', body_size:52, channel:36)
2026-09-12 23:34:53,352 read
2026-09-12 23:34:53,354 received header: Header(type:b'MSG', chunk_type:b'F', body_size:60, channel:36)
2026-09-12 23:34:54,899 open_secure_channel
2026-09-12 23:34:54,901 received header: Header(type:b'OPN', chunk_type:b'F', body_size:123, channel:36)
2026-09-12 23:34:54,901 read
2026-09-12 23:34:54,904 received header: Header(type:b'MSG', chunk_type:b'F', body_size:62, channel:36)
2026-09-12 23:34:55,477 read
2026-09-12 23:34:55,480 received header: Header(type:b'MSG', chunk_type:b'F', body_size:52, channel:36)
2026-09-12 23:34:55,480 read
2026-09-12 23:34:55,483 received header: Header(type:b'MSG', chunk_type:b'F', body_size:60, channel:36)
2026-09-12 23:34:57,082 read
2026-09-12 23:34:57,086 received header: Header(type:b'MSG', chunk_type:b'F', body_size:52, channel:36)
2026-09-12 23:34:57,606 read
2026-09-12 23:34:57,611 received header: Header(type:b'MSG', chunk_type:b'F', body_size:52, channel:36)
2026-09-12 23:34:57,612 read
2026-09-12 23:34:57,615 received header: Header(type:b'MSG', chunk_type:b'F', body_size:60, channel:36)
2026-09-12 23:34:59,737 read
2026-09-12 23:34:59,741 received header: Header(type:b'MSG', chunk_type:b'F', body_size:52, channel:36)
2026-09-12 23:34:59,741 read
2026-09-12 23:34:59,744 received header: Header(type:b'MSG', chunk_type:b'F', body_size:60, channel:36)
2026-09-12 23:35:01,869 read
2026-09-12 23:35:01,873 received header: Header(type:b'MSG', chunk_type:b'F', body_size:52, channel:36)
2026-09-12 23:35:01,874 read
2026-09-12 23:35:01,877 received header: Header(type:b'MSG', chunk_type:b'F', body_size:60, channel:36)
2026-09-12 23:35:02,086 read
2026-09-12 23:35:02,091 received header: Header(type:b'MSG', chunk_type:b'F', body_size:52, channel:36)
2026-09-12 23:35:04,000 read
2026-09-12 23:35:04,004 received header: Header(type:b'MSG', chunk_type:b'F', body_size:52, channel:36)
2026-09-12 23:35:04,004 read
2026-09-12 23:35:04,007 received header: Header(type:b'MSG', chunk_type:b'F', body_size:60, channel:36)
2026-09-12 23:35:06,134 read
2026-09-12 23:35:06,137 received header: Header(type:b'MSG', chunk_type:b'F', body_size:52, channel:36)
2026-09-12 23:35:06,137 read
2026-09-12 23:35:06,141 received header: Header(type:b'MSG', chunk_type:b'F', body_size:60, channel:36)
2026-09-12 23:35:07,091 read
2026-09-12 23:35:07,096 received header: Header(type:b'MSG', chunk_type:b'F', body_size:52, channel:36)
2026-09-12 23:35:08,266 read
2026-09-12 23:35:08,270 received header: Header(type:b'MSG', chunk_type:b'F', body_size:52, channel:36)
2026-09-12 23:35:08,271 read
2026-09-12 23:35:08,275 received header: Header(type:b'MSG', chunk_type:b'F', body_size:60, channel:36)
2026-09-12 23:35:10,399 read
2026-09-12 23:35:10,402 received header: Header(type:b'MSG', chunk_type:b'F', body_size:52, channel:36)
2026-09-12 23:35:10,402 read
2026-09-12 23:35:10,405 received header: Header(type:b'MSG', chunk_type:b'F', body_size:60, channel:36)
2026-09-12 23:35:12,096 read
2026-09-12 23:35:12,101 received header: Header(type:b'MSG', chunk_type:b'F', body_size:52, channel:36)
2026-09-12 23:35:12,528 read
2026-09-12 23:35:12,532 received header: Header(type:b'MSG', chunk_type:b'F', body_size:52, channel:36)
2026-09-12 23:35:12,533 read
2026-09-12 23:35:12,536 received header: Header(type:b'MSG', chunk_type:b'F', body_size:60, channel:36)
2026-09-12 23:35:14,659 read
2026-09-12 23:35:14,663 received header: Header(type:b'MSG', chunk_type:b'F', body_size:52, channel:36)
2026-09-12 23:35:14,663 read
2026-09-12 23:35:14,666 received header: Header(type:b'MSG', chunk_type:b'F', body_size:60, channel:36)
2026-09-12 23:35:16,790 read
2026-09-12 23:35:16,794 received header: Header(type:b'MSG', chunk_type:b'F', body_size:52, channel:36)
2026-09-12 23:35:16,794 read
2026-09-12 23:35:16,798 received header: Header(type:b'MSG', chunk_type:b'F', body_size:60, channel:36)
2026-09-12 23:35:17,101 read
2026-09-12 23:35:17,106 received header: Header(type:b'MSG', chunk_type:b'F', body_size:52, channel:36)
2026-09-12 23:35:18,923 read
2026-09-12 23:35:18,927 received header: Header(type:b'MSG', chunk_type:b'F', body_size:52, channel:36)
2026-09-12 23:35:18,927 read
2026-09-12 23:35:18,931 received header: Header(type:b'MSG', chunk_type:b'F', body_size:60, channel:36)
2026-09-12 23:35:21,060 read
2026-09-12 23:35:21,063 received header: Header(type:b'MSG', chunk_type:b'F', body_size:52, channel:36)
2026-09-12 23:35:21,063 read
2026-09-12 23:35:21,066 received header: Header(type:b'MSG', chunk_type:b'F', body_size:60, channel:36)
2026-09-12 23:35:22,106 read
2026-09-12 23:35:22,110 received header: Header(type:b'MSG', chunk_type:b'F', body_size:52, channel:36)
2026-09-12 23:35:23,190 read
2026-09-12 23:35:23,193 received header: Header(type:b'MSG', chunk_type:b'F', body_size:52, channel:36)
2026-09-12 23:35:23,194 read
2026-09-12 23:35:23,197 received header: Header(type:b'MSG', chunk_type:b'F', body_size:60, channel:36)
2026-09-12 23:35:25,321 read
2026-09-12 23:35:25,325 received header: Header(type:b'MSG', chunk_type:b'F', body_size:52, channel:36)
2026-09-12 23:35:25,325 read
2026-09-12 23:35:25,328 received header: Header(type:b'MSG', chunk_type:b'F', body_size:60, channel:36)
2026-09-12 23:35:27,111 read
2026-09-12 23:35:27,116 received header: Header(type:b'MSG', chunk_type:b'F', body_size:52, channel:36)
2026-09-12 23:35:27,452 read
2026-09-12 23:35:27,459 received header: Header(type:b'MSG', chunk_type:b'F', body_size:52, channel:36)
2026-09-12 23:35:27,459 read
2026-09-12 23:35:27,462 received header: Header(type:b'MSG', chunk_type:b'F', body_size:60, channel:36)
2026-09-12 23:35:29,587 read
2026-09-12 23:35:29,590 received header: Header(type:b'MSG', chunk_type:b'F', body_size:52, channel:36)
2026-09-12 23:35:29,591 read
2026-09-12 23:35:29,593 received header: Header(type:b'MSG', chunk_type:b'F', body_size:60, channel:36)
2026-09-12 23:35:31,717 read
2026-09-12 23:35:31,720 received header: Header(type:b'MSG', chunk_type:b'F', body_size:52, channel:36)
2026-09-12 23:35:31,721 read
2026-09-12 23:35:31,723 received header: Header(type:b'MSG', chunk_type:b'F', body_size:60, channel:36)
2026-09-12 23:35:32,116 read
2026-09-12 23:35:32,119 received header: Header(type:b'MSG', chunk_type:b'F', body_size:52, channel:36)
2026-09-12 23:35:33,847 read
2026-09-12 23:35:33,851 received header: Header(type:b'MSG', chunk_type:b'F', body_size:52, channel:36)
2026-09-12 23:35:33,851 read
2026-09-12 23:35:33,855 received header: Header(type:b'MSG', chunk_type:b'F', body_size:60, channel:36)
2026-09-12 23:35:35,978 read
2026-09-12 23:35:35,982 received header: Header(type:b'MSG', chunk_type:b'F', body_size:52, channel:36)
2026-09-12 23:35:35,982 read
2026-09-12 23:35:35,985 received header: Header(type:b'MSG', chunk_type:b'F', body_size:60, channel:36)
2026-09-12 23:35:37,120 read
2026-09-12 23:35:37,123 received header: Header(type:b'MSG', chunk_type:b'F', body_size:52, channel:36)
2026-09-12 23:35:38,108 read
2026-09-12 23:35:38,112 received header: Header(type:b'MSG', chunk_type:b'F', body_size:52, channel:36)
2026-09-12 23:35:38,112 read
2026-09-12 23:35:38,115 received header: Header(type:b'MSG', chunk_type:b'F', body_size:60, channel:36)
2026-09-12 23:35:40,238 read
2026-09-12 23:35:40,242 received header: Header(type:b'MSG', chunk_type:b'F', body_size:52, channel:36)
2026-09-12 23:35:40,242 read
2026-09-12 23:35:40,245 received header: Header(type:b'MSG', chunk_type:b'F', body_size:60, channel:36)
2026-09-12 23:35:42,124 read
2026-09-12 23:35:42,127 received header: Header(type:b'MSG', chunk_type:b'F', body_size:52, channel:36)
2026-09-12 23:35:42,370 read
2026-09-12 23:35:42,374 received header: Header(type:b'MSG', chunk_type:b'F', body_size:52, channel:36)
2026-09-12 23:35:42,374 read
2026-09-12 23:35:42,377 received header: Header(type:b'MSG', chunk_type:b'F', body_size:60, channel:36)
2026-09-12 23:35:44,501 read
2026-09-12 23:35:44,504 received header: Header(type:b'MSG', chunk_type:b'F', body_size:52, channel:36)
2026-09-12 23:35:44,504 read
2026-09-12 23:35:44,508 received header: Header(type:b'MSG', chunk_type:b'F', body_size:60, channel:36)
2026-09-12 23:35:46,631 read
2026-09-12 23:35:46,635 received header: Header(type:b'MSG', chunk_type:b'F', body_size:52, channel:36)
2026-09-12 23:35:46,635 read
2026-09-12 23:35:46,638 received header: Header(type:b'MSG', chunk_type:b'F', body_size:60, channel:36)
2026-09-12 23:35:47,128 read
2026-09-12 23:35:47,131 received header: Header(type:b'MSG', chunk_type:b'F', body_size:52, channel:36)
2026-09-12 23:35:48,761 read
2026-09-12 23:35:48,765 received header: Header(type:b'MSG', chunk_type:b'F', body_size:52, channel:36)
2026-09-12 23:35:48,765 read
2026-09-12 23:35:48,768 received header: Header(type:b'MSG', chunk_type:b'F', body_size:60, channel:36)
2026-09-12 23:35:50,890 read
2026-09-12 23:35:50,897 received header: Header(type:b'MSG', chunk_type:b'F', body_size:52, channel:36)
2026-09-12 23:35:50,897 read
2026-09-12 23:35:50,900 received header: Header(type:b'MSG', chunk_type:b'F', body_size:60, channel:36)
2026-09-12 23:35:52,132 read
2026-09-12 23:35:52,135 received header: Header(type:b'MSG', chunk_type:b'F', body_size:52, channel:36)
2026-09-12 23:35:53,024 read
2026-09-12 23:35:53,029 received header: Header(type:b'MSG', chunk_type:b'F', body_size:52, channel:36)
2026-09-12 23:35:53,029 read
2026-09-12 23:35:53,032 received header: Header(type:b'MSG', chunk_type:b'F', body_size:60, channel:36)
2026-09-12 23:35:55,156 read
2026-09-12 23:35:55,160 received header: Header(type:b'MSG', chunk_type:b'F', body_size:52, channel:36)
2026-09-12 23:35:55,160 read
2026-09-12 23:35:55,163 received header: Header(type:b'MSG', chunk_type:b'F', body_size:60, channel:36)
2026-09-12 23:35:57,136 read
2026-09-12 23:35:57,139 received header: Header(type:b'MSG', chunk_type:b'F', body_size:52, channel:36)
2026-09-12 23:35:57,294 read
2026-09-12 23:35:57,298 received header: Header(type:b'MSG', chunk_type:b'F', body_size:52, channel:36)
2026-09-12 23:35:57,298 read
2026-09-12 23:35:57,301 received header: Header(type:b'MSG', chunk_type:b'F', body_size:60, channel:36)
2026-09-12 23:35:59,424 read
2026-09-12 23:35:59,427 received header: Header(type:b'MSG', chunk_type:b'F', body_size:52, channel:36)
2026-09-12 23:35:59,428 read
2026-09-12 23:35:59,430 received header: Header(type:b'MSG', chunk_type:b'F', body_size:60, channel:36)
2026-09-12 23:36:01,553 read
2026-09-12 23:36:01,557 received header: Header(type:b'MSG', chunk_type:b'F', body_size:52, channel:36)
2026-09-12 23:36:01,557 read
2026-09-12 23:36:01,561 received header: Header(type:b'MSG', chunk_type:b'F', body_size:60, channel:36)
2026-09-12 23:36:02,139 read
2026-09-12 23:36:02,143 received header: Header(type:b'MSG', chunk_type:b'F', body_size:52, channel:36)
2026-09-12 23:36:03,684 read
2026-09-12 23:36:03,687 received header: Header(type:b'MSG', chunk_type:b'F', body_size:52, channel:36)
2026-09-12 23:36:03,688 read
2026-09-12 23:36:03,692 received header: Header(type:b'MSG', chunk_type:b'F', body_size:60, channel:36)
2026-09-12 23:36:05,814 read
2026-09-12 23:36:05,817 received header: Header(type:b'MSG', chunk_type:b'F', body_size:52, channel:36)
2026-09-12 23:36:05,818 read
2026-09-12 23:36:05,820 received header: Header(type:b'MSG', chunk_type:b'F', body_size:60, channel:36)
2026-09-12 23:36:07,143 read
2026-09-12 23:36:07,147 received header: Header(type:b'MSG', chunk_type:b'F', body_size:52, channel:36)
2026-09-12 23:36:07,943 read
2026-09-12 23:36:07,947 received header: Header(type:b'MSG', chunk_type:b'F', body_size:52, channel:36)
2026-09-12 23:36:07,947 read
2026-09-12 23:36:07,950 received header: Header(type:b'MSG', chunk_type:b'F', body_size:60, channel:36)
2026-09-12 23:36:10,074 read
2026-09-12 23:36:10,077 received header: Header(type:b'MSG', chunk_type:b'F', body_size:52, channel:36)
2026-09-12 23:36:10,078 read
2026-09-12 23:36:10,081 received header: Header(type:b'MSG', chunk_type:b'F', body_size:60, channel:36)
2026-09-12 23:36:12,179 read
2026-09-12 23:36:12,205 read
2026-09-12 23:36:12,205 received header: Header(type:b'MSG', chunk_type:b'F', body_size:52, channel:36)
2026-09-12 23:36:12,209 received header: Header(type:b'MSG', chunk_type:b'F', body_size:52, channel:36)
2026-09-12 23:36:12,209 read
2026-09-12 23:36:12,212 received header: Header(type:b'MSG', chunk_type:b'F', body_size:60, channel:36)
2026-09-12 23:36:14,335 read
2026-09-12 23:36:14,338 received header: Header(type:b'MSG', chunk_type:b'F', body_size:52, channel:36)
2026-09-12 23:36:14,339 read
2026-09-12 23:36:14,341 received header: Header(type:b'MSG', chunk_type:b'F', body_size:60, channel:36)
2026-09-12 23:36:16,469 read
2026-09-12 23:36:16,472 received header: Header(type:b'MSG', chunk_type:b'F', body_size:52, channel:36)
2026-09-12 23:36:16,473 read
2026-09-12 23:36:16,475 received header: Header(type:b'MSG', chunk_type:b'F', body_size:60, channel:36)
2026-09-12 23:36:17,205 read
2026-09-12 23:36:17,209 received header: Header(type:b'MSG', chunk_type:b'F', body_size:52, channel:36)
2026-09-12 23:36:18,598 read
2026-09-12 23:36:18,602 received header: Header(type:b'MSG', chunk_type:b'F', body_size:52, channel:36)
2026-09-12 23:36:18,602 read
2026-09-12 23:36:18,605 received header: Header(type:b'MSG', chunk_type:b'F', body_size:60, channel:36)
2026-09-12 23:36:18,904 open_secure_channel
2026-09-12 23:36:18,906 received header: Header(type:b'OPN', chunk_type:b'F', body_size:123, channel:36)
2026-09-12 23:36:18,906 read
2026-09-12 23:36:18,909 received header: Header(type:b'MSG', chunk_type:b'F', body_size:62, channel:36)
2026-09-12 23:36:20,727 read
2026-09-12 23:36:20,731 received header: Header(type:b'MSG', chunk_type:b'F', body_size:52, channel:36)
2026-09-12 23:36:20,731 read
2026-09-12 23:36:20,738 received header: Header(type:b'MSG', chunk_type:b'F', body_size:60, channel:36)
2026-09-12 23:36:22,209 read
2026-09-12 23:36:22,213 received header: Header(type:b'MSG', chunk_type:b'F', body_size:52, channel:36)
2026-09-12 23:36:22,861 read
2026-09-12 23:36:22,867 received header: Header(type:b'MSG', chunk_type:b'F', body_size:52, channel:36)
2026-09-12 23:36:22,867 read
2026-09-12 23:36:22,870 received header: Header(type:b'MSG', chunk_type:b'F', body_size:60, channel:36)
2026-09-12 23:36:24,993 read
2026-09-12 23:36:24,997 received header: Header(type:b'MSG', chunk_type:b'F', body_size:52, channel:36)
2026-09-12 23:36:24,997 read
2026-09-12 23:36:24,999 received header: Header(type:b'MSG', chunk_type:b'F', body_size:60, channel:36)
2026-09-12 23:36:27,123 read
2026-09-12 23:36:27,127 received header: Header(type:b'MSG', chunk_type:b'F', body_size:52, channel:36)
2026-09-12 23:36:27,127 read
2026-09-12 23:36:27,130 received header: Header(type:b'MSG', chunk_type:b'F', body_size:60, channel:36)
2026-09-12 23:36:27,213 read
2026-09-12 23:36:27,218 received header: Header(type:b'MSG', chunk_type:b'F', body_size:52, channel:36)
2026-09-12 23:36:29,252 read
2026-09-12 23:36:29,256 received header: Header(type:b'MSG', chunk_type:b'F', body_size:52, channel:36)
2026-09-12 23:36:29,256 read
2026-09-12 23:36:29,259 received header: Header(type:b'MSG', chunk_type:b'F', body_size:60, channel:36)
2026-09-12 23:36:31,385 read
2026-09-12 23:36:31,389 received header: Header(type:b'MSG', chunk_type:b'F', body_size:52, channel:36)
2026-09-12 23:36:31,389 read
2026-09-12 23:36:31,392 received header: Header(type:b'MSG', chunk_type:b'F', body_size:60, channel:36)
2026-09-12 23:36:32,218 read
2026-09-12 23:36:32,222 received header: Header(type:b'MSG', chunk_type:b'F', body_size:52, channel:36)
2026-09-12 23:36:33,523 read
2026-09-12 23:36:33,527 received header: Header(type:b'MSG', chunk_type:b'F', body_size:52, channel:36)
2026-09-12 23:36:33,527 read
2026-09-12 23:36:33,531 received header: Header(type:b'MSG', chunk_type:b'F', body_size:60, channel:36)
2026-09-12 23:36:35,655 read
2026-09-12 23:36:35,659 received header: Header(type:b'MSG', chunk_type:b'F', body_size:52, channel:36)
2026-09-12 23:36:35,660 read
2026-09-12 23:36:35,663 received header: Header(type:b'MSG', chunk_type:b'F', body_size:60, channel:36)
2026-09-12 23:36:37,223 read
2026-09-12 23:36:37,226 received header: Header(type:b'MSG', chunk_type:b'F', body_size:52, channel:36)
2026-09-12 23:36:37,786 read
2026-09-12 23:36:37,792 received header: Header(type:b'MSG', chunk_type:b'F', body_size:52, channel:36)
2026-09-12 23:36:37,793 read
2026-09-12 23:36:37,796 received header: Header(type:b'MSG', chunk_type:b'F', body_size:60, channel:36)
2026-09-12 23:36:39,919 read
2026-09-12 23:36:39,923 received header: Header(type:b'MSG', chunk_type:b'F', body_size:52, channel:36)
2026-09-12 23:36:39,923 read
2026-09-12 23:36:39,926 received header: Header(type:b'MSG', chunk_type:b'F', body_size:60, channel:36)
2026-09-12 23:36:42,050 read
2026-09-12 23:36:42,054 received header: Header(type:b'MSG', chunk_type:b'F', body_size:52, channel:36)
2026-09-12 23:36:42,054 read
2026-09-12 23:36:42,058 received header: Header(type:b'MSG', chunk_type:b'F', body_size:60, channel:36)
2026-09-12 23:36:42,226 read
2026-09-12 23:36:42,230 received header: Header(type:b'MSG', chunk_type:b'F', body_size:52, channel:36)
2026-09-12 23:36:44,180 read
2026-09-12 23:36:44,188 received header: Header(type:b'MSG', chunk_type:b'F', body_size:52, channel:36)
2026-09-12 23:36:44,188 read
2026-09-12 23:36:44,191 received header: Header(type:b'MSG', chunk_type:b'F', body_size:60, channel:36)
2026-09-12 23:36:46,314 read
2026-09-12 23:36:46,318 received header: Header(type:b'MSG', chunk_type:b'F', body_size:52, channel:36)
2026-09-12 23:36:46,318 read
2026-09-12 23:36:46,321 received header: Header(type:b'MSG', chunk_type:b'F', body_size:60, channel:36)
2026-09-12 23:36:47,230 read
2026-09-12 23:36:47,234 received header: Header(type:b'MSG', chunk_type:b'F', body_size:52, channel:36)
2026-09-12 23:36:48,444 read
2026-09-12 23:36:48,448 received header: Header(type:b'MSG', chunk_type:b'F', body_size:52, channel:36)
2026-09-12 23:36:48,448 read
2026-09-12 23:36:48,451 received header: Header(type:b'MSG', chunk_type:b'F', body_size:60, channel:36)
2026-09-12 23:36:50,575 read
2026-09-12 23:36:50,578 received header: Header(type:b'MSG', chunk_type:b'F', body_size:52, channel:36)
2026-09-12 23:36:50,578 read
2026-09-12 23:36:50,581 received header: Header(type:b'MSG', chunk_type:b'F', body_size:60, channel:36)
2026-09-12 23:36:52,234 read
2026-09-12 23:36:52,238 received header: Header(type:b'MSG', chunk_type:b'F', body_size:52, channel:36)
2026-09-12 23:36:52,706 read
2026-09-12 23:36:52,710 received header: Header(type:b'MSG', chunk_type:b'F', body_size:52, channel:36)
2026-09-12 23:36:52,710 read
2026-09-12 23:36:52,713 received header: Header(type:b'MSG', chunk_type:b'F', body_size:60, channel:36)
2026-09-12 23:36:54,835 read
2026-09-12 23:36:54,841 received header: Header(type:b'MSG', chunk_type:b'F', body_size:52, channel:36)
2026-09-12 23:36:54,841 read
2026-09-12 23:36:54,844 received header: Header(type:b'MSG', chunk_type:b'F', body_size:60, channel:36)
2026-09-12 23:36:56,966 read
2026-09-12 23:36:56,970 received header: Header(type:b'MSG', chunk_type:b'F', body_size:52, channel:36)
2026-09-12 23:36:56,970 read
2026-09-12 23:36:56,973 received header: Header(type:b'MSG', chunk_type:b'F', body_size:60, channel:36)
2026-09-12 23:36:57,238 read
2026-09-12 23:36:57,243 received header: Header(type:b'MSG', chunk_type:b'F', body_size:52, channel:36)
2026-09-12 23:36:59,096 read
2026-09-12 23:36:59,099 received header: Header(type:b'MSG', chunk_type:b'F', body_size:52, channel:36)
2026-09-12 23:36:59,100 read
2026-09-12 23:36:59,102 received header: Header(type:b'MSG', chunk_type:b'F', body_size:60, channel:36)
2026-09-12 23:37:01,225 read
2026-09-12 23:37:01,228 received header: Header(type:b'MSG', chunk_type:b'F', body_size:52, channel:36)
2026-09-12 23:37:01,229 read
2026-09-12 23:37:01,233 received header: Header(type:b'MSG', chunk_type:b'F', body_size:60, channel:36)
2026-09-12 23:37:02,243 read
2026-09-12 23:37:02,248 received header: Header(type:b'MSG', chunk_type:b'F', body_size:52, channel:36)
2026-09-12 23:37:03,357 read
2026-09-12 23:37:03,360 received header: Header(type:b'MSG', chunk_type:b'F', body_size:52, channel:36)
2026-09-12 23:37:03,360 read
2026-09-12 23:37:03,363 received header: Header(type:b'MSG', chunk_type:b'F', body_size:60, channel:36)
2026-09-12 23:37:05,487 read
2026-09-12 23:37:05,491 received header: Header(type:b'MSG', chunk_type:b'F', body_size:52, channel:36)
2026-09-12 23:37:05,491 read
2026-09-12 23:37:05,494 received header: Header(type:b'MSG', chunk_type:b'F', body_size:60, channel:36)
2026-09-12 23:37:07,248 read
2026-09-12 23:37:07,252 received header: Header(type:b'MSG', chunk_type:b'F', body_size:52, channel:36)
2026-09-12 23:37:07,618 read
2026-09-12 23:37:07,623 received header: Header(type:b'MSG', chunk_type:b'F', body_size:52, channel:36)
2026-09-12 23:37:07,623 read
2026-09-12 23:37:07,626 received header: Header(type:b'MSG', chunk_type:b'F', body_size:60, channel:36)
2026-09-12 23:37:09,748 read
2026-09-12 23:37:09,752 received header: Header(type:b'MSG', chunk_type:b'F', body_size:52, channel:36)
2026-09-12 23:37:09,753 read
2026-09-12 23:37:09,755 received header: Header(type:b'MSG', chunk_type:b'F', body_size:60, channel:36)
2026-09-12 23:37:11,878 read
2026-09-12 23:37:11,882 received header: Header(type:b'MSG', chunk_type:b'F', body_size:52, channel:36)
2026-09-12 23:37:11,882 read
2026-09-12 23:37:11,885 received header: Header(type:b'MSG', chunk_type:b'F', body_size:60, channel:36)
2026-09-12 23:37:12,252 read
2026-09-12 23:37:12,256 received header: Header(type:b'MSG', chunk_type:b'F', body_size:52, channel:36)
2026-09-12 23:37:14,008 read
2026-09-12 23:37:14,014 received header: Header(type:b'MSG', chunk_type:b'F', body_size:52, channel:36)
2026-09-12 23:37:14,014 read
2026-09-12 23:37:14,017 received header: Header(type:b'MSG', chunk_type:b'F', body_size:60, channel:36)
2026-09-12 23:37:16,139 read
2026-09-12 23:37:16,142 received header: Header(type:b'MSG', chunk_type:b'F', body_size:52, channel:36)
2026-09-12 23:37:16,143 read
2026-09-12 23:37:16,145 received header: Header(type:b'MSG', chunk_type:b'F', body_size:60, channel:36)
2026-09-12 23:37:17,256 read
2026-09-12 23:37:17,260 received header: Header(type:b'MSG', chunk_type:b'F', body_size:52, channel:36)
2026-09-12 23:37:18,268 read
2026-09-12 23:37:18,271 received header: Header(type:b'MSG', chunk_type:b'F', body_size:52, channel:36)
2026-09-12 23:37:18,272 read
2026-09-12 23:37:18,276 received header: Header(type:b'MSG', chunk_type:b'F', body_size:60, channel:36)
2026-09-12 23:37:20,398 read
2026-09-12 23:37:20,405 received header: Header(type:b'MSG', chunk_type:b'F', body_size:52, channel:36)
2026-09-12 23:37:20,405 read
2026-09-12 23:37:20,409 received header: Header(type:b'MSG', chunk_type:b'F', body_size:60, channel:36)
2026-09-12 23:37:22,261 read
2026-09-12 23:37:22,264 received header: Header(type:b'MSG', chunk_type:b'F', body_size:52, channel:36)
2026-09-12 23:37:22,532 read
2026-09-12 23:37:22,536 received header: Header(type:b'MSG', chunk_type:b'F', body_size:52, channel:36)
2026-09-12 23:37:22,536 read
2026-09-12 23:37:22,539 received header: Header(type:b'MSG', chunk_type:b'F', body_size:60, channel:36)
2026-09-12 23:37:24,665 read
2026-09-12 23:37:24,671 received header: Header(type:b'MSG', chunk_type:b'F', body_size:52, channel:36)
2026-09-12 23:37:24,672 read
2026-09-12 23:37:24,674 received header: Header(type:b'MSG', chunk_type:b'F', body_size:60, channel:36)
2026-09-12 23:37:26,798 read
2026-09-12 23:37:26,802 received header: Header(type:b'MSG', chunk_type:b'F', body_size:52, channel:36)
2026-09-12 23:37:26,802 read
2026-09-12 23:37:26,805 received header: Header(type:b'MSG', chunk_type:b'F', body_size:60, channel:36)
2026-09-12 23:37:27,264 read
2026-09-12 23:37:27,268 received header: Header(type:b'MSG', chunk_type:b'F', body_size:52, channel:36)
2026-09-12 23:37:28,928 read
2026-09-12 23:37:28,932 received header: Header(type:b'MSG', chunk_type:b'F', body_size:52, channel:36)
2026-09-12 23:37:28,932 read
2026-09-12 23:37:28,935 received header: Header(type:b'MSG', chunk_type:b'F', body_size:60, channel:36)
2026-09-12 23:37:31,060 read
2026-09-12 23:37:31,064 received header: Header(type:b'MSG', chunk_type:b'F', body_size:52, channel:36)
2026-09-12 23:37:31,064 read
2026-09-12 23:37:31,067 received header: Header(type:b'MSG', chunk_type:b'F', body_size:60, channel:36)
2026-09-12 23:37:32,269 read
2026-09-12 23:37:32,272 received header: Header(type:b'MSG', chunk_type:b'F', body_size:52, channel:36)
2026-09-12 23:37:33,189 read
2026-09-12 23:37:33,193 received header: Header(type:b'MSG', chunk_type:b'F', body_size:52, channel:36)
2026-09-12 23:37:33,193 read
2026-09-12 23:37:33,196 received header: Header(type:b'MSG', chunk_type:b'F', body_size:60, channel:36)
2026-09-12 23:37:35,318 read
2026-09-12 23:37:35,322 received header: Header(type:b'MSG', chunk_type:b'F', body_size:52, channel:36)
2026-09-12 23:37:35,322 read
2026-09-12 23:37:35,326 received header: Header(type:b'MSG', chunk_type:b'F', body_size:60, channel:36)
2026-09-12 23:37:37,273 read
2026-09-12 23:37:37,277 received header: Header(type:b'MSG', chunk_type:b'F', body_size:52, channel:36)
2026-09-12 23:37:37,452 read
2026-09-12 23:37:37,460 received header: Header(type:b'MSG', chunk_type:b'F', body_size:52, channel:36)
2026-09-12 23:37:37,461 read
2026-09-12 23:37:37,464 received header: Header(type:b'MSG', chunk_type:b'F', body_size:60, channel:36)
2026-09-12 23:37:39,588 read
2026-09-12 23:37:39,592 received header: Header(type:b'MSG', chunk_type:b'F', body_size:52, channel:36)
2026-09-12 23:37:39,592 read
2026-09-12 23:37:39,594 received header: Header(type:b'MSG', chunk_type:b'F', body_size:60, channel:36)
2026-09-12 23:37:41,718 read
2026-09-12 23:37:41,721 received header: Header(type:b'MSG', chunk_type:b'F', body_size:52, channel:36)
2026-09-12 23:37:41,721 read
2026-09-12 23:37:41,724 received header: Header(type:b'MSG', chunk_type:b'F', body_size:60, channel:36)
2026-09-12 23:37:42,277 read
2026-09-12 23:37:42,280 received header: Header(type:b'MSG', chunk_type:b'F', body_size:52, channel:36)
2026-09-12 23:37:42,909 open_secure_channel
2026-09-12 23:37:42,911 received header: Header(type:b'OPN', chunk_type:b'F', body_size:123, channel:36)
2026-09-12 23:37:42,911 read
2026-09-12 23:37:42,916 received header: Header(type:b'MSG', chunk_type:b'F', body_size:62, channel:36)
2026-09-12 23:37:43,849 read
2026-09-12 23:37:43,853 received header: Header(type:b'MSG', chunk_type:b'F', body_size:52, channel:36)
2026-09-12 23:37:43,853 read
2026-09-12 23:37:43,856 received header: Header(type:b'MSG', chunk_type:b'F', body_size:60, channel:36)
2026-09-12 23:37:45,979 read
2026-09-12 23:37:45,982 received header: Header(type:b'MSG', chunk_type:b'F', body_size:52, channel:36)
2026-09-12 23:37:45,983 read
2026-09-12 23:37:45,986 received header: Header(type:b'MSG', chunk_type:b'F', body_size:60, channel:36)
2026-09-12 23:37:47,281 read
2026-09-12 23:37:47,285 received header: Header(type:b'MSG', chunk_type:b'F', body_size:52, channel:36)
2026-09-12 23:37:48,109 read
2026-09-12 23:37:48,113 received header: Header(type:b'MSG', chunk_type:b'F', body_size:52, channel:36)
2026-09-12 23:37:48,114 read
2026-09-12 23:37:48,116 received header: Header(type:b'MSG', chunk_type:b'F', body_size:60, channel:36)
2026-09-12 23:37:52,285 read
2026-09-12 23:37:52,289 received header: Header(type:b'MSG', chunk_type:b'F', body_size:52, channel:36)
2026-09-12 23:39:29,526 opening connection
2026-09-12 23:39:29,714 Thread started
2026-09-12 23:39:29,716 received header: Header(type:b'ACK', chunk_type:b'F', body_size:20, channel:0)
2026-09-12 23:39:29,716 open_secure_channel
2026-09-12 23:39:29,717 received header: Header(type:b'OPN', chunk_type:b'F', body_size:123, channel:37)
2026-09-12 23:39:29,718 create_session
2026-09-12 23:39:30,064 received header: Header(type:b'MSG', chunk_type:b'F', body_size:2464, channel:37)
2026-09-12 23:39:30,065 activate_session
2026-09-12 23:39:30,069 received header: Header(type:b'MSG', chunk_type:b'F', body_size:52, channel:37)
2026-09-12 23:39:30,069 Client connected
2026-09-12 23:39:30,069 read
2026-09-12 23:39:30,070 read
2026-09-12 23:39:30,075 received header: Header(type:b'MSG', chunk_type:b'F', body_size:52, channel:37)
2026-09-12 23:39:30,075 read
2026-09-12 23:39:30,081 received header: Header(type:b'MSG', chunk_type:b'F', body_size:52, channel:37)
2026-09-12 23:39:30,082 received header: Header(type:b'MSG', chunk_type:b'F', body_size:60, channel:37)
2026-09-12 23:39:32,219 read
2026-09-12 23:39:32,222 received header: Header(type:b'MSG', chunk_type:b'F', body_size:52, channel:37)
2026-09-12 23:39:32,223 read
2026-09-12 23:39:32,225 received header: Header(type:b'MSG', chunk_type:b'F', body_size:60, channel:37)
2026-09-12 23:39:33,081 read
2026-09-12 23:39:33,085 received header: Header(type:b'MSG', chunk_type:b'F', body_size:52, channel:37)
2026-09-12 23:39:34,348 read
2026-09-12 23:39:34,352 received header: Header(type:b'MSG', chunk_type:b'F', body_size:52, channel:37)
2026-09-12 23:39:34,352 read
2026-09-12 23:39:34,354 received header: Header(type:b'MSG', chunk_type:b'F', body_size:60, channel:37)
2026-09-12 23:39:36,085 read
2026-09-12 23:39:36,089 received header: Header(type:b'MSG', chunk_type:b'F', body_size:52, channel:37)
2026-09-12 23:39:36,484 read
2026-09-12 23:39:36,488 received header: Header(type:b'MSG', chunk_type:b'F', body_size:52, channel:37)
2026-09-12 23:39:36,489 read
2026-09-12 23:39:36,491 received header: Header(type:b'MSG', chunk_type:b'F', body_size:60, channel:37)
2026-09-12 23:39:38,619 read
2026-09-12 23:39:38,623 received header: Header(type:b'MSG', chunk_type:b'F', body_size:52, channel:37)
2026-09-12 23:39:38,623 read
2026-09-12 23:39:38,628 received header: Header(type:b'MSG', chunk_type:b'F', body_size:60, channel:37)
2026-09-12 23:39:39,089 read
2026-09-12 23:39:39,093 received header: Header(type:b'MSG', chunk_type:b'F', body_size:52, channel:37)
2026-09-12 23:39:40,763 read
2026-09-12 23:39:40,768 received header: Header(type:b'MSG', chunk_type:b'F', body_size:52, channel:37)
2026-09-12 23:39:40,768 read
2026-09-12 23:39:40,772 received header: Header(type:b'MSG', chunk_type:b'F', body_size:60, channel:37)
2026-09-12 23:39:42,093 read
2026-09-12 23:39:42,099 received header: Header(type:b'MSG', chunk_type:b'F', body_size:52, channel:37)
2026-09-12 23:39:42,895 read
2026-09-12 23:39:42,900 received header: Header(type:b'MSG', chunk_type:b'F', body_size:52, channel:37)
2026-09-12 23:39:42,900 read
2026-09-12 23:39:42,906 received header: Header(type:b'MSG', chunk_type:b'F', body_size:60, channel:37)
2026-09-12 23:39:45,033 read
2026-09-12 23:39:45,037 received header: Header(type:b'MSG', chunk_type:b'F', body_size:52, channel:37)
2026-09-12 23:39:45,037 read
2026-09-12 23:39:45,042 received header: Header(type:b'MSG', chunk_type:b'F', body_size:60, channel:37)
2026-09-12 23:39:45,099 read
2026-09-12 23:39:45,103 received header: Header(type:b'MSG', chunk_type:b'F', body_size:52, channel:37)
2026-09-12 23:39:47,166 read
2026-09-12 23:39:47,172 received header: Header(type:b'MSG', chunk_type:b'F', body_size:52, channel:37)
2026-09-12 23:39:47,172 read
2026-09-12 23:39:47,175 received header: Header(type:b'MSG', chunk_type:b'F', body_size:60, channel:37)
2026-09-12 23:39:48,103 read
2026-09-12 23:39:48,107 received header: Header(type:b'MSG', chunk_type:b'F', body_size:52, channel:37)
2026-09-12 23:39:49,299 read
2026-09-12 23:39:49,303 received header: Header(type:b'MSG', chunk_type:b'F', body_size:52, channel:37)
2026-09-12 23:39:49,303 read
2026-09-12 23:39:49,306 received header: Header(type:b'MSG', chunk_type:b'F', body_size:60, channel:37)
2026-09-12 23:39:51,108 read
2026-09-12 23:39:51,113 received header: Header(type:b'MSG', chunk_type:b'F', body_size:52, channel:37)
2026-09-12 23:39:51,434 read
2026-09-12 23:39:51,437 received header: Header(type:b'MSG', chunk_type:b'F', body_size:52, channel:37)
2026-09-12 23:39:51,438 read
2026-09-12 23:39:51,441 received header: Header(type:b'MSG', chunk_type:b'F', body_size:60, channel:37)
2026-09-12 23:39:53,566 read
2026-09-12 23:39:53,574 received header: Header(type:b'MSG', chunk_type:b'F', body_size:52, channel:37)
2026-09-12 23:39:53,575 read
2026-09-12 23:39:53,577 received header: Header(type:b'MSG', chunk_type:b'F', body_size:60, channel:37)
2026-09-12 23:39:54,114 read
2026-09-12 23:39:54,118 received header: Header(type:b'MSG', chunk_type:b'F', body_size:52, channel:37)
2026-09-12 23:39:55,701 read
2026-09-12 23:39:55,707 received header: Header(type:b'MSG', chunk_type:b'F', body_size:52, channel:37)
2026-09-12 23:39:55,707 read
2026-09-12 23:39:55,711 received header: Header(type:b'MSG', chunk_type:b'F', body_size:60, channel:37)
2026-09-12 23:39:57,118 read
2026-09-12 23:39:57,122 received header: Header(type:b'MSG', chunk_type:b'F', body_size:52, channel:37)
2026-09-12 23:39:57,836 read
2026-09-12 23:39:57,840 received header: Header(type:b'MSG', chunk_type:b'F', body_size:52, channel:37)
2026-09-12 23:39:57,840 read
2026-09-12 23:39:57,843 received header: Header(type:b'MSG', chunk_type:b'F', body_size:60, channel:37)
2026-09-12 23:39:59,967 read
2026-09-12 23:39:59,970 received header: Header(type:b'MSG', chunk_type:b'F', body_size:52, channel:37)
2026-09-12 23:39:59,971 read
2026-09-12 23:39:59,974 received header: Header(type:b'MSG', chunk_type:b'F', body_size:60, channel:37)
2026-09-12 23:40:00,122 read
2026-09-12 23:40:00,126 received header: Header(type:b'MSG', chunk_type:b'F', body_size:52, channel:37)
2026-09-12 23:40:02,102 read
2026-09-12 23:40:02,105 received header: Header(type:b'MSG', chunk_type:b'F', body_size:52, channel:37)
2026-09-12 23:40:02,105 read
2026-09-12 23:40:02,108 received header: Header(type:b'MSG', chunk_type:b'F', body_size:60, channel:37)
2026-09-12 23:40:03,126 read
2026-09-12 23:40:03,130 received header: Header(type:b'MSG', chunk_type:b'F', body_size:52, channel:37)
2026-09-12 23:40:04,232 read
2026-09-12 23:40:04,236 received header: Header(type:b'MSG', chunk_type:b'F', body_size:52, channel:37)
2026-09-12 23:40:04,236 read
2026-09-12 23:40:04,239 received header: Header(type:b'MSG', chunk_type:b'F', body_size:60, channel:37)
2026-09-12 23:40:06,130 read
2026-09-12 23:40:06,134 received header: Header(type:b'MSG', chunk_type:b'F', body_size:52, channel:37)
2026-09-12 23:40:06,367 read
2026-09-12 23:40:06,371 received header: Header(type:b'MSG', chunk_type:b'F', body_size:52, channel:37)
2026-09-12 23:40:06,371 read
2026-09-12 23:40:06,374 received header: Header(type:b'MSG', chunk_type:b'F', body_size:60, channel:37)
2026-09-12 23:40:08,501 read
2026-09-12 23:40:08,504 received header: Header(type:b'MSG', chunk_type:b'F', body_size:52, channel:37)
2026-09-12 23:40:08,504 read
2026-09-12 23:40:08,507 received header: Header(type:b'MSG', chunk_type:b'F', body_size:60, channel:37)
2026-09-12 23:40:09,135 read
2026-09-12 23:40:09,140 received header: Header(type:b'MSG', chunk_type:b'F', body_size:52, channel:37)
2026-09-12 23:40:10,631 read
2026-09-12 23:40:10,634 received header: Header(type:b'MSG', chunk_type:b'F', body_size:52, channel:37)
2026-09-12 23:40:10,634 read
2026-09-12 23:40:10,638 received header: Header(type:b'MSG', chunk_type:b'F', body_size:60, channel:37)
2026-09-12 23:40:12,141 read
2026-09-12 23:40:12,145 received header: Header(type:b'MSG', chunk_type:b'F', body_size:52, channel:37)
2026-09-12 23:40:12,763 read
2026-09-12 23:40:12,767 received header: Header(type:b'MSG', chunk_type:b'F', body_size:52, channel:37)
2026-09-12 23:40:12,767 read
2026-09-12 23:40:12,770 received header: Header(type:b'MSG', chunk_type:b'F', body_size:60, channel:37)
2026-09-12 23:40:28,700 opening connection
2026-09-12 23:40:28,798 Thread started
2026-09-12 23:40:28,799 received header: Header(type:b'ACK', chunk_type:b'F', body_size:20, channel:0)
2026-09-12 23:40:28,799 open_secure_channel
2026-09-12 23:40:28,802 received header: Header(type:b'OPN', chunk_type:b'F', body_size:123, channel:38)
2026-09-12 23:40:28,803 create_session
2026-09-12 23:40:29,402 received header: Header(type:b'MSG', chunk_type:b'F', body_size:2464, channel:38)
2026-09-12 23:40:29,403 activate_session
2026-09-12 23:40:29,408 received header: Header(type:b'MSG', chunk_type:b'F', body_size:52, channel:38)
2026-09-12 23:40:29,409 Client connected
2026-09-12 23:40:29,409 read
2026-09-12 23:40:29,409 read
2026-09-12 23:40:29,425 received header: Header(type:b'MSG', chunk_type:b'F', body_size:52, channel:38)
2026-09-12 23:40:29,437 received header: Header(type:b'MSG', chunk_type:b'F', body_size:52, channel:38)
2026-09-12 23:40:29,437 read
2026-09-12 23:40:29,445 received header: Header(type:b'MSG', chunk_type:b'F', body_size:60, channel:38)
2026-09-12 23:40:31,576 read
2026-09-12 23:40:31,580 received header: Header(type:b'MSG', chunk_type:b'F', body_size:52, channel:38)
2026-09-12 23:40:31,581 read
2026-09-12 23:40:31,584 received header: Header(type:b'MSG', chunk_type:b'F', body_size:60, channel:38)
2026-09-12 23:40:32,425 read
2026-09-12 23:40:32,429 received header: Header(type:b'MSG', chunk_type:b'F', body_size:52, channel:38)
2026-09-12 23:40:33,709 read
2026-09-12 23:40:33,713 received header: Header(type:b'MSG', chunk_type:b'F', body_size:52, channel:38)
2026-09-12 23:40:33,713 read
2026-09-12 23:40:33,716 received header: Header(type:b'MSG', chunk_type:b'F', body_size:60, channel:38)
2026-09-12 23:40:35,430 read
2026-09-12 23:40:35,435 received header: Header(type:b'MSG', chunk_type:b'F', body_size:52, channel:38)
2026-09-12 23:40:35,851 read
2026-09-12 23:40:35,856 received header: Header(type:b'MSG', chunk_type:b'F', body_size:52, channel:38)
2026-09-12 23:40:35,856 read
2026-09-12 23:40:35,860 received header: Header(type:b'MSG', chunk_type:b'F', body_size:60, channel:38)
2026-09-12 23:40:37,985 read
2026-09-12 23:40:37,988 received header: Header(type:b'MSG', chunk_type:b'F', body_size:52, channel:38)
2026-09-12 23:40:37,989 read
2026-09-12 23:40:37,991 received header: Header(type:b'MSG', chunk_type:b'F', body_size:60, channel:38)
2026-09-12 23:40:38,436 read
2026-09-12 23:40:38,439 received header: Header(type:b'MSG', chunk_type:b'F', body_size:52, channel:38)
2026-09-12 23:40:40,115 read
2026-09-12 23:40:40,121 received header: Header(type:b'MSG', chunk_type:b'F', body_size:52, channel:38)
2026-09-12 23:40:40,121 read
2026-09-12 23:40:40,124 received header: Header(type:b'MSG', chunk_type:b'F', body_size:60, channel:38)
2026-09-12 23:40:41,440 read
2026-09-12 23:40:41,444 received header: Header(type:b'MSG', chunk_type:b'F', body_size:52, channel:38)
2026-09-12 23:40:42,255 read
2026-09-12 23:40:42,262 received header: Header(type:b'MSG', chunk_type:b'F', body_size:52, channel:38)
2026-09-12 23:40:42,262 read
2026-09-12 23:40:42,265 received header: Header(type:b'MSG', chunk_type:b'F', body_size:60, channel:38)
2026-09-12 23:41:03,878 opening connection
2026-09-12 23:41:03,979 Thread started
2026-09-12 23:41:03,980 received header: Header(type:b'ACK', chunk_type:b'F', body_size:20, channel:0)
2026-09-12 23:41:03,981 open_secure_channel
2026-09-12 23:41:03,982 received header: Header(type:b'OPN', chunk_type:b'F', body_size:123, channel:39)
2026-09-12 23:41:03,982 create_session
2026-09-12 23:41:04,189 received header: Header(type:b'MSG', chunk_type:b'F', body_size:2464, channel:39)
2026-09-12 23:41:04,190 activate_session
2026-09-12 23:41:04,194 received header: Header(type:b'MSG', chunk_type:b'F', body_size:52, channel:39)
2026-09-12 23:41:04,194 Client connected
2026-09-12 23:41:04,194 read
2026-09-12 23:41:04,195 read
2026-09-12 23:41:04,205 received header: Header(type:b'MSG', chunk_type:b'F', body_size:52, channel:39)
2026-09-12 23:41:04,217 received header: Header(type:b'MSG', chunk_type:b'F', body_size:52, channel:39)
2026-09-12 23:41:04,217 read
2026-09-12 23:41:04,222 received header: Header(type:b'MSG', chunk_type:b'F', body_size:60, channel:39)
2026-09-12 23:41:06,349 read
2026-09-12 23:41:06,353 received header: Header(type:b'MSG', chunk_type:b'F', body_size:52, channel:39)
2026-09-12 23:41:06,354 read
2026-09-12 23:41:06,357 received header: Header(type:b'MSG', chunk_type:b'F', body_size:60, channel:39)
2026-09-12 23:41:07,206 read
2026-09-12 23:41:07,210 received header: Header(type:b'MSG', chunk_type:b'F', body_size:52, channel:39)
2026-09-12 23:41:08,483 read
2026-09-12 23:41:08,486 received header: Header(type:b'MSG', chunk_type:b'F', body_size:52, channel:39)
2026-09-12 23:41:08,487 read
2026-09-12 23:41:08,490 received header: Header(type:b'MSG', chunk_type:b'F', body_size:60, channel:39)
2026-09-12 23:41:10,210 read
2026-09-12 23:41:10,218 received header: Header(type:b'MSG', chunk_type:b'F', body_size:52, channel:39)
2026-09-12 23:41:10,623 read
2026-09-12 23:41:10,627 received header: Header(type:b'MSG', chunk_type:b'F', body_size:52, channel:39)
2026-09-12 23:41:10,627 read
2026-09-12 23:41:10,631 received header: Header(type:b'MSG', chunk_type:b'F', body_size:60, channel:39)
2026-09-12 23:41:12,755 read
2026-09-12 23:41:12,761 received header: Header(type:b'MSG', chunk_type:b'F', body_size:52, channel:39)
2026-09-12 23:41:12,761 read
2026-09-12 23:41:12,766 received header: Header(type:b'MSG', chunk_type:b'F', body_size:60, channel:39)
2026-09-12 23:41:13,219 read
2026-09-12 23:41:13,224 received header: Header(type:b'MSG', chunk_type:b'F', body_size:52, channel:39)
2026-09-12 23:41:14,898 read
2026-09-12 23:41:14,902 received header: Header(type:b'MSG', chunk_type:b'F', body_size:52, channel:39)
2026-09-12 23:41:14,903 read
2026-09-12 23:41:14,906 received header: Header(type:b'MSG', chunk_type:b'F', body_size:60, channel:39)
2026-09-12 23:41:16,225 read
2026-09-12 23:41:16,232 received header: Header(type:b'MSG', chunk_type:b'F', body_size:52, channel:39)
2026-09-12 23:41:17,029 read
2026-09-12 23:41:17,033 received header: Header(type:b'MSG', chunk_type:b'F', body_size:52, channel:39)
2026-09-12 23:41:17,033 read
2026-09-12 23:41:17,037 received header: Header(type:b'MSG', chunk_type:b'F', body_size:60, channel:39)
2026-09-12 23:41:19,161 read
2026-09-12 23:41:19,165 received header: Header(type:b'MSG', chunk_type:b'F', body_size:52, channel:39)
2026-09-12 23:41:19,165 read
2026-09-12 23:41:19,168 received header: Header(type:b'MSG', chunk_type:b'F', body_size:60, channel:39)
2026-09-12 23:41:19,232 read
2026-09-12 23:41:19,236 received header: Header(type:b'MSG', chunk_type:b'F', body_size:52, channel:39)
2026-09-12 23:41:21,299 read
2026-09-12 23:41:21,303 received header: Header(type:b'MSG', chunk_type:b'F', body_size:52, channel:39)
2026-09-12 23:41:21,304 read
2026-09-12 23:41:21,308 received header: Header(type:b'MSG', chunk_type:b'F', body_size:60, channel:39)
2026-09-12 23:41:22,236 read
2026-09-12 23:41:22,240 received header: Header(type:b'MSG', chunk_type:b'F', body_size:52, channel:39)
2026-09-12 23:41:23,432 read
2026-09-12 23:41:23,436 received header: Header(type:b'MSG', chunk_type:b'F', body_size:52, channel:39)
2026-09-12 23:41:23,436 read
2026-09-12 23:41:23,439 received header: Header(type:b'MSG', chunk_type:b'F', body_size:60, channel:39)
2026-09-12 23:41:25,240 read
2026-09-12 23:41:25,246 received header: Header(type:b'MSG', chunk_type:b'F', body_size:52, channel:39)
2026-09-12 23:41:25,565 read
2026-09-12 23:41:25,569 received header: Header(type:b'MSG', chunk_type:b'F', body_size:52, channel:39)
2026-09-12 23:41:25,569 read
2026-09-12 23:41:25,573 received header: Header(type:b'MSG', chunk_type:b'F', body_size:60, channel:39)
2026-09-12 23:41:27,697 read
2026-09-12 23:41:27,700 received header: Header(type:b'MSG', chunk_type:b'F', body_size:52, channel:39)
2026-09-12 23:41:27,701 read
2026-09-12 23:41:27,706 received header: Header(type:b'MSG', chunk_type:b'F', body_size:60, channel:39)
2026-09-12 23:41:28,246 read
2026-09-12 23:41:28,250 received header: Header(type:b'MSG', chunk_type:b'F', body_size:52, channel:39)
2026-09-12 23:41:29,830 read
2026-09-12 23:41:29,835 received header: Header(type:b'MSG', chunk_type:b'F', body_size:52, channel:39)
2026-09-12 23:41:29,835 read
2026-09-12 23:41:29,838 received header: Header(type:b'MSG', chunk_type:b'F', body_size:60, channel:39)
2026-09-12 23:41:31,251 read
2026-09-12 23:41:31,255 received header: Header(type:b'MSG', chunk_type:b'F', body_size:52, channel:39)
2026-09-12 23:41:31,962 read
2026-09-12 23:41:31,966 received header: Header(type:b'MSG', chunk_type:b'F', body_size:52, channel:39)
2026-09-12 23:41:31,966 read
2026-09-12 23:41:31,971 received header: Header(type:b'MSG', chunk_type:b'F', body_size:60, channel:39)
2026-09-12 23:41:34,096 read
2026-09-12 23:41:34,101 received header: Header(type:b'MSG', chunk_type:b'F', body_size:52, channel:39)
2026-09-12 23:41:34,101 read
2026-09-12 23:41:34,103 received header: Header(type:b'MSG', chunk_type:b'F', body_size:60, channel:39)
2026-09-12 23:41:34,255 read
2026-09-12 23:41:34,264 received header: Header(type:b'MSG', chunk_type:b'F', body_size:52, channel:39)
2026-09-12 23:41:36,228 read
2026-09-12 23:41:36,231 received header: Header(type:b'MSG', chunk_type:b'F', body_size:52, channel:39)
2026-09-12 23:41:36,231 read
2026-09-12 23:41:36,234 received header: Header(type:b'MSG', chunk_type:b'F', body_size:60, channel:39)
2026-09-12 23:41:37,264 read
2026-09-12 23:41:37,269 received header: Header(type:b'MSG', chunk_type:b'F', body_size:52, channel:39)
2026-09-12 23:41:38,359 read
2026-09-12 23:41:38,364 received header: Header(type:b'MSG', chunk_type:b'F', body_size:52, channel:39)
2026-09-12 23:41:38,365 read
2026-09-12 23:41:38,368 received header: Header(type:b'MSG', chunk_type:b'F', body_size:60, channel:39)
2026-09-12 23:41:40,269 read
2026-09-12 23:41:40,274 received header: Header(type:b'MSG', chunk_type:b'F', body_size:52, channel:39)
2026-09-12 23:41:40,493 read
2026-09-12 23:41:40,501 received header: Header(type:b'MSG', chunk_type:b'F', body_size:52, channel:39)
2026-09-12 23:41:40,501 read
2026-09-12 23:41:40,504 received header: Header(type:b'MSG', chunk_type:b'F', body_size:60, channel:39)
2026-09-12 23:41:42,636 read
2026-09-12 23:41:42,641 received header: Header(type:b'MSG', chunk_type:b'F', body_size:52, channel:39)
2026-09-12 23:41:42,641 read
2026-09-12 23:41:42,645 received header: Header(type:b'MSG', chunk_type:b'F', body_size:60, channel:39)
2026-09-12 23:41:43,274 read
2026-09-12 23:41:43,279 received header: Header(type:b'MSG', chunk_type:b'F', body_size:52, channel:39)
2026-09-12 23:41:44,769 read
2026-09-12 23:41:44,774 received header: Header(type:b'MSG', chunk_type:b'F', body_size:52, channel:39)
2026-09-12 23:41:44,774 read
2026-09-12 23:41:44,778 received header: Header(type:b'MSG', chunk_type:b'F', body_size:60, channel:39)
2026-09-12 23:41:46,279 read
2026-09-12 23:41:46,283 received header: Header(type:b'MSG', chunk_type:b'F', body_size:52, channel:39)
2026-09-12 23:41:46,905 read
2026-09-12 23:41:46,910 received header: Header(type:b'MSG', chunk_type:b'F', body_size:52, channel:39)
2026-09-12 23:41:46,910 read
2026-09-12 23:41:46,915 received header: Header(type:b'MSG', chunk_type:b'F', body_size:60, channel:39)
2026-09-12 23:41:49,041 read
2026-09-12 23:41:49,046 received header: Header(type:b'MSG', chunk_type:b'F', body_size:52, channel:39)
2026-09-12 23:41:49,047 read
2026-09-12 23:41:49,051 received header: Header(type:b'MSG', chunk_type:b'F', body_size:60, channel:39)
2026-09-12 23:41:49,284 read
2026-09-12 23:41:49,290 received header: Header(type:b'MSG', chunk_type:b'F', body_size:52, channel:39)
2026-09-12 23:44:03,798 opening connection
2026-09-12 23:44:04,039 Thread started
2026-09-12 23:44:04,040 received header: Header(type:b'ACK', chunk_type:b'F', body_size:20, channel:0)
2026-09-12 23:44:04,040 open_secure_channel
2026-09-12 23:44:04,042 received header: Header(type:b'OPN', chunk_type:b'F', body_size:123, channel:40)
2026-09-12 23:44:04,042 create_session
2026-09-12 23:44:04,195 received header: Header(type:b'MSG', chunk_type:b'F', body_size:2464, channel:40)
2026-09-12 23:44:04,196 activate_session
2026-09-12 23:44:04,199 received header: Header(type:b'MSG', chunk_type:b'F', body_size:52, channel:40)
2026-09-12 23:44:04,199 Client connected
2026-09-12 23:44:04,200 read
2026-09-12 23:44:04,200 read
2026-09-12 23:44:04,206 received header: Header(type:b'MSG', chunk_type:b'F', body_size:60, channel:40)
2026-09-12 23:44:04,219 received header: Header(type:b'MSG', chunk_type:b'F', body_size:52, channel:40)
2026-09-12 23:44:06,344 read
2026-09-12 23:44:06,347 received header: Header(type:b'MSG', chunk_type:b'F', body_size:60, channel:40)
2026-09-12 23:44:07,219 read
2026-09-12 23:44:07,223 received header: Header(type:b'MSG', chunk_type:b'F', body_size:52, channel:40)
2026-09-12 23:44:08,473 read
2026-09-12 23:44:08,476 received header: Header(type:b'MSG', chunk_type:b'F', body_size:60, channel:40)
2026-09-12 23:44:10,223 read
2026-09-12 23:44:10,227 received header: Header(type:b'MSG', chunk_type:b'F', body_size:52, channel:40)
2026-09-12 23:44:10,609 read
2026-09-12 23:44:10,613 received header: Header(type:b'MSG', chunk_type:b'F', body_size:60, channel:40)
2026-09-12 23:44:12,739 read
2026-09-12 23:44:12,742 received header: Header(type:b'MSG', chunk_type:b'F', body_size:60, channel:40)
2026-09-12 23:44:13,227 read
2026-09-12 23:44:13,231 received header: Header(type:b'MSG', chunk_type:b'F', body_size:52, channel:40)
2026-09-12 23:44:14,880 read
2026-09-12 23:44:14,884 received header: Header(type:b'MSG', chunk_type:b'F', body_size:60, channel:40)
2026-09-12 23:44:16,231 read
2026-09-12 23:44:16,237 received header: Header(type:b'MSG', chunk_type:b'F', body_size:52, channel:40)
2026-09-12 23:44:17,018 read
2026-09-12 23:44:17,022 received header: Header(type:b'MSG', chunk_type:b'F', body_size:60, channel:40)
2026-09-12 23:44:19,155 read
2026-09-12 23:44:19,159 received header: Header(type:b'MSG', chunk_type:b'F', body_size:60, channel:40)
2026-09-12 23:44:19,238 read
2026-09-12 23:44:19,241 received header: Header(type:b'MSG', chunk_type:b'F', body_size:52, channel:40)
2026-09-12 23:44:21,291 read
2026-09-12 23:44:21,296 received header: Header(type:b'MSG', chunk_type:b'F', body_size:60, channel:40)
2026-09-12 23:44:22,241 read
2026-09-12 23:44:22,244 received header: Header(type:b'MSG', chunk_type:b'F', body_size:52, channel:40)
2026-09-12 23:44:23,425 read
2026-09-12 23:44:23,427 received header: Header(type:b'MSG', chunk_type:b'F', body_size:60, channel:40)
2026-09-12 23:44:25,245 read
2026-09-12 23:44:25,249 received header: Header(type:b'MSG', chunk_type:b'F', body_size:52, channel:40)
2026-09-12 23:44:25,553 read
2026-09-12 23:44:25,556 received header: Header(type:b'MSG', chunk_type:b'F', body_size:60, channel:40)
2026-09-12 23:44:27,681 read
2026-09-12 23:44:27,684 received header: Header(type:b'MSG', chunk_type:b'F', body_size:60, channel:40)
2026-09-12 23:44:28,250 read
2026-09-12 23:44:28,253 received header: Header(type:b'MSG', chunk_type:b'F', body_size:52, channel:40)
2026-09-12 23:44:29,809 read
2026-09-12 23:44:29,813 received header: Header(type:b'MSG', chunk_type:b'F', body_size:60, channel:40)
2026-09-12 23:44:31,254 read
2026-09-12 23:44:31,257 received header: Header(type:b'MSG', chunk_type:b'F', body_size:52, channel:40)
2026-09-12 23:44:31,938 read
2026-09-12 23:44:31,942 received header: Header(type:b'MSG', chunk_type:b'F', body_size:60, channel:40)
2026-09-12 23:44:34,071 read
2026-09-12 23:44:34,074 received header: Header(type:b'MSG', chunk_type:b'F', body_size:60, channel:40)
2026-09-12 23:44:34,258 read
2026-09-12 23:44:34,261 received header: Header(type:b'MSG', chunk_type:b'F', body_size:52, channel:40)
2026-09-12 23:44:36,198 read
2026-09-12 23:44:36,202 received header: Header(type:b'MSG', chunk_type:b'F', body_size:60, channel:40)
2026-09-12 23:44:37,261 read
2026-09-12 23:44:37,265 received header: Header(type:b'MSG', chunk_type:b'F', body_size:52, channel:40)
2026-09-12 23:44:38,326 read
2026-09-12 23:44:38,332 received header: Header(type:b'MSG', chunk_type:b'F', body_size:60, channel:40)
2026-09-12 23:44:40,266 read
2026-09-12 23:44:40,269 received header: Header(type:b'MSG', chunk_type:b'F', body_size:52, channel:40)
2026-09-12 23:44:40,460 read
2026-09-12 23:44:40,463 received header: Header(type:b'MSG', chunk_type:b'F', body_size:60, channel:40)
2026-09-12 23:44:42,595 read
2026-09-12 23:44:42,599 received header: Header(type:b'MSG', chunk_type:b'F', body_size:60, channel:40)
2026-09-12 23:44:43,270 read
2026-09-12 23:44:43,274 received header: Header(type:b'MSG', chunk_type:b'F', body_size:52, channel:40)
2026-09-12 23:44:44,723 read
2026-09-12 23:44:44,727 received header: Header(type:b'MSG', chunk_type:b'F', body_size:60, channel:40)
2026-09-12 23:44:46,274 read
2026-09-12 23:44:46,279 received header: Header(type:b'MSG', chunk_type:b'F', body_size:52, channel:40)
2026-09-12 23:44:46,852 read
2026-09-12 23:44:46,855 received header: Header(type:b'MSG', chunk_type:b'F', body_size:60, channel:40)
2026-09-12 23:44:48,980 read
2026-09-12 23:44:48,983 received header: Header(type:b'MSG', chunk_type:b'F', body_size:60, channel:40)
2026-09-12 23:44:49,279 read
2026-09-12 23:44:49,283 received header: Header(type:b'MSG', chunk_type:b'F', body_size:52, channel:40)
2026-09-12 23:44:51,108 read
2026-09-12 23:44:51,112 received header: Header(type:b'MSG', chunk_type:b'F', body_size:60, channel:40)
2026-09-12 23:44:52,283 read
2026-09-12 23:44:52,286 received header: Header(type:b'MSG', chunk_type:b'F', body_size:52, channel:40)
2026-09-12 23:44:53,236 read
2026-09-12 23:44:53,239 received header: Header(type:b'MSG', chunk_type:b'F', body_size:60, channel:40)
2026-09-12 23:44:55,287 read
2026-09-12 23:44:55,291 received header: Header(type:b'MSG', chunk_type:b'F', body_size:52, channel:40)
2026-09-12 23:44:55,364 read
2026-09-12 23:44:55,367 received header: Header(type:b'MSG', chunk_type:b'F', body_size:60, channel:40)
2026-09-12 23:44:57,491 read
2026-09-12 23:44:57,495 received header: Header(type:b'MSG', chunk_type:b'F', body_size:60, channel:40)
2026-09-12 23:44:58,291 read
2026-09-12 23:44:58,296 received header: Header(type:b'MSG', chunk_type:b'F', body_size:52, channel:40)
2026-09-12 23:44:59,619 read
2026-09-12 23:44:59,622 received header: Header(type:b'MSG', chunk_type:b'F', body_size:60, channel:40)
2026-09-12 23:45:01,296 read
2026-09-12 23:45:01,303 received header: Header(type:b'MSG', chunk_type:b'F', body_size:52, channel:40)
2026-09-12 23:45:01,747 read
2026-09-12 23:45:01,751 received header: Header(type:b'MSG', chunk_type:b'F', body_size:60, channel:40)
2026-09-12 23:45:03,874 read
2026-09-12 23:45:03,877 received header: Header(type:b'MSG', chunk_type:b'F', body_size:60, channel:40)
2026-09-12 23:45:04,303 read
2026-09-12 23:45:04,307 received header: Header(type:b'MSG', chunk_type:b'F', body_size:52, channel:40)
2026-09-12 23:45:06,001 read
2026-09-12 23:45:06,004 received header: Header(type:b'MSG', chunk_type:b'F', body_size:60, channel:40)
2026-09-12 23:45:07,307 read
2026-09-12 23:45:07,311 received header: Header(type:b'MSG', chunk_type:b'F', body_size:52, channel:40)
2026-09-12 23:45:08,130 read
2026-09-12 23:45:08,133 received header: Header(type:b'MSG', chunk_type:b'F', body_size:60, channel:40)
2026-09-12 23:45:10,263 read
2026-09-12 23:45:10,267 received header: Header(type:b'MSG', chunk_type:b'F', body_size:60, channel:40)
2026-09-12 23:45:10,311 read
2026-09-12 23:45:10,315 received header: Header(type:b'MSG', chunk_type:b'F', body_size:52, channel:40)
2026-09-12 23:45:12,391 read
2026-09-12 23:45:12,394 received header: Header(type:b'MSG', chunk_type:b'F', body_size:60, channel:40)
2026-09-12 23:45:13,316 read
2026-09-12 23:45:13,319 received header: Header(type:b'MSG', chunk_type:b'F', body_size:52, channel:40)
2026-09-12 23:45:14,518 read
2026-09-12 23:45:14,522 received header: Header(type:b'MSG', chunk_type:b'F', body_size:60, channel:40)
2026-09-12 23:45:16,319 read
2026-09-12 23:45:16,323 received header: Header(type:b'MSG', chunk_type:b'F', body_size:52, channel:40)
2026-09-12 23:45:16,646 read
2026-09-12 23:45:16,649 received header: Header(type:b'MSG', chunk_type:b'F', body_size:60, channel:40)
2026-09-12 23:45:18,774 read
2026-09-12 23:45:18,778 received header: Header(type:b'MSG', chunk_type:b'F', body_size:60, channel:40)
2026-09-12 23:45:19,324 read
2026-09-12 23:45:19,329 received header: Header(type:b'MSG', chunk_type:b'F', body_size:52, channel:40)
2026-09-12 23:45:20,901 read
2026-09-12 23:45:20,903 received header: Header(type:b'MSG', chunk_type:b'F', body_size:60, channel:40)
2026-09-12 23:45:22,329 read
2026-09-12 23:45:22,333 received header: Header(type:b'MSG', chunk_type:b'F', body_size:52, channel:40)
2026-09-12 23:45:23,028 read
2026-09-12 23:45:23,032 received header: Header(type:b'MSG', chunk_type:b'F', body_size:60, channel:40)
2026-09-12 23:45:25,156 read
2026-09-12 23:45:25,159 received header: Header(type:b'MSG', chunk_type:b'F', body_size:60, channel:40)
2026-09-12 23:45:25,334 read
2026-09-12 23:45:25,338 received header: Header(type:b'MSG', chunk_type:b'F', body_size:52, channel:40)
2026-09-12 23:45:27,281 read
2026-09-12 23:45:27,285 received header: Header(type:b'MSG', chunk_type:b'F', body_size:60, channel:40)
2026-09-12 23:45:28,196 open_secure_channel
2026-09-12 23:45:28,198 received header: Header(type:b'OPN', chunk_type:b'F', body_size:123, channel:40)
2026-09-12 23:45:28,198 read
2026-09-12 23:45:28,201 received header: Header(type:b'MSG', chunk_type:b'F', body_size:62, channel:40)
2026-09-12 23:45:28,338 read
2026-09-12 23:45:28,348 received header: Header(type:b'MSG', chunk_type:b'F', body_size:52, channel:40)
2026-09-12 23:45:29,408 read
2026-09-12 23:45:29,411 received header: Header(type:b'MSG', chunk_type:b'F', body_size:60, channel:40)
2026-09-12 23:45:31,348 read
2026-09-12 23:45:31,352 received header: Header(type:b'MSG', chunk_type:b'F', body_size:52, channel:40)
2026-09-12 23:45:31,539 read
2026-09-12 23:45:31,543 received header: Header(type:b'MSG', chunk_type:b'F', body_size:60, channel:40)
2026-09-12 23:45:33,667 read
2026-09-12 23:45:33,671 received header: Header(type:b'MSG', chunk_type:b'F', body_size:60, channel:40)
2026-09-12 23:45:34,352 read
2026-09-12 23:45:34,357 received header: Header(type:b'MSG', chunk_type:b'F', body_size:52, channel:40)
2026-09-12 23:45:35,795 read
2026-09-12 23:45:35,799 received header: Header(type:b'MSG', chunk_type:b'F', body_size:60, channel:40)
2026-09-12 23:45:37,357 read
2026-09-12 23:45:37,362 received header: Header(type:b'MSG', chunk_type:b'F', body_size:52, channel:40)
2026-09-12 23:45:37,923 read
2026-09-12 23:45:37,927 received header: Header(type:b'MSG', chunk_type:b'F', body_size:60, channel:40)
2026-09-12 23:45:40,052 read
2026-09-12 23:45:40,056 received header: Header(type:b'MSG', chunk_type:b'F', body_size:60, channel:40)
2026-09-12 23:45:40,362 read
2026-09-12 23:45:40,367 received header: Header(type:b'MSG', chunk_type:b'F', body_size:52, channel:40)
2026-09-12 23:45:42,180 read
2026-09-12 23:45:42,183 received header: Header(type:b'MSG', chunk_type:b'F', body_size:60, channel:40)
2026-09-12 23:45:43,367 read
2026-09-12 23:45:43,370 received header: Header(type:b'MSG', chunk_type:b'F', body_size:52, channel:40)
2026-09-12 23:45:44,308 read
2026-09-12 23:45:44,311 received header: Header(type:b'MSG', chunk_type:b'F', body_size:60, channel:40)
2026-09-12 23:45:46,371 read
2026-09-12 23:45:46,409 received header: Header(type:b'MSG', chunk_type:b'F', body_size:52, channel:40)
2026-09-12 23:45:46,434 read
2026-09-12 23:45:46,439 received header: Header(type:b'MSG', chunk_type:b'F', body_size:60, channel:40)
2026-09-12 23:45:48,562 read
2026-09-12 23:45:48,564 received header: Header(type:b'MSG', chunk_type:b'F', body_size:60, channel:40)
2026-09-12 23:45:49,435 read
2026-09-12 23:45:49,438 received header: Header(type:b'MSG', chunk_type:b'F', body_size:52, channel:40)
2026-09-12 23:45:50,690 read
2026-09-12 23:45:50,694 received header: Header(type:b'MSG', chunk_type:b'F', body_size:60, channel:40)
2026-09-12 23:45:52,438 read
2026-09-12 23:45:52,442 received header: Header(type:b'MSG', chunk_type:b'F', body_size:52, channel:40)
2026-09-12 23:45:52,817 read
2026-09-12 23:45:52,821 received header: Header(type:b'MSG', chunk_type:b'F', body_size:60, channel:40)
2026-09-12 23:45:54,945 read
2026-09-12 23:45:54,948 received header: Header(type:b'MSG', chunk_type:b'F', body_size:60, channel:40)
2026-09-12 23:45:55,443 read
2026-09-12 23:45:55,446 received header: Header(type:b'MSG', chunk_type:b'F', body_size:52, channel:40)
2026-09-12 23:45:57,075 read
2026-09-12 23:45:57,078 received header: Header(type:b'MSG', chunk_type:b'F', body_size:60, channel:40)
2026-09-12 23:45:58,447 read
2026-09-12 23:45:58,454 received header: Header(type:b'MSG', chunk_type:b'F', body_size:52, channel:40)
2026-09-12 23:45:59,201 read
2026-09-12 23:45:59,205 received header: Header(type:b'MSG', chunk_type:b'F', body_size:60, channel:40)
2026-09-12 23:46:01,329 read
2026-09-12 23:46:01,332 received header: Header(type:b'MSG', chunk_type:b'F', body_size:60, channel:40)
2026-09-12 23:46:01,454 read
2026-09-12 23:46:01,457 received header: Header(type:b'MSG', chunk_type:b'F', body_size:52, channel:40)
2026-09-12 23:46:03,457 read
2026-09-12 23:46:03,460 received header: Header(type:b'MSG', chunk_type:b'F', body_size:60, channel:40)
2026-09-12 23:46:04,458 read
2026-09-12 23:46:04,462 received header: Header(type:b'MSG', chunk_type:b'F', body_size:52, channel:40)
2026-09-12 23:46:05,586 read
2026-09-12 23:46:05,591 received header: Header(type:b'MSG', chunk_type:b'F', body_size:60, channel:40)
2026-09-12 23:46:07,462 read
2026-09-12 23:46:07,466 received header: Header(type:b'MSG', chunk_type:b'F', body_size:52, channel:40)
2026-09-12 23:46:07,716 read
2026-09-12 23:46:07,719 received header: Header(type:b'MSG', chunk_type:b'F', body_size:60, channel:40)
2026-09-12 23:46:09,844 read
2026-09-12 23:46:09,848 received header: Header(type:b'MSG', chunk_type:b'F', body_size:60, channel:40)
2026-09-12 23:46:10,466 read
2026-09-12 23:46:10,470 received header: Header(type:b'MSG', chunk_type:b'F', body_size:52, channel:40)
2026-09-12 23:46:11,974 read
2026-09-12 23:46:11,978 received header: Header(type:b'MSG', chunk_type:b'F', body_size:60, channel:40)
2026-09-12 23:46:13,470 read
2026-09-12 23:46:13,474 received header: Header(type:b'MSG', chunk_type:b'F', body_size:52, channel:40)
2026-09-12 23:46:14,102 read
2026-09-12 23:46:14,105 received header: Header(type:b'MSG', chunk_type:b'F', body_size:60, channel:40)
2026-09-12 23:46:16,229 read
2026-09-12 23:46:16,232 received header: Header(type:b'MSG', chunk_type:b'F', body_size:60, channel:40)
2026-09-12 23:46:16,474 read
2026-09-12 23:46:16,478 received header: Header(type:b'MSG', chunk_type:b'F', body_size:52, channel:40)
2026-09-12 23:46:18,355 read
2026-09-12 23:46:18,358 received header: Header(type:b'MSG', chunk_type:b'F', body_size:60, channel:40)
2026-09-12 23:46:19,478 read
2026-09-12 23:46:19,482 received header: Header(type:b'MSG', chunk_type:b'F', body_size:52, channel:40)
2026-09-12 23:46:20,482 read
2026-09-12 23:46:20,486 received header: Header(type:b'MSG', chunk_type:b'F', body_size:60, channel:40)
2026-09-12 23:46:22,482 read
2026-09-12 23:46:22,486 received header: Header(type:b'MSG', chunk_type:b'F', body_size:52, channel:40)
2026-09-12 23:46:22,612 read
2026-09-12 23:46:22,615 received header: Header(type:b'MSG', chunk_type:b'F', body_size:60, channel:40)
2026-09-12 23:46:24,738 read
2026-09-12 23:46:24,741 received header: Header(type:b'MSG', chunk_type:b'F', body_size:60, channel:40)
2026-09-12 23:46:25,487 read
2026-09-12 23:46:25,490 received header: Header(type:b'MSG', chunk_type:b'F', body_size:52, channel:40)
2026-09-12 23:46:26,865 read
2026-09-12 23:46:26,868 received header: Header(type:b'MSG', chunk_type:b'F', body_size:60, channel:40)
2026-09-12 23:46:28,491 read
2026-09-12 23:46:28,494 received header: Header(type:b'MSG', chunk_type:b'F', body_size:52, channel:40)
2026-09-12 23:46:28,994 read
2026-09-12 23:46:28,997 received header: Header(type:b'MSG', chunk_type:b'F', body_size:60, channel:40)
2026-09-12 23:46:31,126 read
2026-09-12 23:46:31,132 received header: Header(type:b'MSG', chunk_type:b'F', body_size:60, channel:40)
2026-09-12 23:46:31,495 read
2026-09-12 23:46:31,498 received header: Header(type:b'MSG', chunk_type:b'F', body_size:52, channel:40)
2026-09-12 23:46:33,256 read
2026-09-12 23:46:33,259 received header: Header(type:b'MSG', chunk_type:b'F', body_size:60, channel:40)
2026-09-12 23:46:34,499 read
2026-09-12 23:46:34,502 received header: Header(type:b'MSG', chunk_type:b'F', body_size:52, channel:40)
2026-09-12 23:46:35,382 read
2026-09-12 23:46:35,385 received header: Header(type:b'MSG', chunk_type:b'F', body_size:60, channel:40)
2026-09-12 23:46:37,508 read
2026-09-12 23:46:37,508 read
2026-09-12 23:46:37,514 received header: Header(type:b'MSG', chunk_type:b'F', body_size:60, channel:40)
2026-09-12 23:46:37,514 received header: Header(type:b'MSG', chunk_type:b'F', body_size:52, channel:40)
2026-09-12 23:46:39,639 read
2026-09-12 23:46:39,642 received header: Header(type:b'MSG', chunk_type:b'F', body_size:60, channel:40)
2026-09-12 23:46:40,515 read
2026-09-12 23:46:40,518 received header: Header(type:b'MSG', chunk_type:b'F', body_size:52, channel:40)
2026-09-12 23:46:41,768 read
2026-09-12 23:46:41,771 received header: Header(type:b'MSG', chunk_type:b'F', body_size:60, channel:40)
2026-09-12 23:46:43,518 read
2026-09-12 23:46:43,522 received header: Header(type:b'MSG', chunk_type:b'F', body_size:52, channel:40)
2026-09-12 23:46:43,895 read
2026-09-12 23:46:43,902 received header: Header(type:b'MSG', chunk_type:b'F', body_size:60, channel:40)
2026-09-12 23:46:46,026 read
2026-09-12 23:46:46,029 received header: Header(type:b'MSG', chunk_type:b'F', body_size:60, channel:40)
2026-09-12 23:46:46,522 read
2026-09-12 23:46:46,526 received header: Header(type:b'MSG', chunk_type:b'F', body_size:52, channel:40)
2026-09-12 23:46:48,154 read
2026-09-12 23:46:48,159 received header: Header(type:b'MSG', chunk_type:b'F', body_size:60, channel:40)
2026-09-12 23:46:49,527 read
2026-09-12 23:46:49,530 received header: Header(type:b'MSG', chunk_type:b'F', body_size:52, channel:40)
2026-09-12 23:46:50,286 read
2026-09-12 23:46:50,289 received header: Header(type:b'MSG', chunk_type:b'F', body_size:60, channel:40)
2026-09-12 23:46:52,201 open_secure_channel
2026-09-12 23:46:52,203 received header: Header(type:b'OPN', chunk_type:b'F', body_size:123, channel:40)
2026-09-12 23:46:52,203 read
2026-09-12 23:46:52,206 received header: Header(type:b'MSG', chunk_type:b'F', body_size:62, channel:40)
2026-09-12 23:46:52,415 read
2026-09-12 23:46:52,418 received header: Header(type:b'MSG', chunk_type:b'F', body_size:60, channel:40)
2026-09-12 23:46:52,531 read
2026-09-12 23:46:52,535 received header: Header(type:b'MSG', chunk_type:b'F', body_size:52, channel:40)
2026-09-12 23:46:54,541 read
2026-09-12 23:46:54,545 received header: Header(type:b'MSG', chunk_type:b'F', body_size:60, channel:40)
2026-09-12 23:46:55,535 read
2026-09-12 23:46:55,542 received header: Header(type:b'MSG', chunk_type:b'F', body_size:52, channel:40)
2026-09-12 23:46:56,669 read
2026-09-12 23:46:56,672 received header: Header(type:b'MSG', chunk_type:b'F', body_size:60, channel:40)
2026-09-12 23:46:58,543 read
2026-09-12 23:46:58,549 received header: Header(type:b'MSG', chunk_type:b'F', body_size:52, channel:40)
2026-09-12 23:46:58,797 read
2026-09-12 23:46:58,800 received header: Header(type:b'MSG', chunk_type:b'F', body_size:60, channel:40)
2026-09-12 23:47:00,924 read
2026-09-12 23:47:00,927 received header: Header(type:b'MSG', chunk_type:b'F', body_size:60, channel:40)
2026-09-12 23:47:01,549 read
2026-09-12 23:47:01,552 received header: Header(type:b'MSG', chunk_type:b'F', body_size:52, channel:40)
2026-09-12 23:47:03,053 read
2026-09-12 23:47:03,057 received header: Header(type:b'MSG', chunk_type:b'F', body_size:60, channel:40)
2026-09-12 23:47:04,553 read
2026-09-12 23:47:04,557 received header: Header(type:b'MSG', chunk_type:b'F', body_size:52, channel:40)
2026-09-12 23:47:05,184 read
2026-09-12 23:47:05,187 received header: Header(type:b'MSG', chunk_type:b'F', body_size:60, channel:40)
2026-09-12 23:47:07,311 read
2026-09-12 23:47:07,315 received header: Header(type:b'MSG', chunk_type:b'F', body_size:60, channel:40)
2026-09-12 23:47:07,558 read
2026-09-12 23:47:07,562 received header: Header(type:b'MSG', chunk_type:b'F', body_size:52, channel:40)
2026-09-12 23:47:09,441 read
2026-09-12 23:47:09,445 received header: Header(type:b'MSG', chunk_type:b'F', body_size:60, channel:40)
2026-09-12 23:47:10,563 read
2026-09-12 23:47:10,566 received header: Header(type:b'MSG', chunk_type:b'F', body_size:52, channel:40)
2026-09-12 23:47:11,569 read
2026-09-12 23:47:11,573 received header: Header(type:b'MSG', chunk_type:b'F', body_size:60, channel:40)
2026-09-12 23:47:13,566 read
2026-09-12 23:47:13,570 received header: Header(type:b'MSG', chunk_type:b'F', body_size:52, channel:40)
2026-09-12 23:47:13,702 read
2026-09-12 23:47:13,705 received header: Header(type:b'MSG', chunk_type:b'F', body_size:60, channel:40)
2026-09-12 23:47:15,829 read
2026-09-12 23:47:15,832 received header: Header(type:b'MSG', chunk_type:b'F', body_size:60, channel:40)
2026-09-12 23:47:16,570 read
2026-09-12 23:47:16,574 received header: Header(type:b'MSG', chunk_type:b'F', body_size:52, channel:40)
2026-09-12 23:47:17,954 read
2026-09-12 23:47:17,957 received header: Header(type:b'MSG', chunk_type:b'F', body_size:60, channel:40)
2026-09-12 23:47:19,574 read
2026-09-12 23:47:19,577 received header: Header(type:b'MSG', chunk_type:b'F', body_size:52, channel:40)
2026-09-12 23:47:20,081 read
2026-09-12 23:47:20,085 received header: Header(type:b'MSG', chunk_type:b'F', body_size:60, channel:40)
2026-09-12 23:47:22,207 read
2026-09-12 23:47:22,211 received header: Header(type:b'MSG', chunk_type:b'F', body_size:60, channel:40)
2026-09-12 23:47:22,578 read
2026-09-12 23:47:22,582 received header: Header(type:b'MSG', chunk_type:b'F', body_size:52, channel:40)
2026-09-12 23:47:24,335 read
2026-09-12 23:47:24,338 received header: Header(type:b'MSG', chunk_type:b'F', body_size:60, channel:40)
2026-09-12 23:47:25,582 read
2026-09-12 23:47:25,586 received header: Header(type:b'MSG', chunk_type:b'F', body_size:52, channel:40)
2026-09-12 23:47:26,461 read
2026-09-12 23:47:26,465 received header: Header(type:b'MSG', chunk_type:b'F', body_size:60, channel:40)
2026-09-12 23:47:28,590 read
2026-09-12 23:47:28,590 read
2026-09-12 23:47:28,598 received header: Header(type:b'MSG', chunk_type:b'F', body_size:52, channel:40)
2026-09-12 23:47:28,599 received header: Header(type:b'MSG', chunk_type:b'F', body_size:60, channel:40)
2026-09-12 23:47:30,723 read
2026-09-12 23:47:30,728 received header: Header(type:b'MSG', chunk_type:b'F', body_size:60, channel:40)
2026-09-12 23:47:31,599 read
2026-09-12 23:47:31,603 received header: Header(type:b'MSG', chunk_type:b'F', body_size:52, channel:40)
2026-09-12 23:47:32,852 read
2026-09-12 23:47:32,855 received header: Header(type:b'MSG', chunk_type:b'F', body_size:60, channel:40)
2026-09-12 23:47:34,603 read
2026-09-12 23:47:34,606 received header: Header(type:b'MSG', chunk_type:b'F', body_size:52, channel:40)
2026-09-12 23:47:34,979 read
2026-09-12 23:47:34,985 received header: Header(type:b'MSG', chunk_type:b'F', body_size:60, channel:40)
2026-09-12 23:47:37,111 read
2026-09-12 23:47:37,114 received header: Header(type:b'MSG', chunk_type:b'F', body_size:60, channel:40)
2026-09-12 23:47:37,607 read
2026-09-12 23:47:37,611 received header: Header(type:b'MSG', chunk_type:b'F', body_size:52, channel:40)
2026-09-12 23:47:39,239 read
2026-09-12 23:47:39,242 received header: Header(type:b'MSG', chunk_type:b'F', body_size:60, channel:40)
2026-09-12 23:47:40,612 read
2026-09-12 23:47:40,615 received header: Header(type:b'MSG', chunk_type:b'F', body_size:52, channel:40)
2026-09-12 23:47:41,365 read
2026-09-12 23:47:41,368 received header: Header(type:b'MSG', chunk_type:b'F', body_size:60, channel:40)
2026-09-12 23:47:43,493 read
2026-09-12 23:47:43,497 received header: Header(type:b'MSG', chunk_type:b'F', body_size:60, channel:40)
2026-09-12 23:47:43,616 read
2026-09-12 23:47:43,619 received header: Header(type:b'MSG', chunk_type:b'F', body_size:52, channel:40)
2026-09-12 23:47:45,623 read
2026-09-12 23:47:45,626 received header: Header(type:b'MSG', chunk_type:b'F', body_size:60, channel:40)
2026-09-12 23:47:46,620 read
2026-09-12 23:47:46,625 received header: Header(type:b'MSG', chunk_type:b'F', body_size:52, channel:40)
2026-09-12 23:47:47,751 read
2026-09-12 23:47:47,755 received header: Header(type:b'MSG', chunk_type:b'F', body_size:60, channel:40)
2026-09-12 23:47:49,626 read
2026-09-12 23:47:49,631 received header: Header(type:b'MSG', chunk_type:b'F', body_size:52, channel:40)
2026-09-12 23:47:49,880 read
2026-09-12 23:47:49,884 received header: Header(type:b'MSG', chunk_type:b'F', body_size:60, channel:40)
2026-09-12 23:47:52,007 read
2026-09-12 23:47:52,010 received header: Header(type:b'MSG', chunk_type:b'F', body_size:60, channel:40)
2026-09-12 23:47:52,631 read
2026-09-12 23:47:52,634 received header: Header(type:b'MSG', chunk_type:b'F', body_size:52, channel:40)
2026-09-12 23:47:54,138 read
2026-09-12 23:47:54,141 received header: Header(type:b'MSG', chunk_type:b'F', body_size:60, channel:40)
2026-09-12 23:47:55,635 read
2026-09-12 23:47:55,639 received header: Header(type:b'MSG', chunk_type:b'F', body_size:52, channel:40)
2026-09-12 23:47:56,265 read
2026-09-12 23:47:56,270 received header: Header(type:b'MSG', chunk_type:b'F', body_size:60, channel:40)
2026-09-12 23:47:58,392 read
2026-09-12 23:47:58,395 received header: Header(type:b'MSG', chunk_type:b'F', body_size:60, channel:40)
2026-09-12 23:47:58,639 read
2026-09-12 23:47:58,643 received header: Header(type:b'MSG', chunk_type:b'F', body_size:52, channel:40)
2026-09-12 23:48:00,520 read
2026-09-12 23:48:00,524 received header: Header(type:b'MSG', chunk_type:b'F', body_size:60, channel:40)
2026-09-12 23:48:01,644 read
2026-09-12 23:48:01,647 received header: Header(type:b'MSG', chunk_type:b'F', body_size:52, channel:40)
2026-09-12 23:48:02,649 read
2026-09-12 23:48:02,652 received header: Header(type:b'MSG', chunk_type:b'F', body_size:60, channel:40)
2026-09-12 23:48:04,648 read
2026-09-12 23:48:04,656 received header: Header(type:b'MSG', chunk_type:b'F', body_size:52, channel:40)
2026-09-12 23:48:04,778 read
2026-09-12 23:48:04,782 received header: Header(type:b'MSG', chunk_type:b'F', body_size:60, channel:40)
2026-09-12 23:48:06,906 read
2026-09-12 23:48:06,909 received header: Header(type:b'MSG', chunk_type:b'F', body_size:60, channel:40)
2026-09-12 23:48:07,657 read
2026-09-12 23:48:07,660 received header: Header(type:b'MSG', chunk_type:b'F', body_size:52, channel:40)
2026-09-12 23:48:09,033 read
2026-09-12 23:48:09,037 received header: Header(type:b'MSG', chunk_type:b'F', body_size:60, channel:40)
2026-09-12 23:48:10,661 read
2026-09-12 23:48:10,665 received header: Header(type:b'MSG', chunk_type:b'F', body_size:52, channel:40)
2026-09-12 23:48:11,162 read
2026-09-12 23:48:11,166 received header: Header(type:b'MSG', chunk_type:b'F', body_size:60, channel:40)
2026-09-12 23:48:13,289 read
2026-09-12 23:48:13,292 received header: Header(type:b'MSG', chunk_type:b'F', body_size:60, channel:40)
2026-09-12 23:48:13,666 read
2026-09-12 23:48:13,669 received header: Header(type:b'MSG', chunk_type:b'F', body_size:52, channel:40)
2026-09-12 23:48:15,415 read
2026-09-12 23:48:15,418 received header: Header(type:b'MSG', chunk_type:b'F', body_size:60, channel:40)
2026-09-12 23:48:16,206 open_secure_channel
2026-09-12 23:48:16,208 received header: Header(type:b'OPN', chunk_type:b'F', body_size:123, channel:40)
2026-09-12 23:48:16,208 read
2026-09-12 23:48:16,212 received header: Header(type:b'MSG', chunk_type:b'F', body_size:62, channel:40)
2026-09-12 23:48:16,670 read
2026-09-12 23:48:16,673 received header: Header(type:b'MSG', chunk_type:b'F', body_size:52, channel:40)
2026-09-12 23:48:17,543 read
2026-09-12 23:48:17,546 received header: Header(type:b'MSG', chunk_type:b'F', body_size:60, channel:40)
2026-09-12 23:48:19,670 read
2026-09-12 23:48:19,673 read
2026-09-12 23:48:19,674 received header: Header(type:b'MSG', chunk_type:b'F', body_size:60, channel:40)
2026-09-12 23:48:19,677 received header: Header(type:b'MSG', chunk_type:b'F', body_size:52, channel:40)
2026-09-12 23:48:21,798 read
2026-09-12 23:48:21,801 received header: Header(type:b'MSG', chunk_type:b'F', body_size:60, channel:40)
2026-09-12 23:48:22,678 read
2026-09-12 23:48:22,682 received header: Header(type:b'MSG', chunk_type:b'F', body_size:52, channel:40)
2026-09-12 23:48:23,925 read
2026-09-12 23:48:23,928 received header: Header(type:b'MSG', chunk_type:b'F', body_size:60, channel:40)
2026-09-12 23:48:25,682 read
2026-09-12 23:48:25,686 received header: Header(type:b'MSG', chunk_type:b'F', body_size:52, channel:40)
2026-09-12 23:48:26,053 read
2026-09-12 23:48:26,056 received header: Header(type:b'MSG', chunk_type:b'F', body_size:60, channel:40)
2026-09-12 23:48:28,179 read
2026-09-12 23:48:28,185 received header: Header(type:b'MSG', chunk_type:b'F', body_size:60, channel:40)
2026-09-12 23:48:28,686 read
2026-09-12 23:48:28,690 received header: Header(type:b'MSG', chunk_type:b'F', body_size:52, channel:40)
2026-09-12 23:48:30,310 read
2026-09-12 23:48:30,314 received header: Header(type:b'MSG', chunk_type:b'F', body_size:60, channel:40)
2026-09-12 23:48:31,690 read
2026-09-12 23:48:31,694 received header: Header(type:b'MSG', chunk_type:b'F', body_size:52, channel:40)
2026-09-12 23:48:32,437 read
2026-09-12 23:48:32,440 received header: Header(type:b'MSG', chunk_type:b'F', body_size:60, channel:40)
2026-09-12 23:48:34,564 read
2026-09-12 23:48:34,567 received header: Header(type:b'MSG', chunk_type:b'F', body_size:60, channel:40)
2026-09-12 23:48:34,694 read
2026-09-12 23:48:34,698 received header: Header(type:b'MSG', chunk_type:b'F', body_size:52, channel:40)
2026-09-12 23:48:36,692 read
2026-09-12 23:48:36,695 received header: Header(type:b'MSG', chunk_type:b'F', body_size:60, channel:40)
2026-09-12 23:48:37,698 read
2026-09-12 23:48:37,702 received header: Header(type:b'MSG', chunk_type:b'F', body_size:52, channel:40)
2026-09-12 23:48:38,821 read
2026-09-12 23:48:38,824 received header: Header(type:b'MSG', chunk_type:b'F', body_size:60, channel:40)
2026-09-12 23:48:40,702 read
2026-09-12 23:48:40,706 received header: Header(type:b'MSG', chunk_type:b'F', body_size:52, channel:40)
2026-09-12 23:48:40,954 read
2026-09-12 23:48:40,958 received header: Header(type:b'MSG', chunk_type:b'F', body_size:60, channel:40)
2026-09-12 23:48:43,082 read
2026-09-12 23:48:43,087 received header: Header(type:b'MSG', chunk_type:b'F', body_size:60, channel:40)
2026-09-12 23:48:43,707 read
2026-09-12 23:48:43,712 received header: Header(type:b'MSG', chunk_type:b'F', body_size:52, channel:40)
2026-09-12 23:48:45,212 read
2026-09-12 23:48:45,215 received header: Header(type:b'MSG', chunk_type:b'F', body_size:60, channel:40)
2026-09-12 23:48:46,712 read
2026-09-12 23:48:46,715 received header: Header(type:b'MSG', chunk_type:b'F', body_size:52, channel:40)
2026-09-12 23:48:47,342 read
2026-09-12 23:48:47,345 received header: Header(type:b'MSG', chunk_type:b'F', body_size:60, channel:40)
2026-09-12 23:48:49,468 read
2026-09-12 23:48:49,472 received header: Header(type:b'MSG', chunk_type:b'F', body_size:60, channel:40)
2026-09-12 23:48:49,716 read
2026-09-12 23:48:49,720 received header: Header(type:b'MSG', chunk_type:b'F', body_size:52, channel:40)
2026-09-12 23:48:51,596 read
2026-09-12 23:48:51,599 received header: Header(type:b'MSG', chunk_type:b'F', body_size:60, channel:40)
2026-09-12 23:48:52,720 read
2026-09-12 23:48:52,724 received header: Header(type:b'MSG', chunk_type:b'F', body_size:52, channel:40)
2026-09-12 23:48:53,722 read
2026-09-12 23:48:53,726 received header: Header(type:b'MSG', chunk_type:b'F', body_size:60, channel:40)
2026-09-12 23:48:55,724 read
2026-09-12 23:48:55,732 received header: Header(type:b'MSG', chunk_type:b'F', body_size:52, channel:40)
2026-09-12 23:48:55,851 read
2026-09-12 23:48:55,854 received header: Header(type:b'MSG', chunk_type:b'F', body_size:60, channel:40)
2026-09-12 23:48:57,978 read
2026-09-12 23:48:57,982 received header: Header(type:b'MSG', chunk_type:b'F', body_size:60, channel:40)
2026-09-12 23:48:58,732 read
2026-09-12 23:48:58,736 received header: Header(type:b'MSG', chunk_type:b'F', body_size:52, channel:40)
2026-09-12 23:49:00,107 read
2026-09-12 23:49:00,112 received header: Header(type:b'MSG', chunk_type:b'F', body_size:60, channel:40)
2026-09-12 23:49:01,736 read
2026-09-12 23:49:01,740 received header: Header(type:b'MSG', chunk_type:b'F', body_size:52, channel:40)
2026-09-12 23:49:02,236 read
2026-09-12 23:49:02,239 received header: Header(type:b'MSG', chunk_type:b'F', body_size:60, channel:40)
2026-09-12 23:49:04,363 read
2026-09-12 23:49:04,367 received header: Header(type:b'MSG', chunk_type:b'F', body_size:60, channel:40)
2026-09-12 23:49:04,740 read
2026-09-12 23:49:04,746 received header: Header(type:b'MSG', chunk_type:b'F', body_size:52, channel:40)
2026-09-12 23:49:06,490 read
2026-09-12 23:49:06,494 received header: Header(type:b'MSG', chunk_type:b'F', body_size:60, channel:40)
2026-09-12 23:49:07,747 read
2026-09-12 23:49:07,750 received header: Header(type:b'MSG', chunk_type:b'F', body_size:52, channel:40)
2026-09-12 23:49:08,617 read
2026-09-12 23:49:08,620 received header: Header(type:b'MSG', chunk_type:b'F', body_size:60, channel:40)
2026-09-12 23:49:10,744 read
2026-09-12 23:49:10,747 received header: Header(type:b'MSG', chunk_type:b'F', body_size:60, channel:40)
2026-09-12 23:49:10,750 read
2026-09-12 23:49:10,754 received header: Header(type:b'MSG', chunk_type:b'F', body_size:52, channel:40)
2026-09-12 23:49:12,871 read
2026-09-12 23:49:12,874 received header: Header(type:b'MSG', chunk_type:b'F', body_size:60, channel:40)
2026-09-12 23:49:13,754 read
2026-09-12 23:49:13,759 received header: Header(type:b'MSG', chunk_type:b'F', body_size:52, channel:40)
2026-09-12 23:49:14,997 read
2026-09-12 23:49:15,002 received header: Header(type:b'MSG', chunk_type:b'F', body_size:60, channel:40)
2026-09-12 23:49:16,760 read
2026-09-12 23:49:16,764 received header: Header(type:b'MSG', chunk_type:b'F', body_size:52, channel:40)
2026-09-12 23:49:17,126 read
2026-09-12 23:49:17,130 received header: Header(type:b'MSG', chunk_type:b'F', body_size:60, channel:40)
2026-09-12 23:49:19,253 read
2026-09-12 23:49:19,256 received header: Header(type:b'MSG', chunk_type:b'F', body_size:60, channel:40)
2026-09-12 23:49:19,764 read
2026-09-12 23:49:19,768 received header: Header(type:b'MSG', chunk_type:b'F', body_size:52, channel:40)
2026-09-12 23:49:21,381 read
2026-09-12 23:49:21,383 received header: Header(type:b'MSG', chunk_type:b'F', body_size:60, channel:40)
2026-09-12 23:49:22,768 read
2026-09-12 23:49:22,772 received header: Header(type:b'MSG', chunk_type:b'F', body_size:52, channel:40)
2026-09-12 23:49:23,508 read
2026-09-12 23:49:23,513 received header: Header(type:b'MSG', chunk_type:b'F', body_size:60, channel:40)
2026-09-12 23:49:25,638 read
2026-09-12 23:49:25,641 received header: Header(type:b'MSG', chunk_type:b'F', body_size:60, channel:40)
2026-09-12 23:49:25,773 read
2026-09-12 23:49:25,776 received header: Header(type:b'MSG', chunk_type:b'F', body_size:52, channel:40)
2026-09-12 23:49:27,765 read
2026-09-12 23:49:27,768 received header: Header(type:b'MSG', chunk_type:b'F', body_size:60, channel:40)
2026-09-12 23:49:28,777 read
2026-09-12 23:49:28,780 received header: Header(type:b'MSG', chunk_type:b'F', body_size:52, channel:40)
2026-09-12 23:49:29,892 read
2026-09-12 23:49:29,895 received header: Header(type:b'MSG', chunk_type:b'F', body_size:60, channel:40)
2026-09-12 23:49:31,781 read
2026-09-12 23:49:31,784 received header: Header(type:b'MSG', chunk_type:b'F', body_size:52, channel:40)
2026-09-12 23:49:32,019 read
2026-09-12 23:49:32,022 received header: Header(type:b'MSG', chunk_type:b'F', body_size:60, channel:40)
2026-09-12 23:49:34,145 read
2026-09-12 23:49:34,149 received header: Header(type:b'MSG', chunk_type:b'F', body_size:60, channel:40)
2026-09-12 23:49:34,785 read
2026-09-12 23:49:34,788 received header: Header(type:b'MSG', chunk_type:b'F', body_size:52, channel:40)
2026-09-12 23:49:36,273 read
2026-09-12 23:49:36,278 received header: Header(type:b'MSG', chunk_type:b'F', body_size:60, channel:40)
2026-09-12 23:49:37,789 read
2026-09-12 23:49:37,792 received header: Header(type:b'MSG', chunk_type:b'F', body_size:52, channel:40)
2026-09-12 23:49:38,401 read
2026-09-12 23:49:38,404 received header: Header(type:b'MSG', chunk_type:b'F', body_size:60, channel:40)
2026-09-12 23:49:40,212 open_secure_channel
2026-09-12 23:49:40,214 received header: Header(type:b'OPN', chunk_type:b'F', body_size:123, channel:40)
2026-09-12 23:49:40,214 read
2026-09-12 23:49:40,217 received header: Header(type:b'MSG', chunk_type:b'F', body_size:62, channel:40)
2026-09-12 23:49:40,528 read
2026-09-12 23:49:40,531 received header: Header(type:b'MSG', chunk_type:b'F', body_size:60, channel:40)
2026-09-12 23:49:40,793 read
2026-09-12 23:49:40,796 received header: Header(type:b'MSG', chunk_type:b'F', body_size:52, channel:40)
2026-09-12 23:49:42,654 read
2026-09-12 23:49:42,657 received header: Header(type:b'MSG', chunk_type:b'F', body_size:60, channel:40)
2026-09-12 23:49:43,797 read
2026-09-12 23:49:43,801 received header: Header(type:b'MSG', chunk_type:b'F', body_size:52, channel:40)
2026-09-12 23:49:44,780 read
2026-09-12 23:49:44,783 received header: Header(type:b'MSG', chunk_type:b'F', body_size:60, channel:40)
2026-09-12 23:49:46,801 read
2026-09-12 23:49:46,805 received header: Header(type:b'MSG', chunk_type:b'F', body_size:52, channel:40)
2026-09-12 23:49:46,907 read
2026-09-12 23:49:46,910 received header: Header(type:b'MSG', chunk_type:b'F', body_size:60, channel:40)
2026-09-12 23:49:49,038 read
2026-09-12 23:49:49,042 received header: Header(type:b'MSG', chunk_type:b'F', body_size:60, channel:40)
2026-09-12 23:49:49,805 read
2026-09-12 23:49:49,809 received header: Header(type:b'MSG', chunk_type:b'F', body_size:52, channel:40)
2026-09-12 23:49:51,167 read
2026-09-12 23:49:51,170 received header: Header(type:b'MSG', chunk_type:b'F', body_size:60, channel:40)
2026-09-12 23:49:52,809 read
2026-09-12 23:49:52,813 received header: Header(type:b'MSG', chunk_type:b'F', body_size:52, channel:40)
2026-09-12 23:49:53,294 read
2026-09-12 23:49:53,297 received header: Header(type:b'MSG', chunk_type:b'F', body_size:60, channel:40)
2026-09-12 23:49:55,422 read
2026-09-12 23:49:55,426 received header: Header(type:b'MSG', chunk_type:b'F', body_size:60, channel:40)
2026-09-12 23:49:55,814 read
2026-09-12 23:49:55,817 received header: Header(type:b'MSG', chunk_type:b'F', body_size:52, channel:40)
2026-09-12 23:49:57,549 read
2026-09-12 23:49:57,553 received header: Header(type:b'MSG', chunk_type:b'F', body_size:60, channel:40)
2026-09-12 23:49:58,817 read
2026-09-12 23:49:58,825 received header: Header(type:b'MSG', chunk_type:b'F', body_size:52, channel:40)
2026-09-12 23:49:59,677 read
2026-09-12 23:49:59,680 received header: Header(type:b'MSG', chunk_type:b'F', body_size:60, channel:40)
2026-09-12 23:50:01,804 read
2026-09-12 23:50:01,808 received header: Header(type:b'MSG', chunk_type:b'F', body_size:60, channel:40)
2026-09-12 23:50:01,825 read
2026-09-12 23:50:01,829 received header: Header(type:b'MSG', chunk_type:b'F', body_size:52, channel:40)
2026-09-12 23:50:03,932 read
2026-09-12 23:50:03,935 received header: Header(type:b'MSG', chunk_type:b'F', body_size:60, channel:40)
2026-09-12 23:50:04,830 read
2026-09-12 23:50:04,833 received header: Header(type:b'MSG', chunk_type:b'F', body_size:52, channel:40)
2026-09-12 23:50:06,059 read
2026-09-12 23:50:06,063 received header: Header(type:b'MSG', chunk_type:b'F', body_size:60, channel:40)
2026-09-12 23:50:07,834 read
2026-09-12 23:50:07,838 received header: Header(type:b'MSG', chunk_type:b'F', body_size:52, channel:40)
2026-09-12 23:50:08,186 read
2026-09-12 23:50:08,189 received header: Header(type:b'MSG', chunk_type:b'F', body_size:60, channel:40)
2026-09-12 23:50:10,311 read
2026-09-12 23:50:10,314 received header: Header(type:b'MSG', chunk_type:b'F', body_size:60, channel:40)
2026-09-12 23:50:10,838 read
2026-09-12 23:50:10,842 received header: Header(type:b'MSG', chunk_type:b'F', body_size:52, channel:40)
2026-09-12 23:50:12,437 read
2026-09-12 23:50:12,440 received header: Header(type:b'MSG', chunk_type:b'F', body_size:60, channel:40)
2026-09-12 23:50:13,843 read
2026-09-12 23:50:13,846 received header: Header(type:b'MSG', chunk_type:b'F', body_size:52, channel:40)
2026-09-12 23:50:14,563 read
2026-09-12 23:50:14,568 received header: Header(type:b'MSG', chunk_type:b'F', body_size:60, channel:40)
2026-09-12 23:50:16,690 read
2026-09-12 23:50:16,693 received header: Header(type:b'MSG', chunk_type:b'F', body_size:60, channel:40)
2026-09-12 23:50:16,847 read
2026-09-12 23:50:16,850 received header: Header(type:b'MSG', chunk_type:b'F', body_size:52, channel:40)
2026-09-12 23:50:18,817 read
2026-09-12 23:50:18,820 received header: Header(type:b'MSG', chunk_type:b'F', body_size:60, channel:40)
2026-09-12 23:50:19,851 read
2026-09-12 23:50:19,855 received header: Header(type:b'MSG', chunk_type:b'F', body_size:52, channel:40)
2026-09-12 23:50:20,943 read
2026-09-12 23:50:20,950 received header: Header(type:b'MSG', chunk_type:b'F', body_size:60, channel:40)
2026-09-12 23:50:22,855 read
2026-09-12 23:50:22,859 received header: Header(type:b'MSG', chunk_type:b'F', body_size:52, channel:40)
2026-09-12 23:50:23,079 read
2026-09-12 23:50:23,083 received header: Header(type:b'MSG', chunk_type:b'F', body_size:60, channel:40)
2026-09-12 23:50:25,205 read
2026-09-12 23:50:25,209 received header: Header(type:b'MSG', chunk_type:b'F', body_size:60, channel:40)
2026-09-12 23:50:25,859 read
2026-09-12 23:50:25,868 received header: Header(type:b'MSG', chunk_type:b'F', body_size:52, channel:40)
2026-09-12 23:50:27,331 read
2026-09-12 23:50:27,335 received header: Header(type:b'MSG', chunk_type:b'F', body_size:60, channel:40)
2026-09-12 23:50:28,868 read
2026-09-12 23:50:28,872 received header: Header(type:b'MSG', chunk_type:b'F', body_size:52, channel:40)
2026-09-12 23:50:29,458 read
2026-09-12 23:50:29,461 received header: Header(type:b'MSG', chunk_type:b'F', body_size:60, channel:40)
2026-09-12 23:50:31,585 read
2026-09-12 23:50:31,588 received header: Header(type:b'MSG', chunk_type:b'F', body_size:60, channel:40)
2026-09-12 23:50:31,872 read
2026-09-12 23:50:31,876 received header: Header(type:b'MSG', chunk_type:b'F', body_size:52, channel:40)
2026-09-12 23:50:33,713 read
2026-09-12 23:50:33,716 received header: Header(type:b'MSG', chunk_type:b'F', body_size:60, channel:40)
2026-09-12 23:50:34,876 read
2026-09-12 23:50:34,880 received header: Header(type:b'MSG', chunk_type:b'F', body_size:52, channel:40)
2026-09-12 23:50:35,838 read
2026-09-12 23:50:35,841 received header: Header(type:b'MSG', chunk_type:b'F', body_size:60, channel:40)
2026-09-12 23:50:37,880 read
2026-09-12 23:50:37,885 received header: Header(type:b'MSG', chunk_type:b'F', body_size:52, channel:40)
2026-09-12 23:50:37,965 read
2026-09-12 23:50:37,968 received header: Header(type:b'MSG', chunk_type:b'F', body_size:60, channel:40)
2026-09-12 23:50:40,094 read
2026-09-12 23:50:40,098 received header: Header(type:b'MSG', chunk_type:b'F', body_size:60, channel:40)
2026-09-12 23:50:40,885 read
2026-09-12 23:50:40,888 received header: Header(type:b'MSG', chunk_type:b'F', body_size:52, channel:40)
2026-09-12 23:50:42,220 read
2026-09-12 23:50:42,223 received header: Header(type:b'MSG', chunk_type:b'F', body_size:60, channel:40)
2026-09-12 23:50:43,889 read
2026-09-12 23:50:43,892 received header: Header(type:b'MSG', chunk_type:b'F', body_size:52, channel:40)
2026-09-12 23:50:44,347 read
2026-09-12 23:50:44,353 received header: Header(type:b'MSG', chunk_type:b'F', body_size:60, channel:40)
2026-09-12 23:50:46,476 read
2026-09-12 23:50:46,479 received header: Header(type:b'MSG', chunk_type:b'F', body_size:60, channel:40)
2026-09-12 23:50:46,893 read
2026-09-12 23:50:46,897 received header: Header(type:b'MSG', chunk_type:b'F', body_size:52, channel:40)
2026-09-12 23:50:48,602 read
2026-09-12 23:50:48,606 received header: Header(type:b'MSG', chunk_type:b'F', body_size:60, channel:40)
2026-09-12 23:50:49,897 read
2026-09-12 23:50:49,901 received header: Header(type:b'MSG', chunk_type:b'F', body_size:52, channel:40)
2026-09-12 23:50:50,730 read
2026-09-12 23:50:50,734 received header: Header(type:b'MSG', chunk_type:b'F', body_size:60, channel:40)
2026-09-12 23:50:52,857 read
2026-09-12 23:50:52,860 received header: Header(type:b'MSG', chunk_type:b'F', body_size:60, channel:40)
2026-09-12 23:50:52,901 read
2026-09-12 23:50:52,907 received header: Header(type:b'MSG', chunk_type:b'F', body_size:52, channel:40)
2026-09-12 23:50:54,982 read
2026-09-12 23:50:54,987 received header: Header(type:b'MSG', chunk_type:b'F', body_size:60, channel:40)
2026-09-12 23:50:55,908 read
2026-09-12 23:50:55,911 received header: Header(type:b'MSG', chunk_type:b'F', body_size:52, channel:40)
2026-09-12 23:50:57,110 read
2026-09-12 23:50:57,113 received header: Header(type:b'MSG', chunk_type:b'F', body_size:60, channel:40)
2026-09-12 23:50:58,912 read
2026-09-12 23:50:58,915 received header: Header(type:b'MSG', chunk_type:b'F', body_size:52, channel:40)
2026-09-12 23:50:59,237 read
2026-09-12 23:50:59,240 received header: Header(type:b'MSG', chunk_type:b'F', body_size:60, channel:40)
2026-09-12 23:51:01,365 read
2026-09-12 23:51:01,369 received header: Header(type:b'MSG', chunk_type:b'F', body_size:60, channel:40)
2026-09-12 23:51:01,916 read
2026-09-12 23:51:01,919 received header: Header(type:b'MSG', chunk_type:b'F', body_size:52, channel:40)
2026-09-12 23:51:03,492 read
2026-09-12 23:51:03,496 received header: Header(type:b'MSG', chunk_type:b'F', body_size:60, channel:40)
2026-09-12 23:51:04,218 open_secure_channel
2026-09-12 23:51:04,219 received header: Header(type:b'OPN', chunk_type:b'F', body_size:123, channel:40)
2026-09-12 23:51:04,220 read
2026-09-12 23:51:04,222 received header: Header(type:b'MSG', chunk_type:b'F', body_size:62, channel:40)
2026-09-12 23:51:04,920 read
2026-09-12 23:51:04,924 received header: Header(type:b'MSG', chunk_type:b'F', body_size:52, channel:40)
2026-09-12 23:51:05,620 read
2026-09-12 23:51:05,623 received header: Header(type:b'MSG', chunk_type:b'F', body_size:60, channel:40)
2026-09-12 23:51:07,747 read
2026-09-12 23:51:07,751 received header: Header(type:b'MSG', chunk_type:b'F', body_size:60, channel:40)
2026-09-12 23:51:07,924 read
2026-09-12 23:51:07,929 received header: Header(type:b'MSG', chunk_type:b'F', body_size:52, channel:40)
2026-09-12 23:51:09,873 read
2026-09-12 23:51:09,880 received header: Header(type:b'MSG', chunk_type:b'F', body_size:60, channel:40)
2026-09-12 23:51:10,929 read
2026-09-12 23:51:10,934 received header: Header(type:b'MSG', chunk_type:b'F', body_size:52, channel:40)
2026-09-12 23:51:12,003 read
2026-09-12 23:51:12,006 received header: Header(type:b'MSG', chunk_type:b'F', body_size:60, channel:40)
2026-09-12 23:51:13,934 read
2026-09-12 23:51:13,940 received header: Header(type:b'MSG', chunk_type:b'F', body_size:52, channel:40)
2026-09-12 23:51:14,132 read
2026-09-12 23:51:14,135 received header: Header(type:b'MSG', chunk_type:b'F', body_size:60, channel:40)
2026-09-12 23:51:16,259 read
2026-09-12 23:51:16,262 received header: Header(type:b'MSG', chunk_type:b'F', body_size:60, channel:40)
2026-09-12 23:51:16,940 read
2026-09-12 23:51:16,944 received header: Header(type:b'MSG', chunk_type:b'F', body_size:52, channel:40)
2026-09-12 23:51:18,387 read
2026-09-12 23:51:18,390 received header: Header(type:b'MSG', chunk_type:b'F', body_size:60, channel:40)
2026-09-12 23:51:19,944 read
2026-09-12 23:51:19,947 received header: Header(type:b'MSG', chunk_type:b'F', body_size:52, channel:40)
2026-09-12 23:51:20,515 read
2026-09-12 23:51:20,518 received header: Header(type:b'MSG', chunk_type:b'F', body_size:60, channel:40)
2026-09-12 23:51:22,641 read
2026-09-12 23:51:22,644 received header: Header(type:b'MSG', chunk_type:b'F', body_size:60, channel:40)
2026-09-12 23:51:22,948 read
2026-09-12 23:51:22,952 received header: Header(type:b'MSG', chunk_type:b'F', body_size:52, channel:40)
2026-09-12 23:51:24,768 read
2026-09-12 23:51:24,772 received header: Header(type:b'MSG', chunk_type:b'F', body_size:60, channel:40)
2026-09-12 23:51:25,952 read
2026-09-12 23:51:25,956 received header: Header(type:b'MSG', chunk_type:b'F', body_size:52, channel:40)
2026-09-12 23:51:26,895 read
2026-09-12 23:51:26,899 received header: Header(type:b'MSG', chunk_type:b'F', body_size:60, channel:40)
2026-09-12 23:51:28,956 read
2026-09-12 23:51:29,018 received header: Header(type:b'MSG', chunk_type:b'F', body_size:52, channel:40)
2026-09-12 23:51:29,023 read
2026-09-12 23:51:29,028 received header: Header(type:b'MSG', chunk_type:b'F', body_size:60, channel:40)
2026-09-12 23:51:31,152 read
2026-09-12 23:51:31,155 received header: Header(type:b'MSG', chunk_type:b'F', body_size:60, channel:40)
2026-09-12 23:51:32,024 read
2026-09-12 23:51:32,028 received header: Header(type:b'MSG', chunk_type:b'F', body_size:52, channel:40)
2026-09-12 23:51:33,278 read
2026-09-12 23:51:33,281 received header: Header(type:b'MSG', chunk_type:b'F', body_size:60, channel:40)
2026-09-12 23:51:35,028 read
2026-09-12 23:51:35,033 received header: Header(type:b'MSG', chunk_type:b'F', body_size:52, channel:40)
2026-09-12 23:51:35,406 read
2026-09-12 23:51:35,410 received header: Header(type:b'MSG', chunk_type:b'F', body_size:60, channel:40)
2026-09-12 23:51:37,533 read
2026-09-12 23:51:37,538 received header: Header(type:b'MSG', chunk_type:b'F', body_size:60, channel:40)
2026-09-12 23:51:38,034 read
2026-09-12 23:51:38,037 received header: Header(type:b'MSG', chunk_type:b'F', body_size:52, channel:40)
2026-09-12 23:51:39,661 read
2026-09-12 23:51:39,664 received header: Header(type:b'MSG', chunk_type:b'F', body_size:60, channel:40)
2026-09-12 23:51:41,038 read
2026-09-12 23:51:41,041 received header: Header(type:b'MSG', chunk_type:b'F', body_size:52, channel:40)
2026-09-12 23:51:41,789 read
2026-09-12 23:51:41,794 received header: Header(type:b'MSG', chunk_type:b'F', body_size:60, channel:40)
2026-09-12 23:51:43,917 read
2026-09-12 23:51:43,921 received header: Header(type:b'MSG', chunk_type:b'F', body_size:60, channel:40)
2026-09-12 23:51:44,042 read
2026-09-12 23:51:44,046 received header: Header(type:b'MSG', chunk_type:b'F', body_size:52, channel:40)
2026-09-12 23:51:46,045 read
2026-09-12 23:51:46,050 received header: Header(type:b'MSG', chunk_type:b'F', body_size:60, channel:40)
2026-09-12 23:51:47,046 read
2026-09-12 23:51:47,050 received header: Header(type:b'MSG', chunk_type:b'F', body_size:52, channel:40)
2026-09-12 23:51:48,175 read
2026-09-12 23:51:48,178 received header: Header(type:b'MSG', chunk_type:b'F', body_size:60, channel:40)
2026-09-12 23:51:50,051 read
2026-09-12 23:51:50,054 received header: Header(type:b'MSG', chunk_type:b'F', body_size:52, channel:40)
2026-09-12 23:51:50,303 read
2026-09-12 23:51:50,306 received header: Header(type:b'MSG', chunk_type:b'F', body_size:60, channel:40)
2026-09-12 23:51:52,428 read
2026-09-12 23:51:52,432 received header: Header(type:b'MSG', chunk_type:b'F', body_size:60, channel:40)
2026-09-12 23:51:53,054 read
2026-09-12 23:51:53,058 received header: Header(type:b'MSG', chunk_type:b'F', body_size:52, channel:40)
2026-09-12 23:51:54,554 read
2026-09-12 23:51:54,558 received header: Header(type:b'MSG', chunk_type:b'F', body_size:60, channel:40)
2026-09-12 23:51:56,058 read
2026-09-12 23:51:56,062 received header: Header(type:b'MSG', chunk_type:b'F', body_size:52, channel:40)
2026-09-12 23:51:56,681 read
2026-09-12 23:51:56,684 received header: Header(type:b'MSG', chunk_type:b'F', body_size:60, channel:40)
2026-09-12 23:51:58,807 read
2026-09-12 23:51:58,810 received header: Header(type:b'MSG', chunk_type:b'F', body_size:60, channel:40)
2026-09-12 23:51:59,062 read
2026-09-12 23:51:59,066 received header: Header(type:b'MSG', chunk_type:b'F', body_size:52, channel:40)
2026-09-12 23:52:00,934 read
2026-09-12 23:52:00,937 received header: Header(type:b'MSG', chunk_type:b'F', body_size:60, channel:40)
2026-09-12 23:52:02,066 read
2026-09-12 23:52:02,070 received header: Header(type:b'MSG', chunk_type:b'F', body_size:52, channel:40)
2026-09-12 23:52:03,060 read
2026-09-12 23:52:03,063 received header: Header(type:b'MSG', chunk_type:b'F', body_size:60, channel:40)
2026-09-12 23:52:05,070 read
2026-09-12 23:52:05,074 received header: Header(type:b'MSG', chunk_type:b'F', body_size:52, channel:40)
2026-09-12 23:52:05,189 read
2026-09-12 23:52:05,192 received header: Header(type:b'MSG', chunk_type:b'F', body_size:60, channel:40)
2026-09-12 23:52:07,315 read
2026-09-12 23:52:07,319 received header: Header(type:b'MSG', chunk_type:b'F', body_size:60, channel:40)
2026-09-12 23:52:08,075 read
2026-09-12 23:52:08,078 received header: Header(type:b'MSG', chunk_type:b'F', body_size:52, channel:40)
2026-09-12 23:52:09,441 read
2026-09-12 23:52:09,444 received header: Header(type:b'MSG', chunk_type:b'F', body_size:60, channel:40)
2026-09-12 23:52:11,079 read
2026-09-12 23:52:11,082 received header: Header(type:b'MSG', chunk_type:b'F', body_size:52, channel:40)
2026-09-12 23:52:11,568 read
2026-09-12 23:52:11,570 received header: Header(type:b'MSG', chunk_type:b'F', body_size:60, channel:40)
2026-09-12 23:52:13,697 read
2026-09-12 23:52:13,700 received header: Header(type:b'MSG', chunk_type:b'F', body_size:60, channel:40)
2026-09-12 23:52:14,082 read
2026-09-12 23:52:14,086 received header: Header(type:b'MSG', chunk_type:b'F', body_size:52, channel:40)
2026-09-12 23:53:26,286 opening connection
2026-09-12 23:53:26,542 Thread started
2026-09-12 23:53:26,544 received header: Header(type:b'ACK', chunk_type:b'F', body_size:20, channel:0)
2026-09-12 23:53:26,544 open_secure_channel
2026-09-12 23:53:26,545 received header: Header(type:b'OPN', chunk_type:b'F', body_size:123, channel:41)
2026-09-12 23:53:26,545 create_session
2026-09-12 23:53:26,727 received header: Header(type:b'MSG', chunk_type:b'F', body_size:2464, channel:41)
2026-09-12 23:53:26,728 activate_session
2026-09-12 23:53:26,732 received header: Header(type:b'MSG', chunk_type:b'F', body_size:52, channel:41)
2026-09-12 23:53:26,732 Client connected
2026-09-12 23:53:26,733 read
2026-09-12 23:53:26,733 read
2026-09-12 23:53:26,743 received header: Header(type:b'MSG', chunk_type:b'F', body_size:60, channel:41)
2026-09-12 23:53:26,754 received header: Header(type:b'MSG', chunk_type:b'F', body_size:52, channel:41)
2026-09-12 23:53:29,754 read
2026-09-12 23:53:29,759 received header: Header(type:b'MSG', chunk_type:b'F', body_size:52, channel:41)
2026-09-12 23:57:31,645 opening connection
2026-09-12 23:57:31,711 Thread started
2026-09-12 23:57:31,713 received header: Header(type:b'ACK', chunk_type:b'F', body_size:20, channel:0)
2026-09-12 23:57:31,713 open_secure_channel
2026-09-12 23:57:31,714 received header: Header(type:b'OPN', chunk_type:b'F', body_size:123, channel:42)
2026-09-12 23:57:31,714 create_session
2026-09-12 23:57:31,866 received header: Header(type:b'MSG', chunk_type:b'F', body_size:2464, channel:42)
2026-09-12 23:57:31,867 activate_session
2026-09-12 23:57:31,873 received header: Header(type:b'MSG', chunk_type:b'F', body_size:52, channel:42)
2026-09-12 23:57:31,873 Client connected
2026-09-12 23:57:31,873 read
2026-09-12 23:57:31,873 read
2026-09-12 23:57:31,880 received header: Header(type:b'MSG', chunk_type:b'F', body_size:60, channel:42)
2026-09-12 23:57:31,896 received header: Header(type:b'MSG', chunk_type:b'F', body_size:52, channel:42)
2026-09-12 23:57:34,026 read
2026-09-12 23:57:34,029 received header: Header(type:b'MSG', chunk_type:b'F', body_size:60, channel:42)
2026-09-12 23:57:34,896 read
2026-09-12 23:57:34,900 received header: Header(type:b'MSG', chunk_type:b'F', body_size:52, channel:42)
2026-09-12 23:57:37,900 read
2026-09-12 23:57:37,904 received header: Header(type:b'MSG', chunk_type:b'F', body_size:52, channel:42)
2026-09-12 23:57:40,904 read
2026-09-12 23:57:40,908 received header: Header(type:b'MSG', chunk_type:b'F', body_size:52, channel:42)
2026-09-12 23:57:43,908 read
2026-09-12 23:57:43,912 received header: Header(type:b'MSG', chunk_type:b'F', body_size:52, channel:42)
2026-09-12 23:57:46,912 read
2026-09-12 23:57:46,916 received header: Header(type:b'MSG', chunk_type:b'F', body_size:52, channel:42)
2026-09-12 23:57:49,917 read
2026-09-12 23:57:49,920 received header: Header(type:b'MSG', chunk_type:b'F', body_size:52, channel:42)
2026-09-12 23:57:52,920 read
2026-09-12 23:57:52,927 received header: Header(type:b'MSG', chunk_type:b'F', body_size:52, channel:42)
2026-09-12 23:57:55,927 read
2026-09-12 23:57:55,931 received header: Header(type:b'MSG', chunk_type:b'F', body_size:52, channel:42)
2026-09-12 23:57:58,931 read
2026-09-12 23:57:58,934 received header: Header(type:b'MSG', chunk_type:b'F', body_size:52, channel:42)
2026-09-12 23:58:01,935 read
2026-09-12 23:58:01,940 received header: Header(type:b'MSG', chunk_type:b'F', body_size:52, channel:42)
2026-09-12 23:58:04,940 read
2026-09-12 23:58:04,944 received header: Header(type:b'MSG', chunk_type:b'F', body_size:52, channel:42)
2026-09-12 23:58:07,944 read
2026-09-12 23:58:07,948 received header: Header(type:b'MSG', chunk_type:b'F', body_size:52, channel:42)
2026-09-12 23:58:10,948 read
2026-09-12 23:58:10,953 received header: Header(type:b'MSG', chunk_type:b'F', body_size:52, channel:42)
2026-09-12 23:58:13,954 read
2026-09-12 23:58:13,957 received header: Header(type:b'MSG', chunk_type:b'F', body_size:52, channel:42)
2026-09-12 23:58:16,958 read
2026-09-12 23:58:16,962 received header: Header(type:b'MSG', chunk_type:b'F', body_size:52, channel:42)
2026-09-12 23:58:19,962 read
2026-09-12 23:58:19,967 received header: Header(type:b'MSG', chunk_type:b'F', body_size:52, channel:42)
2026-09-12 23:58:49,502 opening connection
2026-09-12 23:58:49,632 Thread started
2026-09-12 23:58:49,634 received header: Header(type:b'ACK', chunk_type:b'F', body_size:20, channel:0)
2026-09-12 23:58:49,634 open_secure_channel
2026-09-12 23:58:49,636 received header: Header(type:b'OPN', chunk_type:b'F', body_size:123, channel:43)
2026-09-12 23:58:49,636 create_session
2026-09-12 23:58:49,807 received header: Header(type:b'MSG', chunk_type:b'F', body_size:2464, channel:43)
2026-09-12 23:58:49,808 activate_session
2026-09-12 23:58:49,813 received header: Header(type:b'MSG', chunk_type:b'F', body_size:52, channel:43)
2026-09-12 23:58:49,813 Client connected
2026-09-12 23:58:49,813 read
2026-09-12 23:58:49,813 read
2026-09-12 23:58:49,821 received header: Header(type:b'MSG', chunk_type:b'F', body_size:60, channel:43)
2026-09-12 23:58:49,837 received header: Header(type:b'MSG', chunk_type:b'F', body_size:52, channel:43)
2026-09-12 23:58:51,952 read
2026-09-12 23:58:51,957 received header: Header(type:b'MSG', chunk_type:b'F', body_size:60, channel:43)
2026-09-12 23:58:52,837 read
2026-09-12 23:58:52,841 received header: Header(type:b'MSG', chunk_type:b'F', body_size:52, channel:43)
2026-09-12 23:58:54,094 read
2026-09-12 23:58:54,098 received header: Header(type:b'MSG', chunk_type:b'F', body_size:60, channel:43)
2026-09-12 23:58:55,841 read
2026-09-12 23:58:55,845 received header: Header(type:b'MSG', chunk_type:b'F', body_size:52, channel:43)
2026-09-12 23:58:56,225 read
2026-09-12 23:58:56,228 received header: Header(type:b'MSG', chunk_type:b'F', body_size:60, channel:43)
2026-09-12 23:58:58,352 read
2026-09-12 23:58:58,355 received header: Header(type:b'MSG', chunk_type:b'F', body_size:60, channel:43)
2026-09-12 23:58:58,845 read
2026-09-12 23:58:58,849 received header: Header(type:b'MSG', chunk_type:b'F', body_size:52, channel:43)
2026-09-12 23:59:00,480 read
2026-09-12 23:59:00,485 received header: Header(type:b'MSG', chunk_type:b'F', body_size:60, channel:43)
2026-09-12 23:59:01,849 read
2026-09-12 23:59:01,853 received header: Header(type:b'MSG', chunk_type:b'F', body_size:52, channel:43)
2026-09-12 23:59:02,617 read
2026-09-12 23:59:02,620 received header: Header(type:b'MSG', chunk_type:b'F', body_size:60, channel:43)
2026-09-12 23:59:04,745 read
2026-09-12 23:59:04,749 received header: Header(type:b'MSG', chunk_type:b'F', body_size:60, channel:43)
2026-09-12 23:59:04,854 read
2026-09-12 23:59:04,858 received header: Header(type:b'MSG', chunk_type:b'F', body_size:52, channel:43)
2026-09-12 23:59:06,877 read
2026-09-12 23:59:06,884 received header: Header(type:b'MSG', chunk_type:b'F', body_size:60, channel:43)
2026-09-12 23:59:07,858 read
2026-09-12 23:59:07,862 received header: Header(type:b'MSG', chunk_type:b'F', body_size:52, channel:43)
2026-09-12 23:59:09,013 read
2026-09-12 23:59:09,017 received header: Header(type:b'MSG', chunk_type:b'F', body_size:60, channel:43)
2026-09-12 23:59:10,863 read
2026-09-12 23:59:10,866 received header: Header(type:b'MSG', chunk_type:b'F', body_size:52, channel:43)
2026-09-12 23:59:11,143 read
2026-09-12 23:59:11,146 received header: Header(type:b'MSG', chunk_type:b'F', body_size:60, channel:43)
2026-09-12 23:59:13,270 read
2026-09-12 23:59:13,274 received header: Header(type:b'MSG', chunk_type:b'F', body_size:60, channel:43)
2026-09-12 23:59:13,867 read
2026-09-12 23:59:13,871 received header: Header(type:b'MSG', chunk_type:b'F', body_size:52, channel:43)
2026-09-12 23:59:15,398 read
2026-09-12 23:59:15,400 received header: Header(type:b'MSG', chunk_type:b'F', body_size:60, channel:43)
2026-09-12 23:59:16,871 read
2026-09-12 23:59:16,875 received header: Header(type:b'MSG', chunk_type:b'F', body_size:52, channel:43)
2026-09-12 23:59:17,533 read
2026-09-12 23:59:17,536 received header: Header(type:b'MSG', chunk_type:b'F', body_size:60, channel:43)
2026-09-12 23:59:19,661 read
2026-09-12 23:59:19,664 received header: Header(type:b'MSG', chunk_type:b'F', body_size:60, channel:43)
2026-09-12 23:59:19,876 read
2026-09-12 23:59:19,881 received header: Header(type:b'MSG', chunk_type:b'F', body_size:52, channel:43)
2026-09-12 23:59:21,788 read
2026-09-12 23:59:21,791 received header: Header(type:b'MSG', chunk_type:b'F', body_size:60, channel:43)
2026-09-12 23:59:22,882 read
2026-09-12 23:59:22,885 received header: Header(type:b'MSG', chunk_type:b'F', body_size:52, channel:43)
2026-09-12 23:59:23,914 read
2026-09-12 23:59:23,918 received header: Header(type:b'MSG', chunk_type:b'F', body_size:60, channel:43)
2026-09-12 23:59:25,886 read
2026-09-12 23:59:25,890 received header: Header(type:b'MSG', chunk_type:b'F', body_size:52, channel:43)
2026-09-12 23:59:26,049 read
2026-09-12 23:59:26,052 received header: Header(type:b'MSG', chunk_type:b'F', body_size:60, channel:43)
2026-09-12 23:59:28,177 read
2026-09-12 23:59:28,182 received header: Header(type:b'MSG', chunk_type:b'F', body_size:60, channel:43)
2026-09-12 23:59:28,890 read
2026-09-12 23:59:28,894 received header: Header(type:b'MSG', chunk_type:b'F', body_size:52, channel:43)
2026-09-12 23:59:30,314 read
2026-09-12 23:59:30,318 received header: Header(type:b'MSG', chunk_type:b'F', body_size:60, channel:43)
2026-09-12 23:59:31,895 read
2026-09-12 23:59:31,899 received header: Header(type:b'MSG', chunk_type:b'F', body_size:52, channel:43)
2026-09-12 23:59:32,442 read
2026-09-12 23:59:32,445 received header: Header(type:b'MSG', chunk_type:b'F', body_size:60, channel:43)
2026-09-12 23:59:34,572 read
2026-09-12 23:59:34,575 received header: Header(type:b'MSG', chunk_type:b'F', body_size:60, channel:43)
2026-09-12 23:59:34,899 read
2026-09-12 23:59:34,903 received header: Header(type:b'MSG', chunk_type:b'F', body_size:52, channel:43)
2026-09-12 23:59:36,700 read
2026-09-12 23:59:36,703 received header: Header(type:b'MSG', chunk_type:b'F', body_size:60, channel:43)
2026-09-12 23:59:38,601 opening connection
2026-09-12 23:59:38,640 Thread started
2026-09-12 23:59:38,641 received header: Header(type:b'ACK', chunk_type:b'F', body_size:20, channel:0)
2026-09-12 23:59:38,641 open_secure_channel
2026-09-12 23:59:38,643 received header: Header(type:b'OPN', chunk_type:b'F', body_size:123, channel:44)
2026-09-12 23:59:38,643 create_session
2026-09-12 23:59:38,862 received header: Header(type:b'MSG', chunk_type:b'F', body_size:2464, channel:44)
2026-09-12 23:59:38,863 activate_session
2026-09-12 23:59:38,867 received header: Header(type:b'MSG', chunk_type:b'F', body_size:52, channel:44)
2026-09-12 23:59:38,868 Client connected
2026-09-12 23:59:38,868 read
2026-09-12 23:59:38,868 read
2026-09-12 23:59:38,877 received header: Header(type:b'MSG', chunk_type:b'F', body_size:60, channel:44)
2026-09-12 23:59:38,897 received header: Header(type:b'MSG', chunk_type:b'F', body_size:52, channel:44)
2026-09-12 23:59:41,003 read
2026-09-12 23:59:41,007 received header: Header(type:b'MSG', chunk_type:b'F', body_size:60, channel:44)
2026-09-12 23:59:41,898 read
2026-09-12 23:59:41,901 received header: Header(type:b'MSG', chunk_type:b'F', body_size:52, channel:44)
2026-09-13 00:12:01,322 opening connection
2026-09-13 00:12:01,579 Thread started
2026-09-13 00:12:01,581 received header: Header(type:b'ACK', chunk_type:b'F', body_size:20, channel:0)
2026-09-13 00:12:01,581 open_secure_channel
2026-09-13 00:12:01,583 received header: Header(type:b'OPN', chunk_type:b'F', body_size:123, channel:45)
2026-09-13 00:12:01,583 create_session
2026-09-13 00:12:01,734 received header: Header(type:b'MSG', chunk_type:b'F', body_size:2464, channel:45)
2026-09-13 00:12:01,736 activate_session
2026-09-13 00:12:01,739 received header: Header(type:b'MSG', chunk_type:b'F', body_size:52, channel:45)
2026-09-13 00:12:01,740 Client connected
2026-09-13 00:12:01,740 read
2026-09-13 00:12:01,740 read
2026-09-13 00:12:01,746 received header: Header(type:b'MSG', chunk_type:b'F', body_size:60, channel:45)
2026-09-13 00:12:01,764 received header: Header(type:b'MSG', chunk_type:b'F', body_size:52, channel:45)
2026-09-13 00:12:03,887 read
2026-09-13 00:12:03,891 received header: Header(type:b'MSG', chunk_type:b'F', body_size:60, channel:45)
2026-09-13 00:12:04,764 read
2026-09-13 00:12:04,768 received header: Header(type:b'MSG', chunk_type:b'F', body_size:52, channel:45)
2026-09-13 00:12:06,026 read
2026-09-13 00:12:06,029 received header: Header(type:b'MSG', chunk_type:b'F', body_size:60, channel:45)
2026-09-13 00:12:07,768 read
2026-09-13 00:12:07,772 received header: Header(type:b'MSG', chunk_type:b'F', body_size:52, channel:45)
2026-09-13 00:12:08,154 read
2026-09-13 00:12:08,157 received header: Header(type:b'MSG', chunk_type:b'F', body_size:60, channel:45)
2026-09-13 00:12:10,281 read
2026-09-13 00:12:10,286 received header: Header(type:b'MSG', chunk_type:b'F', body_size:60, channel:45)
2026-09-13 00:12:10,772 read
2026-09-13 00:12:10,776 received header: Header(type:b'MSG', chunk_type:b'F', body_size:52, channel:45)
2026-09-13 00:12:12,412 read
2026-09-13 00:12:12,415 received header: Header(type:b'MSG', chunk_type:b'F', body_size:60, channel:45)
2026-09-13 00:12:13,776 read
2026-09-13 00:12:13,780 received header: Header(type:b'MSG', chunk_type:b'F', body_size:52, channel:45)
2026-09-13 00:12:14,542 read
2026-09-13 00:12:14,546 received header: Header(type:b'MSG', chunk_type:b'F', body_size:60, channel:45)
2026-09-13 00:12:16,669 read
2026-09-13 00:12:16,673 received header: Header(type:b'MSG', chunk_type:b'F', body_size:60, channel:45)
2026-09-13 00:12:16,781 read
2026-09-13 00:12:16,784 received header: Header(type:b'MSG', chunk_type:b'F', body_size:52, channel:45)
2026-09-13 00:12:18,808 read
2026-09-13 00:12:18,811 received header: Header(type:b'MSG', chunk_type:b'F', body_size:60, channel:45)
2026-09-13 00:12:19,785 read
2026-09-13 00:12:19,788 received header: Header(type:b'MSG', chunk_type:b'F', body_size:52, channel:45)
2026-09-13 00:12:20,936 read
2026-09-13 00:12:20,939 received header: Header(type:b'MSG', chunk_type:b'F', body_size:60, channel:45)
2026-09-13 00:12:22,789 read
2026-09-13 00:12:22,793 received header: Header(type:b'MSG', chunk_type:b'F', body_size:52, channel:45)
2026-09-13 00:12:23,066 read
2026-09-13 00:12:23,069 received header: Header(type:b'MSG', chunk_type:b'F', body_size:60, channel:45)
2026-09-13 00:12:25,195 read
2026-09-13 00:12:25,199 received header: Header(type:b'MSG', chunk_type:b'F', body_size:60, channel:45)
2026-09-13 00:12:25,793 read
2026-09-13 00:12:25,800 received header: Header(type:b'MSG', chunk_type:b'F', body_size:52, channel:45)
2026-09-13 00:12:27,324 read
2026-09-13 00:12:27,328 received header: Header(type:b'MSG', chunk_type:b'F', body_size:60, channel:45)
2026-09-13 00:12:28,801 read
2026-09-13 00:12:28,805 received header: Header(type:b'MSG', chunk_type:b'F', body_size:52, channel:45)
2026-09-13 00:12:29,460 read
2026-09-13 00:12:29,465 received header: Header(type:b'MSG', chunk_type:b'F', body_size:60, channel:45)
2026-09-13 00:12:31,589 read
2026-09-13 00:12:31,592 received header: Header(type:b'MSG', chunk_type:b'F', body_size:60, channel:45)
2026-09-13 00:12:31,805 read
2026-09-13 00:12:31,808 received header: Header(type:b'MSG', chunk_type:b'F', body_size:52, channel:45)
2026-09-13 00:12:33,716 read
2026-09-13 00:12:33,719 received header: Header(type:b'MSG', chunk_type:b'F', body_size:60, channel:45)
2026-09-13 00:12:34,809 read
2026-09-13 00:12:34,812 received header: Header(type:b'MSG', chunk_type:b'F', body_size:52, channel:45)
2026-09-13 00:12:35,842 read
2026-09-13 00:12:35,846 received header: Header(type:b'MSG', chunk_type:b'F', body_size:60, channel:45)
2026-09-13 00:12:37,813 read
2026-09-13 00:12:37,816 received header: Header(type:b'MSG', chunk_type:b'F', body_size:52, channel:45)
2026-09-13 00:12:37,975 read
2026-09-13 00:12:37,978 received header: Header(type:b'MSG', chunk_type:b'F', body_size:60, channel:45)
2026-09-13 00:12:40,103 read
2026-09-13 00:12:40,106 received header: Header(type:b'MSG', chunk_type:b'F', body_size:60, channel:45)
2026-09-13 00:12:40,817 read
2026-09-13 00:12:40,820 received header: Header(type:b'MSG', chunk_type:b'F', body_size:52, channel:45)
2026-09-13 00:12:42,232 read
2026-09-13 00:12:42,236 received header: Header(type:b'MSG', chunk_type:b'F', body_size:60, channel:45)
2026-09-13 00:12:43,821 read
2026-09-13 00:12:43,825 received header: Header(type:b'MSG', chunk_type:b'F', body_size:52, channel:45)
2026-09-13 00:12:44,361 read
2026-09-13 00:12:44,366 received header: Header(type:b'MSG', chunk_type:b'F', body_size:60, channel:45)
2026-09-13 00:12:46,501 read
2026-09-13 00:12:46,504 received header: Header(type:b'MSG', chunk_type:b'F', body_size:60, channel:45)
2026-09-13 00:12:46,826 read
2026-09-13 00:12:46,830 received header: Header(type:b'MSG', chunk_type:b'F', body_size:52, channel:45)
2026-09-13 00:12:48,631 read
2026-09-13 00:12:48,634 received header: Header(type:b'MSG', chunk_type:b'F', body_size:60, channel:45)
2026-09-13 00:12:49,830 read
2026-09-13 00:12:49,834 received header: Header(type:b'MSG', chunk_type:b'F', body_size:52, channel:45)
2026-09-13 00:12:50,759 read
2026-09-13 00:12:50,761 received header: Header(type:b'MSG', chunk_type:b'F', body_size:60, channel:45)
2026-09-13 00:12:52,860 read
2026-09-13 00:12:52,887 read
2026-09-13 00:12:52,887 received header: Header(type:b'MSG', chunk_type:b'F', body_size:52, channel:45)
2026-09-13 00:12:52,890 received header: Header(type:b'MSG', chunk_type:b'F', body_size:60, channel:45)
2026-09-13 00:12:55,014 read
2026-09-13 00:12:55,018 received header: Header(type:b'MSG', chunk_type:b'F', body_size:60, channel:45)
2026-09-13 00:12:55,888 read
2026-09-13 00:12:55,892 received header: Header(type:b'MSG', chunk_type:b'F', body_size:52, channel:45)
2026-09-13 00:12:57,142 read
2026-09-13 00:12:57,146 received header: Header(type:b'MSG', chunk_type:b'F', body_size:60, channel:45)
2026-09-13 00:12:58,892 read
2026-09-13 00:12:58,896 received header: Header(type:b'MSG', chunk_type:b'F', body_size:52, channel:45)
2026-09-13 00:12:59,272 read
2026-09-13 00:12:59,275 received header: Header(type:b'MSG', chunk_type:b'F', body_size:60, channel:45)
2026-09-13 00:13:01,399 read
2026-09-13 00:13:01,403 received header: Header(type:b'MSG', chunk_type:b'F', body_size:60, channel:45)
2026-09-13 00:13:01,896 read
2026-09-13 00:13:01,900 received header: Header(type:b'MSG', chunk_type:b'F', body_size:52, channel:45)
2026-09-13 00:13:03,532 read
2026-09-13 00:13:03,535 received header: Header(type:b'MSG', chunk_type:b'F', body_size:60, channel:45)
2026-09-13 00:13:04,900 read
2026-09-13 00:13:04,903 received header: Header(type:b'MSG', chunk_type:b'F', body_size:52, channel:45)
2026-09-13 00:13:05,659 read
2026-09-13 00:13:05,662 received header: Header(type:b'MSG', chunk_type:b'F', body_size:60, channel:45)
2026-09-13 00:13:07,787 read
2026-09-13 00:13:07,791 received header: Header(type:b'MSG', chunk_type:b'F', body_size:60, channel:45)
2026-09-13 00:13:07,904 read
2026-09-13 00:13:07,908 received header: Header(type:b'MSG', chunk_type:b'F', body_size:52, channel:45)
2026-09-13 00:13:09,919 read
2026-09-13 00:13:09,924 received header: Header(type:b'MSG', chunk_type:b'F', body_size:60, channel:45)
2026-09-13 00:13:10,909 read
2026-09-13 00:13:10,912 received header: Header(type:b'MSG', chunk_type:b'F', body_size:52, channel:45)
2026-09-13 00:13:12,047 read
2026-09-13 00:13:12,051 received header: Header(type:b'MSG', chunk_type:b'F', body_size:60, channel:45)
2026-09-13 00:13:13,913 read
2026-09-13 00:13:13,917 received header: Header(type:b'MSG', chunk_type:b'F', body_size:52, channel:45)
2026-09-13 00:13:14,177 read
2026-09-13 00:13:14,180 received header: Header(type:b'MSG', chunk_type:b'F', body_size:60, channel:45)
2026-09-13 00:13:16,307 read
2026-09-13 00:13:16,310 received header: Header(type:b'MSG', chunk_type:b'F', body_size:60, channel:45)
2026-09-13 00:13:16,917 read
2026-09-13 00:13:16,921 received header: Header(type:b'MSG', chunk_type:b'F', body_size:52, channel:45)
2026-09-13 00:13:18,433 read
2026-09-13 00:13:18,440 received header: Header(type:b'MSG', chunk_type:b'F', body_size:60, channel:45)
2026-09-13 00:13:19,921 read
2026-09-13 00:13:19,925 received header: Header(type:b'MSG', chunk_type:b'F', body_size:52, channel:45)
2026-09-13 00:13:20,564 read
2026-09-13 00:13:20,568 received header: Header(type:b'MSG', chunk_type:b'F', body_size:60, channel:45)
2026-09-13 00:13:22,692 read
2026-09-13 00:13:22,697 received header: Header(type:b'MSG', chunk_type:b'F', body_size:60, channel:45)
2026-09-13 00:13:22,925 read
2026-09-13 00:13:22,929 received header: Header(type:b'MSG', chunk_type:b'F', body_size:52, channel:45)
2026-09-13 00:13:24,822 read
2026-09-13 00:13:24,826 received header: Header(type:b'MSG', chunk_type:b'F', body_size:60, channel:45)
2026-09-13 00:13:25,736 open_secure_channel
2026-09-13 00:13:25,738 received header: Header(type:b'OPN', chunk_type:b'F', body_size:123, channel:45)
2026-09-13 00:13:25,738 read
2026-09-13 00:13:25,741 received header: Header(type:b'MSG', chunk_type:b'F', body_size:62, channel:45)
2026-09-13 00:13:25,929 read
2026-09-13 00:13:25,933 received header: Header(type:b'MSG', chunk_type:b'F', body_size:52, channel:45)
2026-09-13 00:13:26,950 read
2026-09-13 00:13:26,954 received header: Header(type:b'MSG', chunk_type:b'F', body_size:60, channel:45)
2026-09-13 00:13:28,934 read
2026-09-13 00:13:28,938 received header: Header(type:b'MSG', chunk_type:b'F', body_size:52, channel:45)
2026-09-13 00:13:29,085 read
2026-09-13 00:13:29,088 received header: Header(type:b'MSG', chunk_type:b'F', body_size:60, channel:45)
2026-09-13 00:13:31,212 read
2026-09-13 00:13:31,216 received header: Header(type:b'MSG', chunk_type:b'F', body_size:60, channel:45)
2026-09-13 00:13:31,938 read
2026-09-13 00:13:31,942 received header: Header(type:b'MSG', chunk_type:b'F', body_size:52, channel:45)
2026-09-13 00:13:33,340 read
2026-09-13 00:13:33,344 received header: Header(type:b'MSG', chunk_type:b'F', body_size:60, channel:45)
2026-09-13 00:13:34,942 read
2026-09-13 00:13:34,946 received header: Header(type:b'MSG', chunk_type:b'F', body_size:52, channel:45)
2026-09-13 00:13:35,467 read
2026-09-13 00:13:35,470 received header: Header(type:b'MSG', chunk_type:b'F', body_size:60, channel:45)
2026-09-13 00:13:37,596 read
2026-09-13 00:13:37,600 received header: Header(type:b'MSG', chunk_type:b'F', body_size:60, channel:45)
2026-09-13 00:13:37,946 read
2026-09-13 00:13:37,950 received header: Header(type:b'MSG', chunk_type:b'F', body_size:52, channel:45)
2026-09-13 00:13:39,723 read
2026-09-13 00:13:39,726 received header: Header(type:b'MSG', chunk_type:b'F', body_size:60, channel:45)
2026-09-13 00:13:40,950 read
2026-09-13 00:13:40,954 received header: Header(type:b'MSG', chunk_type:b'F', body_size:52, channel:45)
2026-09-13 00:13:41,851 read
2026-09-13 00:13:41,854 received header: Header(type:b'MSG', chunk_type:b'F', body_size:60, channel:45)
2026-09-13 00:13:43,954 read
2026-09-13 00:13:43,958 received header: Header(type:b'MSG', chunk_type:b'F', body_size:52, channel:45)
