2026-09-14 18:29:11,928 - INFO - opcua.client.ua_client.Socket - opening connection
2026-09-14 18:29:12,036 - INFO - opcua.client.ua_client.Socket - Thread started
2026-09-14 18:29:12,037 - INFO - opcua.uaprotocol - received header: Header(type:b'ACK', chunk_type:b'F', body_size:20, channel:0)
2026-09-14 18:29:12,037 - INFO - opcua.client.ua_client.Socket - open_secure_channel
2026-09-14 18:29:12,039 - INFO - opcua.uaprotocol - received header: Header(type:b'OPN', chunk_type:b'F', body_size:123, channel:69)
2026-09-14 18:29:12,039 - INFO - opcua.client.ua_client - create_session
2026-09-14 18:29:12,242 - INFO - opcua.uaprotocol - received header: Header(type:b'MSG', chunk_type:b'F', body_size:2464, channel:69)
2026-09-14 18:29:12,242 - INFO - opcua.client.ua_client - activate_session
2026-09-14 18:29:12,247 - INFO - opcua.uaprotocol - received header: Header(type:b'MSG', chunk_type:b'F', body_size:52, channel:69)
2026-09-14 18:29:12,248 - INFO - opcua.client.ua_client - read
2026-09-14 18:29:12,264 - INFO - opcua.uaprotocol - received header: Header(type:b'MSG', chunk_type:b'F', body_size:52, channel:69)
2026-09-14 18:29:12,464 - INFO - opcua.client.ua_client - read
2026-09-14 18:29:12,468 - INFO - opcua.uaprotocol - received header: Header(type:b'MSG', chunk_type:b'F', body_size:52, channel:69)
2026-09-14 18:29:15,465 - INFO - opcua.client.ua_client - read
2026-09-14 18:29:15,469 - INFO - opcua.uaprotocol - received header: Header(type:b'MSG', chunk_type:b'F', body_size:52, channel:69)
2026-09-14 18:29:15,894 - INFO - opcua.client.ua_client - close_session
2026-09-14 18:29:16,014 - INFO - opcua.uaprotocol - received header: Header(type:b'MSG', chunk_type:b'F', body_size:40, channel:69)
2026-09-14 18:29:16,014 - INFO - opcua.client.ua_client.Socket - close_secure_channel
2026-09-14 18:29:16,014 - INFO - opcua.client.ua_client.Socket - Request to close socket received
2026-09-14 18:29:16,014 - INFO - opcua.client.ua_client.Socket - Socket closed, waiting for receiver thread to terminate...
2026-09-14 18:29:16,014 - INFO - opcua.client.ua_client.Socket - Socket has closed connection
2026-09-14 18:29:16,014 - INFO - opcua.client.ua_client.Socket - Cancelling request 8
2026-09-14 18:29:16,015 - INFO - opcua.client.ua_client.Socket - Thread ended
2026-09-14 18:29:16,015 - INFO - opcua.client.ua_client.Socket - Done closing socket: Receiving thread terminated, socket disconnected
2026-09-14 18:29:24,236 - INFO - opcua.client.ua_client.Socket - opening connection
2026-09-14 18:29:24,252 - INFO - opcua.client.ua_client.Socket - Thread started
2026-09-14 18:29:24,253 - INFO - opcua.uaprotocol - received header: Header(type:b'ACK', chunk_type:b'F', body_size:20, channel:0)
2026-09-14 18:29:24,253 - INFO - opcua.client.ua_client.Socket - open_secure_channel
2026-09-14 18:29:24,257 - INFO - opcua.uaprotocol - received header: Header(type:b'OPN', chunk_type:b'F', body_size:123, channel:70)
2026-09-14 18:29:24,257 - INFO - opcua.client.ua_client - create_session
2026-09-14 18:29:24,428 - INFO - opcua.uaprotocol - received header: Header(type:b'MSG', chunk_type:b'F', body_size:2464, channel:70)
2026-09-14 18:29:24,429 - INFO - opcua.client.ua_client - activate_session
2026-09-14 18:29:24,432 - INFO - opcua.uaprotocol - received header: Header(type:b'MSG', chunk_type:b'F', body_size:52, channel:70)
2026-09-14 18:29:24,433 - INFO - opcua.client.ua_client - read
2026-09-14 18:29:24,440 - INFO - opcua.uaprotocol - received header: Header(type:b'MSG', chunk_type:b'F', body_size:52, channel:70)
2026-09-14 18:29:24,640 - INFO - opcua.client.ua_client - read
2026-09-14 18:29:24,646 - INFO - opcua.uaprotocol - received header: Header(type:b'MSG', chunk_type:b'F', body_size:52, channel:70)
2026-09-14 18:29:26,833 - INFO - opcua.client.ua_client - read
2026-09-14 18:29:26,839 - INFO - opcua.uaprotocol - received header: Header(type:b'MSG', chunk_type:b'F', body_size:52, channel:70)
2026-09-14 18:29:29,040 - INFO - opcua.client.ua_client - read
2026-09-14 18:29:29,057 - INFO - opcua.uaprotocol - received header: Header(type:b'MSG', chunk_type:b'F', body_size:62, channel:70)
2026-09-14 18:29:30,040 - INFO - opcua.client.ua_client - read
2026-09-14 18:29:30,045 - INFO - opcua.uaprotocol - received header: Header(type:b'MSG', chunk_type:b'F', body_size:52, channel:70)
2026-09-14 18:29:31,705 - INFO - opcua.client.ua_client - close_session
2026-09-14 18:29:31,745 - INFO - opcua.uaprotocol - received header: Header(type:b'MSG', chunk_type:b'F', body_size:40, channel:70)
2026-09-14 18:29:31,745 - INFO - opcua.client.ua_client.Socket - close_secure_channel
2026-09-14 18:29:31,745 - INFO - opcua.client.ua_client.Socket - Request to close socket received
2026-09-14 18:29:31,745 - INFO - opcua.client.ua_client.Socket - Socket closed, waiting for receiver thread to terminate...
2026-09-14 18:29:31,745 - INFO - opcua.client.ua_client.Socket - Socket has closed connection
2026-09-14 18:29:31,746 - INFO - opcua.client.ua_client.Socket - Cancelling request 10
2026-09-14 18:29:31,746 - INFO - opcua.client.ua_client.Socket - Thread ended
2026-09-14 18:29:31,746 - INFO - opcua.client.ua_client.Socket - Done closing socket: Receiving thread terminated, socket disconnected
2026-09-14 18:35:03,292 - INFO - opcua.client.ua_client.Socket - opening connection
2026-09-14 18:35:03,533 - INFO - opcua.client.ua_client.Socket - Thread started
2026-09-14 18:35:03,534 - INFO - opcua.uaprotocol - received header: Header(type:b'ACK', chunk_type:b'F', body_size:20, channel:0)
2026-09-14 18:35:03,534 - INFO - opcua.client.ua_client.Socket - open_secure_channel
2026-09-14 18:35:03,536 - INFO - opcua.uaprotocol - received header: Header(type:b'OPN', chunk_type:b'F', body_size:123, channel:71)
2026-09-14 18:35:03,536 - INFO - opcua.client.ua_client - create_session
2026-09-14 18:35:03,812 - INFO - opcua.uaprotocol - received header: Header(type:b'MSG', chunk_type:b'F', body_size:2464, channel:71)
2026-09-14 18:35:03,812 - INFO - opcua.client.ua_client - activate_session
2026-09-14 18:35:03,820 - INFO - opcua.uaprotocol - received header: Header(type:b'MSG', chunk_type:b'F', body_size:52, channel:71)
2026-09-14 18:35:03,820 - INFO - opcua.client.ua_client - read
2026-09-14 18:35:03,829 - INFO - opcua.uaprotocol - received header: Header(type:b'MSG', chunk_type:b'F', body_size:52, channel:71)
2026-09-14 18:35:04,029 - INFO - opcua.client.ua_client - read
2026-09-14 18:35:04,033 - INFO - opcua.uaprotocol - received header: Header(type:b'MSG', chunk_type:b'F', body_size:52, channel:71)
2026-09-14 18:35:06,596 - INFO - opcua.client.ua_client - read
2026-09-14 18:35:06,600 - INFO - opcua.uaprotocol - received header: Header(type:b'MSG', chunk_type:b'F', body_size:52, channel:71)
2026-09-14 18:35:06,801 - INFO - opcua.client.ua_client - read
2026-09-14 18:35:06,806 - INFO - opcua.uaprotocol - received header: Header(type:b'MSG', chunk_type:b'F', body_size:52, channel:71)
2026-09-14 18:35:07,029 - INFO - opcua.client.ua_client - read
2026-09-14 18:35:07,034 - INFO - opcua.uaprotocol - received header: Header(type:b'MSG', chunk_type:b'F', body_size:52, channel:71)
2026-09-14 18:35:09,233 - INFO - opcua.client.ua_client - read
2026-09-14 18:35:09,241 - INFO - opcua.uaprotocol - received header: Header(type:b'MSG', chunk_type:b'F', body_size:62, channel:71)
2026-09-14 18:35:10,027 - INFO - opcua.client.ua_client - close_session
2026-09-14 18:35:10,153 - INFO - opcua.uaprotocol - received header: Header(type:b'MSG', chunk_type:b'F', body_size:40, channel:71)
2026-09-14 18:35:10,154 - INFO - opcua.client.ua_client.Socket - close_secure_channel
2026-09-14 18:35:10,154 - INFO - opcua.client.ua_client.Socket - Request to close socket received
2026-09-14 18:35:10,154 - INFO - opcua.client.ua_client.Socket - Socket closed, waiting for receiver thread to terminate...
2026-09-14 18:35:10,154 - INFO - opcua.client.ua_client.Socket - Socket has closed connection
2026-09-14 18:35:10,154 - INFO - opcua.client.ua_client.Socket - Cancelling request 11
2026-09-14 18:35:10,154 - INFO - opcua.client.ua_client.Socket - Thread ended
2026-09-14 18:35:10,154 - INFO - opcua.client.ua_client.Socket - Done closing socket: Receiving thread terminated, socket disconnected
2026-09-14 18:41:14,005 - INFO - opcua.client.ua_client.Socket - opening connection
2026-09-14 18:41:14,164 - INFO - opcua.client.ua_client.Socket - Thread started
2026-09-14 18:41:14,166 - INFO - opcua.uaprotocol - received header: Header(type:b'ACK', chunk_type:b'F', body_size:20, channel:0)
2026-09-14 18:41:14,166 - INFO - opcua.client.ua_client.Socket - open_secure_channel
2026-09-14 18:41:14,168 - INFO - opcua.uaprotocol - received header: Header(type:b'OPN', chunk_type:b'F', body_size:123, channel:72)
2026-09-14 18:41:14,168 - INFO - opcua.client.ua_client - create_session
2026-09-14 18:41:14,475 - INFO - opcua.uaprotocol - received header: Header(type:b'MSG', chunk_type:b'F', body_size:2464, channel:72)
2026-09-14 18:41:14,475 - INFO - opcua.client.ua_client - activate_session
2026-09-14 18:41:14,488 - INFO - opcua.uaprotocol - received header: Header(type:b'MSG', chunk_type:b'F', body_size:52, channel:72)
2026-09-14 18:41:14,489 - INFO - opcua.client.ua_client - read
2026-09-14 18:41:14,498 - INFO - opcua.uaprotocol - received header: Header(type:b'MSG', chunk_type:b'F', body_size:52, channel:72)
2026-09-14 18:41:14,699 - INFO - opcua.client.ua_client - read
2026-09-14 18:41:14,703 - INFO - opcua.uaprotocol - received header: Header(type:b'MSG', chunk_type:b'F', body_size:52, channel:72)
2026-09-14 18:41:17,699 - INFO - opcua.client.ua_client - read
2026-09-14 18:41:17,703 - INFO - opcua.uaprotocol - received header: Header(type:b'MSG', chunk_type:b'F', body_size:52, channel:72)
2026-09-14 18:41:19,904 - INFO - opcua.client.ua_client - read
2026-09-14 18:41:19,909 - INFO - opcua.uaprotocol - received header: Header(type:b'MSG', chunk_type:b'F', body_size:62, channel:72)
2026-09-14 18:41:20,905 - INFO - opcua.client.ua_client - read
2026-09-14 18:41:20,910 - INFO - opcua.uaprotocol - received header: Header(type:b'MSG', chunk_type:b'F', body_size:52, channel:72)
2026-09-14 18:41:24,111 - INFO - opcua.client.ua_client - read
2026-09-14 18:41:24,115 - INFO - opcua.uaprotocol - received header: Header(type:b'MSG', chunk_type:b'F', body_size:52, channel:72)
2026-09-14 18:41:24,551 - INFO - opcua.client.ua_client - read
2026-09-14 18:41:24,568 - INFO - opcua.uaprotocol - received header: Header(type:b'MSG', chunk_type:b'F', body_size:52, channel:72)
2026-09-14 18:41:24,768 - INFO - opcua.client.ua_client - read
2026-09-14 18:41:24,772 - INFO - opcua.uaprotocol - received header: Header(type:b'MSG', chunk_type:b'F', body_size:52, channel:72)
2026-09-14 18:41:24,974 - INFO - opcua.client.ua_client - read
2026-09-14 18:41:24,978 - INFO - opcua.uaprotocol - received header: Header(type:b'MSG', chunk_type:b'F', body_size:62, channel:72)
2026-09-14 18:41:27,318 - INFO - opcua.client.ua_client - read
2026-09-14 18:41:27,322 - INFO - opcua.uaprotocol - received header: Header(type:b'MSG', chunk_type:b'F', body_size:52, channel:72)
2026-09-14 18:41:29,183 - INFO - opcua.client.ua_client - read
2026-09-14 18:41:29,187 - INFO - opcua.uaprotocol - received header: Header(type:b'MSG', chunk_type:b'F', body_size:62, channel:72)
2026-09-14 18:41:29,732 - INFO - opcua.client.ua_client - read
2026-09-14 18:41:29,736 - INFO - opcua.uaprotocol - received header: Header(type:b'MSG', chunk_type:b'F', body_size:52, channel:72)
2026-09-14 18:41:32,936 - INFO - opcua.client.ua_client - read
2026-09-14 18:41:32,942 - INFO - opcua.uaprotocol - received header: Header(type:b'MSG', chunk_type:b'F', body_size:52, channel:72)
2026-09-14 18:41:34,183 - INFO - opcua.client.ua_client - read
2026-09-14 18:41:34,188 - INFO - opcua.uaprotocol - received header: Header(type:b'MSG', chunk_type:b'F', body_size:62, channel:72)
2026-09-14 18:41:35,477 - INFO - opcua.client.ua_client.Socket - open_secure_channel
2026-09-14 18:41:35,479 - INFO - opcua.uaprotocol - received header: Header(type:b'OPN', chunk_type:b'F', body_size:123, channel:72)
2026-09-14 18:41:35,480 - INFO - opcua.client.ua_client - read
2026-09-14 18:41:35,483 - INFO - opcua.uaprotocol - received header: Header(type:b'MSG', chunk_type:b'F', body_size:62, channel:72)
2026-09-14 18:41:36,144 - INFO - opcua.client.ua_client - read
2026-09-14 18:41:36,149 - INFO - opcua.uaprotocol - received header: Header(type:b'MSG', chunk_type:b'F', body_size:52, channel:72)
2026-09-14 18:41:39,183 - INFO - opcua.client.ua_client - read
2026-09-14 18:41:39,187 - INFO - opcua.uaprotocol - received header: Header(type:b'MSG', chunk_type:b'F', body_size:62, channel:72)
2026-09-14 18:41:39,350 - INFO - opcua.client.ua_client - read
2026-09-14 18:41:39,355 - INFO - opcua.uaprotocol - received header: Header(type:b'MSG', chunk_type:b'F', body_size:52, channel:72)
2026-09-14 18:41:42,565 - INFO - opcua.client.ua_client - read
2026-09-14 18:41:42,569 - INFO - opcua.uaprotocol - received header: Header(type:b'MSG', chunk_type:b'F', body_size:52, channel:72)
2026-09-14 18:41:44,183 - INFO - opcua.client.ua_client - read
2026-09-14 18:41:44,186 - INFO - opcua.uaprotocol - received header: Header(type:b'MSG', chunk_type:b'F', body_size:62, channel:72)
2026-09-14 18:41:45,771 - INFO - opcua.client.ua_client - read
2026-09-14 18:41:45,776 - INFO - opcua.uaprotocol - received header: Header(type:b'MSG', chunk_type:b'F', body_size:52, channel:72)
2026-09-14 18:41:48,977 - INFO - opcua.client.ua_client - read
2026-09-14 18:41:48,982 - INFO - opcua.uaprotocol - received header: Header(type:b'MSG', chunk_type:b'F', body_size:52, channel:72)
2026-09-14 18:41:49,183 - INFO - opcua.client.ua_client - read
2026-09-14 18:41:49,187 - INFO - opcua.uaprotocol - received header: Header(type:b'MSG', chunk_type:b'F', body_size:62, channel:72)
2026-09-14 18:41:52,184 - INFO - opcua.client.ua_client - read
2026-09-14 18:41:52,190 - INFO - opcua.uaprotocol - received header: Header(type:b'MSG', chunk_type:b'F', body_size:52, channel:72)
2026-09-14 18:41:54,183 - INFO - opcua.client.ua_client - read
2026-09-14 18:41:54,186 - INFO - opcua.uaprotocol - received header: Header(type:b'MSG', chunk_type:b'F', body_size:62, channel:72)
2026-09-14 18:41:55,394 - INFO - opcua.client.ua_client - read
2026-09-14 18:41:55,398 - INFO - opcua.uaprotocol - received header: Header(type:b'MSG', chunk_type:b'F', body_size:52, channel:72)
2026-09-14 18:41:56,493 - INFO - opcua.client.ua_client.Socket - open_secure_channel
2026-09-14 18:41:56,494 - INFO - opcua.uaprotocol - received header: Header(type:b'OPN', chunk_type:b'F', body_size:123, channel:72)
2026-09-14 18:41:56,495 - INFO - opcua.client.ua_client - read
2026-09-14 18:41:56,498 - INFO - opcua.uaprotocol - received header: Header(type:b'MSG', chunk_type:b'F', body_size:62, channel:72)
2026-09-14 18:41:58,605 - INFO - opcua.client.ua_client - read
2026-09-14 18:41:58,609 - INFO - opcua.uaprotocol - received header: Header(type:b'MSG', chunk_type:b'F', body_size:52, channel:72)
2026-09-14 18:41:58,362 - INFO - opcua.client.ua_client - read
2026-09-14 18:41:58,365 - INFO - opcua.uaprotocol - received header: Header(type:b'MSG', chunk_type:b'F', body_size:62, channel:72)
2026-09-14 18:42:00,989 - INFO - opcua.client.ua_client - read
2026-09-14 18:42:00,994 - INFO - opcua.uaprotocol - received header: Header(type:b'MSG', chunk_type:b'F', body_size:52, channel:72)
2026-09-14 18:42:03,362 - INFO - opcua.client.ua_client - read
2026-09-14 18:42:03,365 - INFO - opcua.uaprotocol - received header: Header(type:b'MSG', chunk_type:b'F', body_size:62, channel:72)
2026-09-14 18:42:04,195 - INFO - opcua.client.ua_client - read
2026-09-14 18:42:04,199 - INFO - opcua.uaprotocol - received header: Header(type:b'MSG', chunk_type:b'F', body_size:52, channel:72)
2026-09-14 18:42:07,409 - INFO - opcua.client.ua_client - read
2026-09-14 18:42:07,413 - INFO - opcua.uaprotocol - received header: Header(type:b'MSG', chunk_type:b'F', body_size:52, channel:72)
2026-09-14 18:42:08,362 - INFO - opcua.client.ua_client - read
2026-09-14 18:42:08,365 - INFO - opcua.uaprotocol - received header: Header(type:b'MSG', chunk_type:b'F', body_size:62, channel:72)
2026-09-14 18:42:10,614 - INFO - opcua.client.ua_client - read
2026-09-14 18:42:10,618 - INFO - opcua.uaprotocol - received header: Header(type:b'MSG', chunk_type:b'F', body_size:52, channel:72)
2026-09-14 18:42:13,362 - INFO - opcua.client.ua_client - read
2026-09-14 18:42:13,366 - INFO - opcua.uaprotocol - received header: Header(type:b'MSG', chunk_type:b'F', body_size:62, channel:72)
2026-09-14 18:42:13,819 - INFO - opcua.client.ua_client - read
2026-09-14 18:42:13,824 - INFO - opcua.uaprotocol - received header: Header(type:b'MSG', chunk_type:b'F', body_size:52, channel:72)
2026-09-14 18:42:17,026 - INFO - opcua.client.ua_client - read
2026-09-14 18:42:17,031 - INFO - opcua.uaprotocol - received header: Header(type:b'MSG', chunk_type:b'F', body_size:52, channel:72)
2026-09-14 18:42:17,500 - INFO - opcua.client.ua_client.Socket - open_secure_channel
2026-09-14 18:42:17,502 - INFO - opcua.uaprotocol - received header: Header(type:b'OPN', chunk_type:b'F', body_size:123, channel:72)
2026-09-14 18:42:17,505 - INFO - opcua.client.ua_client - read
2026-09-14 18:42:17,508 - INFO - opcua.uaprotocol - received header: Header(type:b'MSG', chunk_type:b'F', body_size:62, channel:72)
2026-09-14 18:42:18,362 - INFO - opcua.client.ua_client - read
2026-09-14 18:42:18,367 - INFO - opcua.uaprotocol - received header: Header(type:b'MSG', chunk_type:b'F', body_size:62, channel:72)
2026-09-14 18:42:19,062 - INFO - opcua.client.ua_client - close_session
2026-09-14 18:42:19,099 - INFO - opcua.uaprotocol - received header: Header(type:b'MSG', chunk_type:b'F', body_size:40, channel:72)
2026-09-14 18:42:19,099 - INFO - opcua.client.ua_client.Socket - close_secure_channel
2026-09-14 18:42:19,099 - INFO - opcua.client.ua_client.Socket - Request to close socket received
2026-09-14 18:42:19,100 - INFO - opcua.client.ua_client.Socket - Socket closed, waiting for receiver thread to terminate...
2026-09-14 18:42:19,100 - INFO - opcua.client.ua_client.Socket - Socket has closed connection
2026-09-14 18:42:19,100 - INFO - opcua.client.ua_client.Socket - Cancelling request 48
2026-09-14 18:42:19,100 - INFO - opcua.client.ua_client.Socket - Thread ended
2026-09-14 18:42:19,100 - INFO - opcua.client.ua_client.Socket - Done closing socket: Receiving thread terminated, socket disconnected
2026-09-14 18:42:22,923 - INFO - opcua.client.ua_client.Socket - opening connection
2026-09-14 18:42:23,061 - INFO - opcua.client.ua_client.Socket - Thread started
2026-09-14 18:42:23,063 - INFO - opcua.uaprotocol - received header: Header(type:b'ACK', chunk_type:b'F', body_size:20, channel:0)
2026-09-14 18:42:23,063 - INFO - opcua.client.ua_client.Socket - open_secure_channel
2026-09-14 18:42:23,064 - INFO - opcua.uaprotocol - received header: Header(type:b'OPN', chunk_type:b'F', body_size:123, channel:73)
2026-09-14 18:42:23,065 - INFO - opcua.client.ua_client - create_session
2026-09-14 18:42:23,251 - INFO - opcua.uaprotocol - received header: Header(type:b'MSG', chunk_type:b'F', body_size:2464, channel:73)
2026-09-14 18:42:23,251 - INFO - opcua.client.ua_client - activate_session
2026-09-14 18:42:23,254 - INFO - opcua.uaprotocol - received header: Header(type:b'MSG', chunk_type:b'F', body_size:52, channel:73)
2026-09-14 18:42:23,255 - INFO - opcua.client.ua_client - read
2026-09-14 18:42:23,262 - INFO - opcua.uaprotocol - received header: Header(type:b'MSG', chunk_type:b'F', body_size:52, channel:73)
2026-09-14 18:42:23,462 - INFO - opcua.client.ua_client - read
2026-09-14 18:42:23,466 - INFO - opcua.uaprotocol - received header: Header(type:b'MSG', chunk_type:b'F', body_size:52, channel:73)
2026-09-14 18:42:26,424 - INFO - opcua.client.ua_client - read
2026-09-14 18:42:26,428 - INFO - opcua.uaprotocol - received header: Header(type:b'MSG', chunk_type:b'F', body_size:52, channel:73)
2026-09-14 18:42:26,628 - INFO - opcua.client.ua_client - read
2026-09-14 18:42:26,632 - INFO - opcua.uaprotocol - received header: Header(type:b'MSG', chunk_type:b'F', body_size:52, channel:73)
2026-09-14 18:42:26,834 - INFO - opcua.client.ua_client - read
2026-09-14 18:42:26,839 - INFO - opcua.uaprotocol - received header: Header(type:b'MSG', chunk_type:b'F', body_size:52, channel:73)
2026-09-14 18:42:28,667 - INFO - opcua.client.ua_client - read
2026-09-14 18:42:28,672 - INFO - opcua.uaprotocol - received header: Header(type:b'MSG', chunk_type:b'F', body_size:62, channel:73)
2026-09-14 18:42:29,842 - INFO - opcua.client.ua_client - read
2026-09-14 18:42:29,846 - INFO - opcua.uaprotocol - received header: Header(type:b'MSG', chunk_type:b'F', body_size:52, channel:73)
2026-09-14 18:42:32,226 - INFO - opcua.client.ua_client - read
2026-09-14 18:42:32,230 - INFO - opcua.uaprotocol - received header: Header(type:b'MSG', chunk_type:b'F', body_size:52, channel:73)
2026-09-14 18:42:32,845 - INFO - opcua.client.ua_client - read
2026-09-14 18:42:32,848 - INFO - opcua.uaprotocol - received header: Header(type:b'MSG', chunk_type:b'F', body_size:62, channel:73)
2026-09-14 18:42:35,438 - INFO - opcua.client.ua_client - read
2026-09-14 18:42:35,442 - INFO - opcua.uaprotocol - received header: Header(type:b'MSG', chunk_type:b'F', body_size:52, channel:73)
2026-09-14 18:42:37,845 - INFO - opcua.client.ua_client - read
2026-09-14 18:42:37,848 - INFO - opcua.uaprotocol - received header: Header(type:b'MSG', chunk_type:b'F', body_size:62, channel:73)
2026-09-14 18:42:38,645 - INFO - opcua.client.ua_client - read
2026-09-14 18:42:38,649 - INFO - opcua.uaprotocol - received header: Header(type:b'MSG', chunk_type:b'F', body_size:52, channel:73)
2026-09-14 18:42:41,851 - INFO - opcua.client.ua_client - read
2026-09-14 18:42:41,856 - INFO - opcua.uaprotocol - received header: Header(type:b'MSG', chunk_type:b'F', body_size:52, channel:73)
2026-09-14 18:42:42,845 - INFO - opcua.client.ua_client - read
2026-09-14 18:42:42,849 - INFO - opcua.uaprotocol - received header: Header(type:b'MSG', chunk_type:b'F', body_size:62, channel:73)
2026-09-14 18:42:44,252 - INFO - opcua.client.ua_client.Socket - open_secure_channel
2026-09-14 18:42:44,255 - INFO - opcua.uaprotocol - received header: Header(type:b'OPN', chunk_type:b'F', body_size:123, channel:73)
2026-09-14 18:42:44,255 - INFO - opcua.client.ua_client - read
2026-09-14 18:42:44,259 - INFO - opcua.uaprotocol - received header: Header(type:b'MSG', chunk_type:b'F', body_size:62, channel:73)
2026-09-14 18:42:45,059 - INFO - opcua.client.ua_client - read
2026-09-14 18:42:45,063 - INFO - opcua.uaprotocol - received header: Header(type:b'MSG', chunk_type:b'F', body_size:52, channel:73)
2026-09-14 18:42:47,845 - INFO - opcua.client.ua_client - read
2026-09-14 18:42:47,848 - INFO - opcua.uaprotocol - received header: Header(type:b'MSG', chunk_type:b'F', body_size:62, channel:73)
2026-09-14 18:42:48,266 - INFO - opcua.client.ua_client - read
2026-09-14 18:42:48,273 - INFO - opcua.uaprotocol - received header: Header(type:b'MSG', chunk_type:b'F', body_size:52, channel:73)
2026-09-14 18:42:51,478 - INFO - opcua.client.ua_client - read
2026-09-14 18:42:51,482 - INFO - opcua.uaprotocol - received header: Header(type:b'MSG', chunk_type:b'F', body_size:52, channel:73)
2026-09-14 18:42:52,845 - INFO - opcua.client.ua_client - read
2026-09-14 18:42:52,848 - INFO - opcua.uaprotocol - received header: Header(type:b'MSG', chunk_type:b'F', body_size:62, channel:73)
2026-09-14 18:42:54,365 - INFO - opcua.client.ua_client - close_session
2026-09-14 18:42:54,409 - INFO - opcua.uaprotocol - received header: Header(type:b'MSG', chunk_type:b'F', body_size:40, channel:73)
2026-09-14 18:42:54,410 - INFO - opcua.client.ua_client.Socket - close_secure_channel
2026-09-14 18:42:54,410 - INFO - opcua.client.ua_client.Socket - Request to close socket received
2026-09-14 18:42:54,410 - INFO - opcua.client.ua_client.Socket - Socket closed, waiting for receiver thread to terminate...
2026-09-14 18:42:54,410 - INFO - opcua.client.ua_client.Socket - Socket has closed connection
2026-09-14 18:42:54,410 - INFO - opcua.client.ua_client.Socket - Cancelling request 26
2026-09-14 18:42:54,410 - INFO - opcua.client.ua_client.Socket - Thread ended
2026-09-14 18:42:54,410 - INFO - opcua.client.ua_client.Socket - Done closing socket: Receiving thread terminated, socket disconnected
2026-09-14 18:52:26,723 - INFO - opcua.client.ua_client.Socket - opening connection
2026-09-14 18:52:26,886 - INFO - opcua.client.ua_client.Socket - Thread started
2026-09-14 18:52:26,887 - INFO - opcua.uaprotocol - received header: Header(type:b'ACK', chunk_type:b'F', body_size:20, channel:0)
2026-09-14 18:52:26,888 - INFO - opcua.client.ua_client.Socket - open_secure_channel
2026-09-14 18:52:26,889 - INFO - opcua.uaprotocol - received header: Header(type:b'OPN', chunk_type:b'F', body_size:123, channel:74)
2026-09-14 18:52:26,889 - INFO - opcua.client.ua_client - create_session
2026-09-14 18:52:27,068 - INFO - opcua.uaprotocol - received header: Header(type:b'MSG', chunk_type:b'F', body_size:2464, channel:74)
2026-09-14 18:52:27,069 - INFO - opcua.client.ua_client - activate_session
2026-09-14 18:52:27,074 - INFO - opcua.uaprotocol - received header: Header(type:b'MSG', chunk_type:b'F', body_size:52, channel:74)
2026-09-14 18:52:27,075 - INFO - opcua.client.ua_client - read
2026-09-14 18:52:27,079 - INFO - opcua.uaprotocol - received header: Header(type:b'MSG', chunk_type:b'F', body_size:52, channel:74)
2026-09-14 18:52:27,281 - INFO - opcua.client.ua_client - read
2026-09-14 18:52:27,285 - INFO - opcua.uaprotocol - received header: Header(type:b'MSG', chunk_type:b'F', body_size:52, channel:74)
2026-09-14 18:52:29,466 - INFO - opcua.client.ua_client - close_session
2026-09-14 18:52:29,506 - INFO - opcua.uaprotocol - received header: Header(type:b'MSG', chunk_type:b'F', body_size:40, channel:74)
2026-09-14 18:52:29,506 - INFO - opcua.client.ua_client.Socket - close_secure_channel
2026-09-14 18:52:29,507 - INFO - opcua.client.ua_client.Socket - Request to close socket received
2026-09-14 18:52:29,507 - INFO - opcua.client.ua_client.Socket - Socket closed, waiting for receiver thread to terminate...
2026-09-14 18:52:29,507 - INFO - opcua.client.ua_client.Socket - Socket has closed connection
2026-09-14 18:52:29,507 - INFO - opcua.client.ua_client.Socket - Cancelling request 7
2026-09-14 18:52:29,507 - INFO - opcua.client.ua_client.Socket - Thread ended
2026-09-14 18:52:29,507 - INFO - opcua.client.ua_client.Socket - Done closing socket: Receiving thread terminated, socket disconnected
2026-09-14 19:00:38,413 - INFO - opcua.client.ua_client.Socket - opening connection
2026-09-14 19:00:38,519 - INFO - opcua.client.ua_client.Socket - Thread started
2026-09-14 19:00:38,521 - INFO - opcua.uaprotocol - received header: Header(type:b'ACK', chunk_type:b'F', body_size:20, channel:0)
2026-09-14 19:00:38,521 - INFO - opcua.client.ua_client.Socket - open_secure_channel
2026-09-14 19:00:38,522 - INFO - opcua.uaprotocol - received header: Header(type:b'OPN', chunk_type:b'F', body_size:123, channel:75)
2026-09-14 19:00:38,522 - INFO - opcua.client.ua_client - create_session
2026-09-14 19:00:38,690 - INFO - opcua.uaprotocol - received header: Header(type:b'MSG', chunk_type:b'F', body_size:2464, channel:75)
2026-09-14 19:00:38,690 - INFO - opcua.client.ua_client - activate_session
2026-09-14 19:00:38,696 - INFO - opcua.uaprotocol - received header: Header(type:b'MSG', chunk_type:b'F', body_size:52, channel:75)
2026-09-14 19:00:38,696 - INFO - opcua.client.ua_client - read
2026-09-14 19:00:38,702 - INFO - opcua.uaprotocol - received header: Header(type:b'MSG', chunk_type:b'F', body_size:52, channel:75)
2026-09-14 19:00:38,903 - INFO - opcua.client.ua_client - read
2026-09-14 19:00:38,907 - INFO - opcua.uaprotocol - received header: Header(type:b'MSG', chunk_type:b'F', body_size:52, channel:75)
2026-09-14 19:00:41,791 - INFO - opcua.client.ua_client - read
2026-09-14 19:00:41,795 - INFO - opcua.uaprotocol - received header: Header(type:b'MSG', chunk_type:b'F', body_size:52, channel:75)
2026-09-14 19:00:41,996 - INFO - opcua.client.ua_client - read
2026-09-14 19:00:42,001 - INFO - opcua.uaprotocol - received header: Header(type:b'MSG', chunk_type:b'F', body_size:52, channel:75)
2026-09-14 19:00:42,203 - INFO - opcua.client.ua_client - read
2026-09-14 19:00:42,208 - INFO - opcua.uaprotocol - received header: Header(type:b'MSG', chunk_type:b'F', body_size:52, channel:75)
2026-09-14 19:00:44,107 - INFO - opcua.client.ua_client - read
2026-09-14 19:00:44,114 - INFO - opcua.uaprotocol - received header: Header(type:b'MSG', chunk_type:b'F', body_size:62, channel:75)
2026-09-14 19:00:44,827 - INFO - opcua.client.ua_client - close_session
2026-09-14 19:00:44,866 - INFO - opcua.uaprotocol - received header: Header(type:b'MSG', chunk_type:b'F', body_size:40, channel:75)
2026-09-14 19:00:44,866 - INFO - opcua.client.ua_client.Socket - close_secure_channel
2026-09-14 19:00:44,866 - INFO - opcua.client.ua_client.Socket - Request to close socket received
2026-09-14 19:00:44,866 - INFO - opcua.client.ua_client.Socket - Socket closed, waiting for receiver thread to terminate...
2026-09-14 19:00:44,866 - INFO - opcua.client.ua_client.Socket - Socket has closed connection
2026-09-14 19:00:44,867 - INFO - opcua.client.ua_client.Socket - Cancelling request 11
2026-09-14 19:00:44,867 - INFO - opcua.client.ua_client.Socket - Thread ended
2026-09-14 19:00:44,867 - INFO - opcua.client.ua_client.Socket - Done closing socket: Receiving thread terminated, socket disconnected
2026-09-14 20:43:51,625 - INFO - opcua.client.ua_client.Socket - opening connection
2026-09-14 20:43:51,625 - INFO - opcua.client.ua_client.Socket - opening connection
2026-09-14 20:43:51,844 - INFO - opcua.client.ua_client.Socket - Thread started
2026-09-14 20:43:51,844 - INFO - opcua.client.ua_client.Socket - Thread started
2026-09-14 20:43:51,845 - INFO - opcua.uaprotocol - received header: Header(type:b'ACK', chunk_type:b'F', body_size:20, channel:0)
2026-09-14 20:43:51,845 - INFO - opcua.uaprotocol - received header: Header(type:b'ACK', chunk_type:b'F', body_size:20, channel:0)
2026-09-14 20:43:51,846 - INFO - opcua.client.ua_client.Socket - open_secure_channel
2026-09-14 20:43:51,846 - INFO - opcua.client.ua_client.Socket - open_secure_channel
2026-09-14 20:43:51,847 - INFO - opcua.uaprotocol - received header: Header(type:b'OPN', chunk_type:b'F', body_size:123, channel:76)
2026-09-14 20:43:51,847 - INFO - opcua.uaprotocol - received header: Header(type:b'OPN', chunk_type:b'F', body_size:123, channel:76)
2026-09-14 20:43:51,847 - INFO - opcua.client.ua_client - create_session
2026-09-14 20:43:51,847 - INFO - opcua.client.ua_client - create_session
2026-09-14 20:43:52,284 - INFO - opcua.uaprotocol - received header: Header(type:b'MSG', chunk_type:b'F', body_size:2464, channel:76)
2026-09-14 20:43:52,284 - INFO - opcua.uaprotocol - received header: Header(type:b'MSG', chunk_type:b'F', body_size:2464, channel:76)
2026-09-14 20:43:52,285 - INFO - opcua.client.ua_client - activate_session
2026-09-14 20:43:52,285 - INFO - opcua.client.ua_client - activate_session
2026-09-14 20:43:52,288 - INFO - opcua.uaprotocol - received header: Header(type:b'MSG', chunk_type:b'F', body_size:52, channel:76)
2026-09-14 20:43:52,288 - INFO - opcua.uaprotocol - received header: Header(type:b'MSG', chunk_type:b'F', body_size:52, channel:76)
2026-09-14 20:43:52,289 - INFO - opcua.client.ua_client - read
2026-09-14 20:43:52,289 - INFO - opcua.client.ua_client - read
2026-09-14 20:43:52,293 - INFO - opcua.uaprotocol - received header: Header(type:b'MSG', chunk_type:b'F', body_size:52, channel:76)
2026-09-14 20:43:52,293 - INFO - opcua.uaprotocol - received header: Header(type:b'MSG', chunk_type:b'F', body_size:52, channel:76)
2026-09-14 20:43:52,494 - INFO - opcua.client.ua_client - read
2026-09-14 20:43:52,494 - INFO - opcua.client.ua_client - read
2026-09-14 20:43:52,498 - INFO - opcua.uaprotocol - received header: Header(type:b'MSG', chunk_type:b'F', body_size:52, channel:76)
2026-09-14 20:43:52,498 - INFO - opcua.uaprotocol - received header: Header(type:b'MSG', chunk_type:b'F', body_size:52, channel:76)
2026-09-14 20:43:55,501 - INFO - opcua.client.ua_client - read
2026-09-14 20:43:55,501 - INFO - opcua.client.ua_client - read
2026-09-14 20:43:55,505 - INFO - opcua.uaprotocol - received header: Header(type:b'MSG', chunk_type:b'F', body_size:52, channel:76)
2026-09-14 20:43:55,505 - INFO - opcua.uaprotocol - received header: Header(type:b'MSG', chunk_type:b'F', body_size:52, channel:76)
2026-09-14 20:43:57,698 - INFO - opcua.client.ua_client - read
2026-09-14 20:43:57,698 - INFO - opcua.client.ua_client - read
2026-09-14 20:43:57,704 - INFO - opcua.uaprotocol - received header: Header(type:b'MSG', chunk_type:b'F', body_size:62, channel:76)
2026-09-14 20:43:57,704 - INFO - opcua.uaprotocol - received header: Header(type:b'MSG', chunk_type:b'F', body_size:62, channel:76)
2026-09-14 20:43:57,864 - INFO - opcua.client.ua_client - read
2026-09-14 20:43:57,864 - INFO - opcua.client.ua_client - read
2026-09-14 20:43:57,870 - INFO - opcua.uaprotocol - received header: Header(type:b'MSG', chunk_type:b'F', body_size:52, channel:76)
2026-09-14 20:43:57,870 - INFO - opcua.uaprotocol - received header: Header(type:b'MSG', chunk_type:b'F', body_size:52, channel:76)
2026-09-14 20:44:01,071 - INFO - opcua.client.ua_client - read
2026-09-14 20:44:01,071 - INFO - opcua.client.ua_client - read
2026-09-14 20:44:01,075 - INFO - opcua.uaprotocol - received header: Header(type:b'MSG', chunk_type:b'F', body_size:52, channel:76)
2026-09-14 20:44:01,075 - INFO - opcua.uaprotocol - received header: Header(type:b'MSG', chunk_type:b'F', body_size:52, channel:76)
2026-09-14 20:44:01,854 - INFO - opcua.client.ua_client - read
2026-09-14 20:44:01,854 - INFO - opcua.client.ua_client - read
2026-09-14 20:44:01,857 - INFO - opcua.uaprotocol - received header: Header(type:b'MSG', chunk_type:b'F', body_size:62, channel:76)
2026-09-14 20:44:01,857 - INFO - opcua.uaprotocol - received header: Header(type:b'MSG', chunk_type:b'F', body_size:62, channel:76)
2026-09-14 20:44:04,277 - INFO - opcua.client.ua_client - read
2026-09-14 20:44:04,277 - INFO - opcua.client.ua_client - read
2026-09-14 20:44:04,285 - INFO - opcua.uaprotocol - received header: Header(type:b'MSG', chunk_type:b'F', body_size:52, channel:76)
2026-09-14 20:44:04,285 - INFO - opcua.uaprotocol - received header: Header(type:b'MSG', chunk_type:b'F', body_size:52, channel:76)
2026-09-14 20:44:06,854 - INFO - opcua.client.ua_client - read
2026-09-14 20:44:06,854 - INFO - opcua.client.ua_client - read
2026-09-14 20:44:06,858 - INFO - opcua.uaprotocol - received header: Header(type:b'MSG', chunk_type:b'F', body_size:62, channel:76)
2026-09-14 20:44:06,858 - INFO - opcua.uaprotocol - received header: Header(type:b'MSG', chunk_type:b'F', body_size:62, channel:76)
2026-09-14 20:44:07,486 - INFO - opcua.client.ua_client - read
2026-09-14 20:44:07,486 - INFO - opcua.client.ua_client - read
2026-09-14 20:44:07,490 - INFO - opcua.uaprotocol - received header: Header(type:b'MSG', chunk_type:b'F', body_size:52, channel:76)
2026-09-14 20:44:07,490 - INFO - opcua.uaprotocol - received header: Header(type:b'MSG', chunk_type:b'F', body_size:52, channel:76)
2026-09-14 20:44:10,690 - INFO - opcua.client.ua_client - read
2026-09-14 20:44:10,690 - INFO - opcua.client.ua_client - read
2026-09-14 20:44:10,694 - INFO - opcua.uaprotocol - received header: Header(type:b'MSG', chunk_type:b'F', body_size:52, channel:76)
2026-09-14 20:44:10,694 - INFO - opcua.uaprotocol - received header: Header(type:b'MSG', chunk_type:b'F', body_size:52, channel:76)
2026-09-14 20:44:11,854 - INFO - opcua.client.ua_client - read
2026-09-14 20:44:11,854 - INFO - opcua.client.ua_client - read
2026-09-14 20:44:11,858 - INFO - opcua.uaprotocol - received header: Header(type:b'MSG', chunk_type:b'F', body_size:62, channel:76)
2026-09-14 20:44:11,858 - INFO - opcua.uaprotocol - received header: Header(type:b'MSG', chunk_type:b'F', body_size:62, channel:76)
2026-09-14 20:44:13,289 - INFO - opcua.client.ua_client.Socket - open_secure_channel
2026-09-14 20:44:13,289 - INFO - opcua.client.ua_client.Socket - open_secure_channel
2026-09-14 20:44:13,291 - INFO - opcua.uaprotocol - received header: Header(type:b'OPN', chunk_type:b'F', body_size:123, channel:76)
2026-09-14 20:44:13,291 - INFO - opcua.uaprotocol - received header: Header(type:b'OPN', chunk_type:b'F', body_size:123, channel:76)
2026-09-14 20:44:13,294 - INFO - opcua.client.ua_client - read
2026-09-14 20:44:13,294 - INFO - opcua.client.ua_client - read
2026-09-14 20:44:13,297 - INFO - opcua.uaprotocol - received header: Header(type:b'MSG', chunk_type:b'F', body_size:62, channel:76)
2026-09-14 20:44:13,297 - INFO - opcua.uaprotocol - received header: Header(type:b'MSG', chunk_type:b'F', body_size:62, channel:76)
2026-09-14 20:44:13,896 - INFO - opcua.client.ua_client - read
2026-09-14 20:44:13,896 - INFO - opcua.client.ua_client - read
2026-09-14 20:44:13,900 - INFO - opcua.uaprotocol - received header: Header(type:b'MSG', chunk_type:b'F', body_size:52, channel:76)
2026-09-14 20:44:13,900 - INFO - opcua.uaprotocol - received header: Header(type:b'MSG', chunk_type:b'F', body_size:52, channel:76)
2026-09-14 20:44:16,854 - INFO - opcua.client.ua_client - read
2026-09-14 20:44:16,854 - INFO - opcua.client.ua_client - read
2026-09-14 20:44:16,858 - INFO - opcua.uaprotocol - received header: Header(type:b'MSG', chunk_type:b'F', body_size:62, channel:76)
2026-09-14 20:44:16,858 - INFO - opcua.uaprotocol - received header: Header(type:b'MSG', chunk_type:b'F', body_size:62, channel:76)
2026-09-14 20:44:17,105 - INFO - opcua.client.ua_client - read
2026-09-14 20:44:17,105 - INFO - opcua.client.ua_client - read
2026-09-14 20:44:17,109 - INFO - opcua.uaprotocol - received header: Header(type:b'MSG', chunk_type:b'F', body_size:52, channel:76)
2026-09-14 20:44:17,109 - INFO - opcua.uaprotocol - received header: Header(type:b'MSG', chunk_type:b'F', body_size:52, channel:76)
2026-09-14 20:44:20,310 - INFO - opcua.client.ua_client - read
2026-09-14 20:44:20,310 - INFO - opcua.client.ua_client - read
2026-09-14 20:44:20,314 - INFO - opcua.uaprotocol - received header: Header(type:b'MSG', chunk_type:b'F', body_size:52, channel:76)
2026-09-14 20:44:20,314 - INFO - opcua.uaprotocol - received header: Header(type:b'MSG', chunk_type:b'F', body_size:52, channel:76)
2026-09-14 20:44:21,854 - INFO - opcua.client.ua_client - read
2026-09-14 20:44:21,854 - INFO - opcua.client.ua_client - read
2026-09-14 20:44:21,857 - INFO - opcua.uaprotocol - received header: Header(type:b'MSG', chunk_type:b'F', body_size:62, channel:76)
2026-09-14 20:44:21,857 - INFO - opcua.uaprotocol - received header: Header(type:b'MSG', chunk_type:b'F', body_size:62, channel:76)
2026-09-14 20:44:23,536 - INFO - opcua.client.ua_client - read
2026-09-14 20:44:23,536 - INFO - opcua.client.ua_client - read
2026-09-14 20:44:23,540 - INFO - opcua.uaprotocol - received header: Header(type:b'MSG', chunk_type:b'F', body_size:52, channel:76)
2026-09-14 20:44:23,540 - INFO - opcua.uaprotocol - received header: Header(type:b'MSG', chunk_type:b'F', body_size:52, channel:76)
2026-09-14 20:44:26,742 - INFO - opcua.client.ua_client - read
2026-09-14 20:44:26,742 - INFO - opcua.client.ua_client - read
2026-09-14 20:44:26,746 - INFO - opcua.uaprotocol - received header: Header(type:b'MSG', chunk_type:b'F', body_size:52, channel:76)
2026-09-14 20:44:26,746 - INFO - opcua.uaprotocol - received header: Header(type:b'MSG', chunk_type:b'F', body_size:52, channel:76)
2026-09-14 20:44:26,949 - INFO - opcua.client.ua_client - read
2026-09-14 20:44:26,949 - INFO - opcua.client.ua_client - read
2026-09-14 20:44:26,953 - INFO - opcua.uaprotocol - received header: Header(type:b'MSG', chunk_type:b'F', body_size:62, channel:76)
2026-09-14 20:44:26,953 - INFO - opcua.uaprotocol - received header: Header(type:b'MSG', chunk_type:b'F', body_size:62, channel:76)
2026-09-14 20:44:29,095 - INFO - opcua.client.ua_client - read
2026-09-14 20:44:29,095 - INFO - opcua.client.ua_client - read
2026-09-14 20:44:29,115 - INFO - opcua.uaprotocol - received header: Header(type:b'MSG', chunk_type:b'F', body_size:52, channel:76)
2026-09-14 20:44:29,115 - INFO - opcua.uaprotocol - received header: Header(type:b'MSG', chunk_type:b'F', body_size:52, channel:76)
2026-09-14 20:44:30,999 - INFO - opcua.client.ua_client - read
2026-09-14 20:44:30,999 - INFO - opcua.client.ua_client - read
2026-09-14 20:44:31,002 - INFO - opcua.uaprotocol - received header: Header(type:b'MSG', chunk_type:b'F', body_size:62, channel:76)
2026-09-14 20:44:31,002 - INFO - opcua.uaprotocol - received header: Header(type:b'MSG', chunk_type:b'F', body_size:62, channel:76)
2026-09-14 20:44:32,323 - INFO - opcua.client.ua_client - read
2026-09-14 20:44:32,323 - INFO - opcua.client.ua_client - read
2026-09-14 20:44:32,329 - INFO - opcua.uaprotocol - received header: Header(type:b'MSG', chunk_type:b'F', body_size:52, channel:76)
2026-09-14 20:44:32,329 - INFO - opcua.uaprotocol - received header: Header(type:b'MSG', chunk_type:b'F', body_size:52, channel:76)
2026-09-14 20:44:34,300 - INFO - opcua.client.ua_client.Socket - open_secure_channel
2026-09-14 20:44:34,300 - INFO - opcua.client.ua_client.Socket - open_secure_channel
2026-09-14 20:44:34,304 - INFO - opcua.uaprotocol - received header: Header(type:b'OPN', chunk_type:b'F', body_size:123, channel:76)
2026-09-14 20:44:34,304 - INFO - opcua.uaprotocol - received header: Header(type:b'OPN', chunk_type:b'F', body_size:123, channel:76)
2026-09-14 20:44:34,307 - INFO - opcua.client.ua_client - read
2026-09-14 20:44:34,307 - INFO - opcua.client.ua_client - read
2026-09-14 20:44:34,313 - INFO - opcua.uaprotocol - received header: Header(type:b'MSG', chunk_type:b'F', body_size:62, channel:76)
2026-09-14 20:44:34,313 - INFO - opcua.uaprotocol - received header: Header(type:b'MSG', chunk_type:b'F', body_size:62, channel:76)
2026-09-14 20:44:35,538 - INFO - opcua.client.ua_client - read
2026-09-14 20:44:35,538 - INFO - opcua.client.ua_client - read
2026-09-14 20:44:35,542 - INFO - opcua.uaprotocol - received header: Header(type:b'MSG', chunk_type:b'F', body_size:52, channel:76)
2026-09-14 20:44:35,542 - INFO - opcua.uaprotocol - received header: Header(type:b'MSG', chunk_type:b'F', body_size:52, channel:76)
2026-09-14 20:44:35,999 - INFO - opcua.client.ua_client - read
2026-09-14 20:44:35,999 - INFO - opcua.client.ua_client - read
2026-09-14 20:44:36,004 - INFO - opcua.uaprotocol - received header: Header(type:b'MSG', chunk_type:b'F', body_size:62, channel:76)
2026-09-14 20:44:36,004 - INFO - opcua.uaprotocol - received header: Header(type:b'MSG', chunk_type:b'F', body_size:62, channel:76)
2026-09-14 20:44:38,749 - INFO - opcua.client.ua_client - read
2026-09-14 20:44:38,749 - INFO - opcua.client.ua_client - read
2026-09-14 20:44:38,753 - INFO - opcua.uaprotocol - received header: Header(type:b'MSG', chunk_type:b'F', body_size:52, channel:76)
2026-09-14 20:44:38,753 - INFO - opcua.uaprotocol - received header: Header(type:b'MSG', chunk_type:b'F', body_size:52, channel:76)
2026-09-14 20:44:40,999 - INFO - opcua.client.ua_client - read
2026-09-14 20:44:40,999 - INFO - opcua.client.ua_client - read
2026-09-14 20:44:41,002 - INFO - opcua.uaprotocol - received header: Header(type:b'MSG', chunk_type:b'F', body_size:62, channel:76)
2026-09-14 20:44:41,002 - INFO - opcua.uaprotocol - received header: Header(type:b'MSG', chunk_type:b'F', body_size:62, channel:76)
2026-09-14 20:44:41,956 - INFO - opcua.client.ua_client - read
2026-09-14 20:44:41,956 - INFO - opcua.client.ua_client - read
2026-09-14 20:44:41,961 - INFO - opcua.uaprotocol - received header: Header(type:b'MSG', chunk_type:b'F', body_size:52, channel:76)
2026-09-14 20:44:41,961 - INFO - opcua.uaprotocol - received header: Header(type:b'MSG', chunk_type:b'F', body_size:52, channel:76)
2026-09-14 20:44:45,162 - INFO - opcua.client.ua_client - read
2026-09-14 20:44:45,162 - INFO - opcua.client.ua_client - read
2026-09-14 20:44:45,166 - INFO - opcua.uaprotocol - received header: Header(type:b'MSG', chunk_type:b'F', body_size:52, channel:76)
2026-09-14 20:44:45,166 - INFO - opcua.uaprotocol - received header: Header(type:b'MSG', chunk_type:b'F', body_size:52, channel:76)
2026-09-14 20:44:45,999 - INFO - opcua.client.ua_client - read
2026-09-14 20:44:45,999 - INFO - opcua.client.ua_client - read
2026-09-14 20:44:46,003 - INFO - opcua.uaprotocol - received header: Header(type:b'MSG', chunk_type:b'F', body_size:62, channel:76)
2026-09-14 20:44:46,003 - INFO - opcua.uaprotocol - received header: Header(type:b'MSG', chunk_type:b'F', body_size:62, channel:76)
2026-09-14 20:44:48,367 - INFO - opcua.client.ua_client - read
2026-09-14 20:44:48,367 - INFO - opcua.client.ua_client - read
2026-09-14 20:44:48,371 - INFO - opcua.uaprotocol - received header: Header(type:b'MSG', chunk_type:b'F', body_size:52, channel:76)
2026-09-14 20:44:48,371 - INFO - opcua.uaprotocol - received header: Header(type:b'MSG', chunk_type:b'F', body_size:52, channel:76)
2026-09-14 20:44:50,999 - INFO - opcua.client.ua_client - read
2026-09-14 20:44:50,999 - INFO - opcua.client.ua_client - read
2026-09-14 20:44:51,003 - INFO - opcua.uaprotocol - received header: Header(type:b'MSG', chunk_type:b'F', body_size:62, channel:76)
2026-09-14 20:44:51,003 - INFO - opcua.uaprotocol - received header: Header(type:b'MSG', chunk_type:b'F', body_size:62, channel:76)
2026-09-14 20:44:51,572 - INFO - opcua.client.ua_client - read
2026-09-14 20:44:51,572 - INFO - opcua.client.ua_client - read
2026-09-14 20:44:51,577 - INFO - opcua.uaprotocol - received header: Header(type:b'MSG', chunk_type:b'F', body_size:52, channel:76)
2026-09-14 20:44:51,577 - INFO - opcua.uaprotocol - received header: Header(type:b'MSG', chunk_type:b'F', body_size:52, channel:76)
2026-09-14 20:44:54,778 - INFO - opcua.client.ua_client - read
2026-09-14 20:44:54,778 - INFO - opcua.client.ua_client - read
2026-09-14 20:44:54,783 - INFO - opcua.uaprotocol - received header: Header(type:b'MSG', chunk_type:b'F', body_size:52, channel:76)
2026-09-14 20:44:54,783 - INFO - opcua.uaprotocol - received header: Header(type:b'MSG', chunk_type:b'F', body_size:52, channel:76)
2026-09-14 20:44:55,320 - INFO - opcua.client.ua_client.Socket - open_secure_channel
2026-09-14 20:44:55,320 - INFO - opcua.client.ua_client.Socket - open_secure_channel
2026-09-14 20:44:55,322 - INFO - opcua.uaprotocol - received header: Header(type:b'OPN', chunk_type:b'F', body_size:123, channel:76)
2026-09-14 20:44:55,322 - INFO - opcua.uaprotocol - received header: Header(type:b'OPN', chunk_type:b'F', body_size:123, channel:76)
2026-09-14 20:44:55,323 - INFO - opcua.client.ua_client - read
2026-09-14 20:44:55,323 - INFO - opcua.client.ua_client - read
2026-09-14 20:44:55,326 - INFO - opcua.uaprotocol - received header: Header(type:b'MSG', chunk_type:b'F', body_size:62, channel:76)
2026-09-14 20:44:55,326 - INFO - opcua.uaprotocol - received header: Header(type:b'MSG', chunk_type:b'F', body_size:62, channel:76)
2026-09-14 20:44:55,999 - INFO - opcua.client.ua_client - read
2026-09-14 20:44:55,999 - INFO - opcua.client.ua_client - read
2026-09-14 20:44:56,003 - INFO - opcua.uaprotocol - received header: Header(type:b'MSG', chunk_type:b'F', body_size:62, channel:76)
2026-09-14 20:44:56,003 - INFO - opcua.uaprotocol - received header: Header(type:b'MSG', chunk_type:b'F', body_size:62, channel:76)
2026-09-14 20:44:57,987 - INFO - opcua.client.ua_client - read
2026-09-14 20:44:57,987 - INFO - opcua.client.ua_client - read
2026-09-14 20:44:57,991 - INFO - opcua.uaprotocol - received header: Header(type:b'MSG', chunk_type:b'F', body_size:52, channel:76)
2026-09-14 20:44:57,991 - INFO - opcua.uaprotocol - received header: Header(type:b'MSG', chunk_type:b'F', body_size:52, channel:76)
2026-09-14 20:45:00,116 - INFO - opcua.client.ua_client - read
2026-09-14 20:45:00,116 - INFO - opcua.client.ua_client - read
2026-09-14 20:45:00,120 - INFO - opcua.uaprotocol - received header: Header(type:b'MSG', chunk_type:b'F', body_size:62, channel:76)
2026-09-14 20:45:00,120 - INFO - opcua.uaprotocol - received header: Header(type:b'MSG', chunk_type:b'F', body_size:62, channel:76)
2026-09-14 20:45:00,314 - INFO - opcua.client.ua_client - read
2026-09-14 20:45:00,314 - INFO - opcua.client.ua_client - read
2026-09-14 20:45:00,321 - INFO - opcua.uaprotocol - received header: Header(type:b'MSG', chunk_type:b'F', body_size:52, channel:76)
2026-09-14 20:45:00,321 - INFO - opcua.uaprotocol - received header: Header(type:b'MSG', chunk_type:b'F', body_size:52, channel:76)
2026-09-14 20:45:03,522 - INFO - opcua.client.ua_client - read
2026-09-14 20:45:03,522 - INFO - opcua.client.ua_client - read
2026-09-14 20:45:03,527 - INFO - opcua.uaprotocol - received header: Header(type:b'MSG', chunk_type:b'F', body_size:52, channel:76)
2026-09-14 20:45:03,527 - INFO - opcua.uaprotocol - received header: Header(type:b'MSG', chunk_type:b'F', body_size:52, channel:76)
2026-09-14 20:45:05,116 - INFO - opcua.client.ua_client - read
2026-09-14 20:45:05,116 - INFO - opcua.client.ua_client - read
2026-09-14 20:45:05,120 - INFO - opcua.uaprotocol - received header: Header(type:b'MSG', chunk_type:b'F', body_size:62, channel:76)
2026-09-14 20:45:05,120 - INFO - opcua.uaprotocol - received header: Header(type:b'MSG', chunk_type:b'F', body_size:62, channel:76)
2026-09-14 20:45:06,732 - INFO - opcua.client.ua_client - read
2026-09-14 20:45:06,732 - INFO - opcua.client.ua_client - read
2026-09-14 20:45:06,736 - INFO - opcua.uaprotocol - received header: Header(type:b'MSG', chunk_type:b'F', body_size:52, channel:76)
2026-09-14 20:45:06,736 - INFO - opcua.uaprotocol - received header: Header(type:b'MSG', chunk_type:b'F', body_size:52, channel:76)
2026-09-14 20:45:09,938 - INFO - opcua.client.ua_client - read
2026-09-14 20:45:09,938 - INFO - opcua.client.ua_client - read
2026-09-14 20:45:09,954 - INFO - opcua.uaprotocol - received header: Header(type:b'MSG', chunk_type:b'F', body_size:52, channel:76)
2026-09-14 20:45:09,954 - INFO - opcua.uaprotocol - received header: Header(type:b'MSG', chunk_type:b'F', body_size:52, channel:76)
2026-09-14 20:45:10,157 - INFO - opcua.client.ua_client - read
2026-09-14 20:45:10,157 - INFO - opcua.client.ua_client - read
2026-09-14 20:45:10,160 - INFO - opcua.uaprotocol - received header: Header(type:b'MSG', chunk_type:b'F', body_size:62, channel:76)
2026-09-14 20:45:10,160 - INFO - opcua.uaprotocol - received header: Header(type:b'MSG', chunk_type:b'F', body_size:62, channel:76)
2026-09-14 20:45:13,157 - INFO - opcua.client.ua_client - read
2026-09-14 20:45:13,157 - INFO - opcua.client.ua_client - read
2026-09-14 20:45:13,161 - INFO - opcua.uaprotocol - received header: Header(type:b'MSG', chunk_type:b'F', body_size:52, channel:76)
2026-09-14 20:45:13,161 - INFO - opcua.uaprotocol - received header: Header(type:b'MSG', chunk_type:b'F', body_size:52, channel:76)
2026-09-14 20:45:15,116 - INFO - opcua.client.ua_client - read
2026-09-14 20:45:15,116 - INFO - opcua.client.ua_client - read
2026-09-14 20:45:15,121 - INFO - opcua.uaprotocol - received header: Header(type:b'MSG', chunk_type:b'F', body_size:62, channel:76)
2026-09-14 20:45:15,121 - INFO - opcua.uaprotocol - received header: Header(type:b'MSG', chunk_type:b'F', body_size:62, channel:76)
2026-09-14 20:45:16,330 - INFO - opcua.client.ua_client.Socket - open_secure_channel
2026-09-14 20:45:16,330 - INFO - opcua.client.ua_client.Socket - open_secure_channel
2026-09-14 20:45:16,332 - INFO - opcua.uaprotocol - received header: Header(type:b'OPN', chunk_type:b'F', body_size:123, channel:76)
2026-09-14 20:45:16,332 - INFO - opcua.uaprotocol - received header: Header(type:b'OPN', chunk_type:b'F', body_size:123, channel:76)
2026-09-14 20:45:16,333 - INFO - opcua.client.ua_client - read
2026-09-14 20:45:16,333 - INFO - opcua.client.ua_client - read
2026-09-14 20:45:16,337 - INFO - opcua.uaprotocol - received header: Header(type:b'MSG', chunk_type:b'F', body_size:62, channel:76)
2026-09-14 20:45:16,337 - INFO - opcua.uaprotocol - received header: Header(type:b'MSG', chunk_type:b'F', body_size:62, channel:76)
2026-09-14 20:45:16,366 - INFO - opcua.client.ua_client - read
2026-09-14 20:45:16,366 - INFO - opcua.client.ua_client - read
2026-09-14 20:45:16,370 - INFO - opcua.uaprotocol - received header: Header(type:b'MSG', chunk_type:b'F', body_size:52, channel:76)
2026-09-14 20:45:16,370 - INFO - opcua.uaprotocol - received header: Header(type:b'MSG', chunk_type:b'F', body_size:52, channel:76)
2026-09-14 20:45:19,574 - INFO - opcua.client.ua_client - read
2026-09-14 20:45:19,574 - INFO - opcua.client.ua_client - read
2026-09-14 20:45:19,580 - INFO - opcua.uaprotocol - received header: Header(type:b'MSG', chunk_type:b'F', body_size:52, channel:76)
2026-09-14 20:45:19,580 - INFO - opcua.uaprotocol - received header: Header(type:b'MSG', chunk_type:b'F', body_size:52, channel:76)
2026-09-14 20:45:20,116 - INFO - opcua.client.ua_client - read
2026-09-14 20:45:20,116 - INFO - opcua.client.ua_client - read
2026-09-14 20:45:20,120 - INFO - opcua.uaprotocol - received header: Header(type:b'MSG', chunk_type:b'F', body_size:62, channel:76)
2026-09-14 20:45:20,120 - INFO - opcua.uaprotocol - received header: Header(type:b'MSG', chunk_type:b'F', body_size:62, channel:76)
2026-09-14 20:45:22,781 - INFO - opcua.client.ua_client - read
2026-09-14 20:45:22,781 - INFO - opcua.client.ua_client - read
2026-09-14 20:45:22,788 - INFO - opcua.uaprotocol - received header: Header(type:b'MSG', chunk_type:b'F', body_size:52, channel:76)
2026-09-14 20:45:22,788 - INFO - opcua.uaprotocol - received header: Header(type:b'MSG', chunk_type:b'F', body_size:52, channel:76)
2026-09-14 20:45:25,116 - INFO - opcua.client.ua_client - read
2026-09-14 20:45:25,116 - INFO - opcua.client.ua_client - read
2026-09-14 20:45:25,120 - INFO - opcua.uaprotocol - received header: Header(type:b'MSG', chunk_type:b'F', body_size:62, channel:76)
2026-09-14 20:45:25,120 - INFO - opcua.uaprotocol - received header: Header(type:b'MSG', chunk_type:b'F', body_size:62, channel:76)
2026-09-14 20:45:25,995 - INFO - opcua.client.ua_client - read
2026-09-14 20:45:25,995 - INFO - opcua.client.ua_client - read
2026-09-14 20:45:25,999 - INFO - opcua.uaprotocol - received header: Header(type:b'MSG', chunk_type:b'F', body_size:52, channel:76)
2026-09-14 20:45:25,999 - INFO - opcua.uaprotocol - received header: Header(type:b'MSG', chunk_type:b'F', body_size:52, channel:76)
2026-09-14 20:45:29,202 - INFO - opcua.client.ua_client - read
2026-09-14 20:45:29,202 - INFO - opcua.client.ua_client - read
2026-09-14 20:45:29,206 - INFO - opcua.uaprotocol - received header: Header(type:b'MSG', chunk_type:b'F', body_size:52, channel:76)
2026-09-14 20:45:29,206 - INFO - opcua.uaprotocol - received header: Header(type:b'MSG', chunk_type:b'F', body_size:52, channel:76)
2026-09-14 20:45:30,116 - INFO - opcua.client.ua_client - read
2026-09-14 20:45:30,116 - INFO - opcua.client.ua_client - read
2026-09-14 20:45:30,120 - INFO - opcua.uaprotocol - received header: Header(type:b'MSG', chunk_type:b'F', body_size:62, channel:76)
2026-09-14 20:45:30,120 - INFO - opcua.uaprotocol - received header: Header(type:b'MSG', chunk_type:b'F', body_size:62, channel:76)
2026-09-14 20:45:31,618 - INFO - opcua.client.ua_client - read
2026-09-14 20:45:31,618 - INFO - opcua.client.ua_client - read
2026-09-14 20:45:31,623 - INFO - opcua.uaprotocol - received header: Header(type:b'MSG', chunk_type:b'F', body_size:52, channel:76)
2026-09-14 20:45:31,623 - INFO - opcua.uaprotocol - received header: Header(type:b'MSG', chunk_type:b'F', body_size:52, channel:76)
2026-09-14 20:45:34,321 - INFO - opcua.client.ua_client - read
2026-09-14 20:45:34,321 - INFO - opcua.client.ua_client - read
2026-09-14 20:45:34,324 - INFO - opcua.uaprotocol - received header: Header(type:b'MSG', chunk_type:b'F', body_size:62, channel:76)
2026-09-14 20:45:34,324 - INFO - opcua.uaprotocol - received header: Header(type:b'MSG', chunk_type:b'F', body_size:62, channel:76)
2026-09-14 20:45:34,825 - INFO - opcua.client.ua_client - read
2026-09-14 20:45:34,825 - INFO - opcua.client.ua_client - read
2026-09-14 20:45:34,829 - INFO - opcua.uaprotocol - received header: Header(type:b'MSG', chunk_type:b'F', body_size:52, channel:76)
2026-09-14 20:45:34,829 - INFO - opcua.uaprotocol - received header: Header(type:b'MSG', chunk_type:b'F', body_size:52, channel:76)
2026-09-14 20:45:37,340 - INFO - opcua.client.ua_client.Socket - open_secure_channel
2026-09-14 20:45:37,340 - INFO - opcua.client.ua_client.Socket - open_secure_channel
2026-09-14 20:45:37,342 - INFO - opcua.uaprotocol - received header: Header(type:b'OPN', chunk_type:b'F', body_size:123, channel:76)
2026-09-14 20:45:37,342 - INFO - opcua.uaprotocol - received header: Header(type:b'OPN', chunk_type:b'F', body_size:123, channel:76)
2026-09-14 20:45:37,342 - INFO - opcua.client.ua_client - read
2026-09-14 20:45:37,342 - INFO - opcua.client.ua_client - read
2026-09-14 20:45:37,346 - INFO - opcua.uaprotocol - received header: Header(type:b'MSG', chunk_type:b'F', body_size:62, channel:76)
2026-09-14 20:45:37,346 - INFO - opcua.uaprotocol - received header: Header(type:b'MSG', chunk_type:b'F', body_size:62, channel:76)
2026-09-14 20:45:38,029 - INFO - opcua.client.ua_client - read
2026-09-14 20:45:38,029 - INFO - opcua.client.ua_client - read
2026-09-14 20:45:38,034 - INFO - opcua.uaprotocol - received header: Header(type:b'MSG', chunk_type:b'F', body_size:52, channel:76)
2026-09-14 20:45:38,034 - INFO - opcua.uaprotocol - received header: Header(type:b'MSG', chunk_type:b'F', body_size:52, channel:76)
2026-09-14 20:45:39,321 - INFO - opcua.client.ua_client - read
2026-09-14 20:45:39,321 - INFO - opcua.client.ua_client - read
2026-09-14 20:45:39,324 - INFO - opcua.uaprotocol - received header: Header(type:b'MSG', chunk_type:b'F', body_size:62, channel:76)
2026-09-14 20:45:39,324 - INFO - opcua.uaprotocol - received header: Header(type:b'MSG', chunk_type:b'F', body_size:62, channel:76)
2026-09-14 20:45:41,237 - INFO - opcua.client.ua_client - read
2026-09-14 20:45:41,237 - INFO - opcua.client.ua_client - read
2026-09-14 20:45:41,242 - INFO - opcua.uaprotocol - received header: Header(type:b'MSG', chunk_type:b'F', body_size:52, channel:76)
2026-09-14 20:45:41,242 - INFO - opcua.uaprotocol - received header: Header(type:b'MSG', chunk_type:b'F', body_size:52, channel:76)
2026-09-14 20:45:44,321 - INFO - opcua.client.ua_client - read
2026-09-14 20:45:44,321 - INFO - opcua.client.ua_client - read
2026-09-14 20:45:44,324 - INFO - opcua.uaprotocol - received header: Header(type:b'MSG', chunk_type:b'F', body_size:62, channel:76)
2026-09-14 20:45:44,324 - INFO - opcua.uaprotocol - received header: Header(type:b'MSG', chunk_type:b'F', body_size:62, channel:76)
2026-09-14 20:45:44,444 - INFO - opcua.client.ua_client - read
2026-09-14 20:45:44,444 - INFO - opcua.client.ua_client - read
2026-09-14 20:45:44,449 - INFO - opcua.uaprotocol - received header: Header(type:b'MSG', chunk_type:b'F', body_size:52, channel:76)
2026-09-14 20:45:44,449 - INFO - opcua.uaprotocol - received header: Header(type:b'MSG', chunk_type:b'F', body_size:52, channel:76)
2026-09-14 20:45:47,657 - INFO - opcua.client.ua_client - read
2026-09-14 20:45:47,657 - INFO - opcua.client.ua_client - read
2026-09-14 20:45:47,661 - INFO - opcua.uaprotocol - received header: Header(type:b'MSG', chunk_type:b'F', body_size:52, channel:76)
2026-09-14 20:45:47,661 - INFO - opcua.uaprotocol - received header: Header(type:b'MSG', chunk_type:b'F', body_size:52, channel:76)
2026-09-14 20:45:49,321 - INFO - opcua.client.ua_client - read
2026-09-14 20:45:49,321 - INFO - opcua.client.ua_client - read
2026-09-14 20:45:49,326 - INFO - opcua.uaprotocol - received header: Header(type:b'MSG', chunk_type:b'F', body_size:62, channel:76)
2026-09-14 20:45:49,326 - INFO - opcua.uaprotocol - received header: Header(type:b'MSG', chunk_type:b'F', body_size:62, channel:76)
2026-09-14 20:45:50,866 - INFO - opcua.client.ua_client - read
2026-09-14 20:45:50,866 - INFO - opcua.client.ua_client - read
2026-09-14 20:45:50,870 - INFO - opcua.uaprotocol - received header: Header(type:b'MSG', chunk_type:b'F', body_size:52, channel:76)
2026-09-14 20:45:50,870 - INFO - opcua.uaprotocol - received header: Header(type:b'MSG', chunk_type:b'F', body_size:52, channel:76)
2026-09-14 20:45:54,076 - INFO - opcua.client.ua_client - read
2026-09-14 20:45:54,076 - INFO - opcua.client.ua_client - read
2026-09-14 20:45:54,080 - INFO - opcua.uaprotocol - received header: Header(type:b'MSG', chunk_type:b'F', body_size:52, channel:76)
2026-09-14 20:45:54,080 - INFO - opcua.uaprotocol - received header: Header(type:b'MSG', chunk_type:b'F', body_size:52, channel:76)
2026-09-14 20:45:54,321 - INFO - opcua.client.ua_client - read
2026-09-14 20:45:54,321 - INFO - opcua.client.ua_client - read
2026-09-14 20:45:54,325 - INFO - opcua.uaprotocol - received header: Header(type:b'MSG', chunk_type:b'F', body_size:62, channel:76)
2026-09-14 20:45:54,325 - INFO - opcua.uaprotocol - received header: Header(type:b'MSG', chunk_type:b'F', body_size:62, channel:76)
2026-09-14 20:45:57,283 - INFO - opcua.client.ua_client - read
2026-09-14 20:45:57,283 - INFO - opcua.client.ua_client - read
2026-09-14 20:45:57,287 - INFO - opcua.uaprotocol - received header: Header(type:b'MSG', chunk_type:b'F', body_size:52, channel:76)
2026-09-14 20:45:57,287 - INFO - opcua.uaprotocol - received header: Header(type:b'MSG', chunk_type:b'F', body_size:52, channel:76)
2026-09-14 20:45:58,349 - INFO - opcua.client.ua_client.Socket - open_secure_channel
2026-09-14 20:45:58,349 - INFO - opcua.client.ua_client.Socket - open_secure_channel
2026-09-14 20:45:58,351 - INFO - opcua.uaprotocol - received header: Header(type:b'OPN', chunk_type:b'F', body_size:123, channel:76)
2026-09-14 20:45:58,351 - INFO - opcua.uaprotocol - received header: Header(type:b'OPN', chunk_type:b'F', body_size:123, channel:76)
2026-09-14 20:45:58,351 - INFO - opcua.client.ua_client - read
2026-09-14 20:45:58,351 - INFO - opcua.client.ua_client - read
2026-09-14 20:45:58,355 - INFO - opcua.uaprotocol - received header: Header(type:b'MSG', chunk_type:b'F', body_size:62, channel:76)
2026-09-14 20:45:58,355 - INFO - opcua.uaprotocol - received header: Header(type:b'MSG', chunk_type:b'F', body_size:62, channel:76)
2026-09-14 20:45:59,321 - INFO - opcua.client.ua_client - read
2026-09-14 20:45:59,321 - INFO - opcua.client.ua_client - read
2026-09-14 20:45:59,325 - INFO - opcua.uaprotocol - received header: Header(type:b'MSG', chunk_type:b'F', body_size:62, channel:76)
2026-09-14 20:45:59,325 - INFO - opcua.uaprotocol - received header: Header(type:b'MSG', chunk_type:b'F', body_size:62, channel:76)
2026-09-14 20:46:00,492 - INFO - opcua.client.ua_client - read
2026-09-14 20:46:00,492 - INFO - opcua.client.ua_client - read
2026-09-14 20:46:00,496 - INFO - opcua.uaprotocol - received header: Header(type:b'MSG', chunk_type:b'F', body_size:52, channel:76)
2026-09-14 20:46:00,496 - INFO - opcua.uaprotocol - received header: Header(type:b'MSG', chunk_type:b'F', body_size:52, channel:76)
2026-09-14 20:46:02,873 - INFO - opcua.client.ua_client - read
2026-09-14 20:46:02,873 - INFO - opcua.client.ua_client - read
2026-09-14 20:46:02,878 - INFO - opcua.uaprotocol - received header: Header(type:b'MSG', chunk_type:b'F', body_size:52, channel:76)
2026-09-14 20:46:02,878 - INFO - opcua.uaprotocol - received header: Header(type:b'MSG', chunk_type:b'F', body_size:52, channel:76)
2026-09-14 20:46:03,488 - INFO - opcua.client.ua_client - read
2026-09-14 20:46:03,488 - INFO - opcua.client.ua_client - read
2026-09-14 20:46:03,491 - INFO - opcua.uaprotocol - received header: Header(type:b'MSG', chunk_type:b'F', body_size:62, channel:76)
2026-09-14 20:46:03,491 - INFO - opcua.uaprotocol - received header: Header(type:b'MSG', chunk_type:b'F', body_size:62, channel:76)
2026-09-14 20:46:06,084 - INFO - opcua.client.ua_client - read
2026-09-14 20:46:06,084 - INFO - opcua.client.ua_client - read
2026-09-14 20:46:06,089 - INFO - opcua.uaprotocol - received header: Header(type:b'MSG', chunk_type:b'F', body_size:52, channel:76)
2026-09-14 20:46:06,089 - INFO - opcua.uaprotocol - received header: Header(type:b'MSG', chunk_type:b'F', body_size:52, channel:76)
2026-09-14 20:46:08,488 - INFO - opcua.client.ua_client - read
2026-09-14 20:46:08,488 - INFO - opcua.client.ua_client - read
2026-09-14 20:46:08,491 - INFO - opcua.uaprotocol - received header: Header(type:b'MSG', chunk_type:b'F', body_size:62, channel:76)
2026-09-14 20:46:08,491 - INFO - opcua.uaprotocol - received header: Header(type:b'MSG', chunk_type:b'F', body_size:62, channel:76)
2026-09-14 20:46:09,295 - INFO - opcua.client.ua_client - read
2026-09-14 20:46:09,295 - INFO - opcua.client.ua_client - read
2026-09-14 20:46:09,299 - INFO - opcua.uaprotocol - received header: Header(type:b'MSG', chunk_type:b'F', body_size:52, channel:76)
2026-09-14 20:46:09,299 - INFO - opcua.uaprotocol - received header: Header(type:b'MSG', chunk_type:b'F', body_size:52, channel:76)
2026-09-14 20:46:12,505 - INFO - opcua.client.ua_client - read
2026-09-14 20:46:12,505 - INFO - opcua.client.ua_client - read
2026-09-14 20:46:12,510 - INFO - opcua.uaprotocol - received header: Header(type:b'MSG', chunk_type:b'F', body_size:52, channel:76)
2026-09-14 20:46:12,510 - INFO - opcua.uaprotocol - received header: Header(type:b'MSG', chunk_type:b'F', body_size:52, channel:76)
2026-09-14 20:46:13,488 - INFO - opcua.client.ua_client - read
2026-09-14 20:46:13,488 - INFO - opcua.client.ua_client - read
2026-09-14 20:46:13,491 - INFO - opcua.uaprotocol - received header: Header(type:b'MSG', chunk_type:b'F', body_size:62, channel:76)
2026-09-14 20:46:13,491 - INFO - opcua.uaprotocol - received header: Header(type:b'MSG', chunk_type:b'F', body_size:62, channel:76)
2026-09-14 20:46:15,720 - INFO - opcua.client.ua_client - read
2026-09-14 20:46:15,720 - INFO - opcua.client.ua_client - read
2026-09-14 20:46:15,725 - INFO - opcua.uaprotocol - received header: Header(type:b'MSG', chunk_type:b'F', body_size:52, channel:76)
2026-09-14 20:46:15,725 - INFO - opcua.uaprotocol - received header: Header(type:b'MSG', chunk_type:b'F', body_size:52, channel:76)
2026-09-14 20:46:18,488 - INFO - opcua.client.ua_client - read
2026-09-14 20:46:18,488 - INFO - opcua.client.ua_client - read
2026-09-14 20:46:18,491 - INFO - opcua.uaprotocol - received header: Header(type:b'MSG', chunk_type:b'F', body_size:62, channel:76)
2026-09-14 20:46:18,491 - INFO - opcua.uaprotocol - received header: Header(type:b'MSG', chunk_type:b'F', body_size:62, channel:76)
2026-09-14 20:46:18,933 - INFO - opcua.client.ua_client - read
2026-09-14 20:46:18,933 - INFO - opcua.client.ua_client - read
2026-09-14 20:46:18,938 - INFO - opcua.uaprotocol - received header: Header(type:b'MSG', chunk_type:b'F', body_size:52, channel:76)
2026-09-14 20:46:18,938 - INFO - opcua.uaprotocol - received header: Header(type:b'MSG', chunk_type:b'F', body_size:52, channel:76)
2026-09-14 20:46:19,356 - INFO - opcua.client.ua_client.Socket - open_secure_channel
2026-09-14 20:46:19,356 - INFO - opcua.client.ua_client.Socket - open_secure_channel
2026-09-14 20:46:19,358 - INFO - opcua.uaprotocol - received header: Header(type:b'OPN', chunk_type:b'F', body_size:123, channel:76)
2026-09-14 20:46:19,358 - INFO - opcua.uaprotocol - received header: Header(type:b'OPN', chunk_type:b'F', body_size:123, channel:76)
2026-09-14 20:46:19,360 - INFO - opcua.client.ua_client - read
2026-09-14 20:46:19,360 - INFO - opcua.client.ua_client - read
2026-09-14 20:46:19,367 - INFO - opcua.uaprotocol - received header: Header(type:b'MSG', chunk_type:b'F', body_size:62, channel:76)
2026-09-14 20:46:19,367 - INFO - opcua.uaprotocol - received header: Header(type:b'MSG', chunk_type:b'F', body_size:62, channel:76)
2026-09-14 20:46:22,139 - INFO - opcua.client.ua_client - read
2026-09-14 20:46:22,139 - INFO - opcua.client.ua_client - read
2026-09-14 20:46:22,143 - INFO - opcua.uaprotocol - received header: Header(type:b'MSG', chunk_type:b'F', body_size:52, channel:76)
2026-09-14 20:46:22,143 - INFO - opcua.uaprotocol - received header: Header(type:b'MSG', chunk_type:b'F', body_size:52, channel:76)
2026-09-14 20:46:23,488 - INFO - opcua.client.ua_client - read
2026-09-14 20:46:23,488 - INFO - opcua.client.ua_client - read
2026-09-14 20:46:23,492 - INFO - opcua.uaprotocol - received header: Header(type:b'MSG', chunk_type:b'F', body_size:62, channel:76)
2026-09-14 20:46:23,492 - INFO - opcua.uaprotocol - received header: Header(type:b'MSG', chunk_type:b'F', body_size:62, channel:76)
2026-09-14 20:46:25,348 - INFO - opcua.client.ua_client - read
2026-09-14 20:46:25,348 - INFO - opcua.client.ua_client - read
2026-09-14 20:46:25,352 - INFO - opcua.uaprotocol - received header: Header(type:b'MSG', chunk_type:b'F', body_size:52, channel:76)
2026-09-14 20:46:25,352 - INFO - opcua.uaprotocol - received header: Header(type:b'MSG', chunk_type:b'F', body_size:52, channel:76)
2026-09-14 20:46:28,488 - INFO - opcua.client.ua_client - read
2026-09-14 20:46:28,488 - INFO - opcua.client.ua_client - read
2026-09-14 20:46:28,491 - INFO - opcua.uaprotocol - received header: Header(type:b'MSG', chunk_type:b'F', body_size:62, channel:76)
2026-09-14 20:46:28,491 - INFO - opcua.uaprotocol - received header: Header(type:b'MSG', chunk_type:b'F', body_size:62, channel:76)
2026-09-14 20:46:28,556 - INFO - opcua.client.ua_client - read
2026-09-14 20:46:28,556 - INFO - opcua.client.ua_client - read
2026-09-14 20:46:28,562 - INFO - opcua.uaprotocol - received header: Header(type:b'MSG', chunk_type:b'F', body_size:52, channel:76)
2026-09-14 20:46:28,562 - INFO - opcua.uaprotocol - received header: Header(type:b'MSG', chunk_type:b'F', body_size:52, channel:76)
2026-09-14 20:46:31,777 - INFO - opcua.client.ua_client - read
2026-09-14 20:46:31,777 - INFO - opcua.client.ua_client - read
2026-09-14 20:46:31,781 - INFO - opcua.uaprotocol - received header: Header(type:b'MSG', chunk_type:b'F', body_size:52, channel:76)
2026-09-14 20:46:31,781 - INFO - opcua.uaprotocol - received header: Header(type:b'MSG', chunk_type:b'F', body_size:52, channel:76)
2026-09-14 20:46:33,488 - INFO - opcua.client.ua_client - read
2026-09-14 20:46:33,488 - INFO - opcua.client.ua_client - read
2026-09-14 20:46:33,492 - INFO - opcua.uaprotocol - received header: Header(type:b'MSG', chunk_type:b'F', body_size:62, channel:76)
2026-09-14 20:46:33,492 - INFO - opcua.uaprotocol - received header: Header(type:b'MSG', chunk_type:b'F', body_size:62, channel:76)
2026-09-14 20:46:34,135 - INFO - opcua.client.ua_client - read
2026-09-14 20:46:34,135 - INFO - opcua.client.ua_client - read
2026-09-14 20:46:34,146 - INFO - opcua.uaprotocol - received header: Header(type:b'MSG', chunk_type:b'F', body_size:52, channel:76)
2026-09-14 20:46:34,146 - INFO - opcua.uaprotocol - received header: Header(type:b'MSG', chunk_type:b'F', body_size:52, channel:76)
2026-09-14 20:46:37,058 - INFO - opcua.client.ua_client - close_session
2026-09-14 20:46:37,058 - INFO - opcua.client.ua_client - close_session
2026-09-14 20:46:37,100 - INFO - opcua.uaprotocol - received header: Header(type:b'MSG', chunk_type:b'F', body_size:40, channel:76)
2026-09-14 20:46:37,100 - INFO - opcua.uaprotocol - received header: Header(type:b'MSG', chunk_type:b'F', body_size:40, channel:76)
2026-09-14 20:46:37,100 - INFO - opcua.client.ua_client.Socket - close_secure_channel
2026-09-14 20:46:37,100 - INFO - opcua.client.ua_client.Socket - close_secure_channel
2026-09-14 20:46:37,100 - INFO - opcua.client.ua_client.Socket - Request to close socket received
2026-09-14 20:46:37,100 - INFO - opcua.client.ua_client.Socket - Request to close socket received
2026-09-14 20:46:37,100 - INFO - opcua.client.ua_client.Socket - Socket closed, waiting for receiver thread to terminate...
2026-09-14 20:46:37,100 - INFO - opcua.client.ua_client.Socket - Socket closed, waiting for receiver thread to terminate...
2026-09-14 20:46:37,100 - INFO - opcua.client.ua_client.Socket - Socket has closed connection
2026-09-14 20:46:37,100 - INFO - opcua.client.ua_client.Socket - Socket has closed connection
2026-09-14 20:46:37,100 - INFO - opcua.client.ua_client.Socket - Cancelling request 106
2026-09-14 20:46:37,100 - INFO - opcua.client.ua_client.Socket - Cancelling request 106
2026-09-14 20:46:37,101 - INFO - opcua.client.ua_client.Socket - Thread ended
2026-09-14 20:46:37,101 - INFO - opcua.client.ua_client.Socket - Thread ended
2026-09-14 20:46:37,101 - INFO - opcua.client.ua_client.Socket - Done closing socket: Receiving thread terminated, socket disconnected
2026-09-14 20:46:37,101 - INFO - opcua.client.ua_client.Socket - Done closing socket: Receiving thread terminated, socket disconnected
2026-09-14 20:56:36,574 - INFO - opcua.client.ua_client.Socket - opening connection
2026-09-14 20:56:36,800 - INFO - opcua.client.ua_client.Socket - Thread started
2026-09-14 20:56:36,801 - INFO - opcua.uaprotocol - received header: Header(type:b'ACK', chunk_type:b'F', body_size:20, channel:0)
2026-09-14 20:56:36,801 - INFO - opcua.client.ua_client.Socket - open_secure_channel
2026-09-14 20:56:36,803 - INFO - opcua.uaprotocol - received header: Header(type:b'OPN', chunk_type:b'F', body_size:123, channel:77)
2026-09-14 20:56:36,803 - INFO - opcua.client.ua_client - create_session
2026-09-14 20:56:37,244 - INFO - opcua.uaprotocol - received header: Header(type:b'MSG', chunk_type:b'F', body_size:2464, channel:77)
2026-09-14 20:56:37,244 - INFO - opcua.client.ua_client - activate_session
2026-09-14 20:56:37,254 - INFO - opcua.uaprotocol - received header: Header(type:b'MSG', chunk_type:b'F', body_size:52, channel:77)
2026-09-14 20:56:37,255 - INFO - opcua.client.ua_client - read
2026-09-14 20:56:37,267 - INFO - opcua.uaprotocol - received header: Header(type:b'MSG', chunk_type:b'F', body_size:52, channel:77)
2026-09-14 20:56:37,470 - INFO - opcua.client.ua_client - read
2026-09-14 20:56:37,473 - INFO - opcua.uaprotocol - received header: Header(type:b'MSG', chunk_type:b'F', body_size:52, channel:77)
2026-09-14 20:56:38,989 - INFO - opcua.client.ua_client - close_session
2026-09-14 20:56:39,031 - INFO - opcua.uaprotocol - received header: Header(type:b'MSG', chunk_type:b'F', body_size:40, channel:77)
2026-09-14 20:56:39,031 - INFO - opcua.client.ua_client.Socket - close_secure_channel
2026-09-14 20:56:39,031 - INFO - opcua.client.ua_client.Socket - Request to close socket received
2026-09-14 20:56:39,032 - INFO - opcua.client.ua_client.Socket - Socket closed, waiting for receiver thread to terminate...
2026-09-14 20:56:39,032 - INFO - opcua.client.ua_client.Socket - Socket has closed connection
2026-09-14 20:56:39,032 - INFO - opcua.client.ua_client.Socket - Cancelling request 7
2026-09-14 20:56:39,032 - INFO - opcua.client.ua_client.Socket - Thread ended
2026-09-14 20:56:39,032 - INFO - opcua.client.ua_client.Socket - Done closing socket: Receiving thread terminated, socket disconnected
2026-09-14 20:57:13,504 - INFO - opcua.client.ua_client.Socket - opening connection
2026-09-14 20:57:13,719 - INFO - opcua.client.ua_client.Socket - Thread started
2026-09-14 20:57:13,721 - INFO - opcua.uaprotocol - received header: Header(type:b'ACK', chunk_type:b'F', body_size:20, channel:0)
2026-09-14 20:57:13,721 - INFO - opcua.client.ua_client.Socket - open_secure_channel
2026-09-14 20:57:13,722 - INFO - opcua.uaprotocol - received header: Header(type:b'OPN', chunk_type:b'F', body_size:123, channel:78)
2026-09-14 20:57:13,723 - INFO - opcua.client.ua_client - create_session
2026-09-14 20:57:13,890 - INFO - opcua.uaprotocol - received header: Header(type:b'MSG', chunk_type:b'F', body_size:2464, channel:78)
2026-09-14 20:57:13,891 - INFO - opcua.client.ua_client - activate_session
2026-09-14 20:57:13,897 - INFO - opcua.uaprotocol - received header: Header(type:b'MSG', chunk_type:b'F', body_size:52, channel:78)
2026-09-14 20:57:13,897 - INFO - opcua.client.ua_client - read
2026-09-14 20:57:13,902 - INFO - opcua.uaprotocol - received header: Header(type:b'MSG', chunk_type:b'F', body_size:52, channel:78)
2026-09-14 20:57:14,103 - INFO - opcua.client.ua_client - read
2026-09-14 20:57:14,108 - INFO - opcua.uaprotocol - received header: Header(type:b'MSG', chunk_type:b'F', body_size:52, channel:78)
2026-09-14 20:57:14,876 - INFO - opcua.client.ua_client - close_session
2026-09-14 20:57:15,072 - INFO - opcua.uaprotocol - received header: Header(type:b'MSG', chunk_type:b'F', body_size:40, channel:78)
2026-09-14 20:57:15,072 - INFO - opcua.client.ua_client.Socket - close_secure_channel
2026-09-14 20:57:15,072 - INFO - opcua.client.ua_client.Socket - Request to close socket received
2026-09-14 20:57:15,072 - INFO - opcua.client.ua_client.Socket - Socket closed, waiting for receiver thread to terminate...
2026-09-14 20:57:15,072 - INFO - opcua.client.ua_client.Socket - Socket has closed connection
2026-09-14 20:57:15,072 - INFO - opcua.client.ua_client.Socket - Cancelling request 7
2026-09-14 20:57:15,072 - INFO - opcua.client.ua_client.Socket - Thread ended
2026-09-14 20:57:15,072 - INFO - opcua.client.ua_client.Socket - Done closing socket: Receiving thread terminated, socket disconnected
2026-09-14 20:57:35,596 - INFO - opcua.client.ua_client.Socket - opening connection
2026-09-14 20:57:35,792 - INFO - opcua.client.ua_client.Socket - Thread started
2026-09-14 20:57:35,794 - INFO - opcua.uaprotocol - received header: Header(type:b'ACK', chunk_type:b'F', body_size:20, channel:0)
2026-09-14 20:57:35,794 - INFO - opcua.client.ua_client.Socket - open_secure_channel
2026-09-14 20:57:35,795 - INFO - opcua.uaprotocol - received header: Header(type:b'OPN', chunk_type:b'F', body_size:123, channel:79)
2026-09-14 20:57:35,796 - INFO - opcua.client.ua_client - create_session
2026-09-14 20:57:35,998 - INFO - opcua.uaprotocol - received header: Header(type:b'MSG', chunk_type:b'F', body_size:2464, channel:79)
2026-09-14 20:57:35,999 - INFO - opcua.client.ua_client - activate_session
2026-09-14 20:57:36,005 - INFO - opcua.uaprotocol - received header: Header(type:b'MSG', chunk_type:b'F', body_size:52, channel:79)
2026-09-14 20:57:36,005 - INFO - opcua.client.ua_client - read
2026-09-14 20:57:36,010 - INFO - opcua.uaprotocol - received header: Header(type:b'MSG', chunk_type:b'F', body_size:52, channel:79)
2026-09-14 20:57:36,210 - INFO - opcua.client.ua_client - read
2026-09-14 20:57:36,214 - INFO - opcua.uaprotocol - received header: Header(type:b'MSG', chunk_type:b'F', body_size:52, channel:79)
2026-09-14 20:57:39,211 - INFO - opcua.client.ua_client - read
2026-09-14 20:57:39,214 - INFO - opcua.uaprotocol - received header: Header(type:b'MSG', chunk_type:b'F', body_size:52, channel:79)
2026-09-14 20:57:41,414 - INFO - opcua.client.ua_client - read
2026-09-14 20:57:41,418 - INFO - opcua.uaprotocol - received header: Header(type:b'MSG', chunk_type:b'F', body_size:62, channel:79)
2026-09-14 20:57:42,419 - INFO - opcua.client.ua_client - read
2026-09-14 20:57:42,424 - INFO - opcua.uaprotocol - received header: Header(type:b'MSG', chunk_type:b'F', body_size:52, channel:79)
2026-09-14 20:57:45,628 - INFO - opcua.client.ua_client - read
2026-09-14 20:57:45,633 - INFO - opcua.uaprotocol - received header: Header(type:b'MSG', chunk_type:b'F', body_size:52, channel:79)
2026-09-14 20:57:46,414 - INFO - opcua.client.ua_client - read
2026-09-14 20:57:46,418 - INFO - opcua.uaprotocol - received header: Header(type:b'MSG', chunk_type:b'F', body_size:62, channel:79)
2026-09-14 20:57:48,834 - INFO - opcua.client.ua_client - read
2026-09-14 20:57:48,838 - INFO - opcua.uaprotocol - received header: Header(type:b'MSG', chunk_type:b'F', body_size:52, channel:79)
2026-09-14 20:57:51,414 - INFO - opcua.client.ua_client - read
2026-09-14 20:57:51,419 - INFO - opcua.uaprotocol - received header: Header(type:b'MSG', chunk_type:b'F', body_size:62, channel:79)
2026-09-14 20:57:52,042 - INFO - opcua.client.ua_client - read
2026-09-14 20:57:52,047 - INFO - opcua.uaprotocol - received header: Header(type:b'MSG', chunk_type:b'F', body_size:52, channel:79)
2026-09-14 20:57:52,853 - INFO - opcua.client.ua_client - read
2026-09-14 20:57:52,858 - INFO - opcua.uaprotocol - received header: Header(type:b'MSG', chunk_type:b'F', body_size:52, channel:79)
2026-09-14 20:57:53,058 - INFO - opcua.client.ua_client - read
2026-09-14 20:57:53,063 - INFO - opcua.uaprotocol - received header: Header(type:b'MSG', chunk_type:b'F', body_size:52, channel:79)
2026-09-14 20:57:55,250 - INFO - opcua.client.ua_client - read
2026-09-14 20:57:55,255 - INFO - opcua.uaprotocol - received header: Header(type:b'MSG', chunk_type:b'F', body_size:52, channel:79)
2026-09-14 20:57:56,414 - INFO - opcua.client.ua_client - read
2026-09-14 20:57:56,418 - INFO - opcua.uaprotocol - received header: Header(type:b'MSG', chunk_type:b'F', body_size:62, channel:79)
2026-09-14 20:57:56,999 - INFO - opcua.client.ua_client.Socket - open_secure_channel
2026-09-14 20:57:57,002 - INFO - opcua.uaprotocol - received header: Header(type:b'OPN', chunk_type:b'F', body_size:123, channel:79)
2026-09-14 20:57:57,002 - INFO - opcua.client.ua_client - read
2026-09-14 20:57:57,006 - INFO - opcua.uaprotocol - received header: Header(type:b'MSG', chunk_type:b'F', body_size:62, channel:79)
2026-09-14 20:57:58,457 - INFO - opcua.client.ua_client - read
2026-09-14 20:57:58,461 - INFO - opcua.uaprotocol - received header: Header(type:b'MSG', chunk_type:b'F', body_size:52, channel:79)
2026-09-14 20:58:01,414 - INFO - opcua.client.ua_client - read
2026-09-14 20:58:01,418 - INFO - opcua.uaprotocol - received header: Header(type:b'MSG', chunk_type:b'F', body_size:62, channel:79)
2026-09-14 20:58:01,664 - INFO - opcua.client.ua_client - read
2026-09-14 20:58:01,669 - INFO - opcua.uaprotocol - received header: Header(type:b'MSG', chunk_type:b'F', body_size:52, channel:79)
2026-09-14 20:58:04,152 - INFO - opcua.client.ua_client - read
2026-09-14 20:58:04,157 - INFO - opcua.uaprotocol - received header: Header(type:b'MSG', chunk_type:b'F', body_size:52, channel:79)
2026-09-14 20:58:04,358 - INFO - opcua.client.ua_client - read
2026-09-14 20:58:04,361 - INFO - opcua.uaprotocol - received header: Header(type:b'MSG', chunk_type:b'F', body_size:52, channel:79)
2026-09-14 20:58:04,874 - INFO - opcua.client.ua_client - read
2026-09-14 20:58:04,880 - INFO - opcua.uaprotocol - received header: Header(type:b'MSG', chunk_type:b'F', body_size:52, channel:79)
2026-09-14 20:58:05,570 - INFO - opcua.client.ua_client - read
2026-09-14 20:58:05,573 - INFO - opcua.uaprotocol - received header: Header(type:b'MSG', chunk_type:b'F', body_size:62, channel:79)
2026-09-14 20:58:07,236 - INFO - opcua.client.ua_client - read
2026-09-14 20:58:07,240 - INFO - opcua.uaprotocol - received header: Header(type:b'MSG', chunk_type:b'F', body_size:52, channel:79)
2026-09-14 20:58:10,441 - INFO - opcua.client.ua_client - read
2026-09-14 20:58:10,447 - INFO - opcua.uaprotocol - received header: Header(type:b'MSG', chunk_type:b'F', body_size:52, channel:79)
2026-09-14 20:58:10,647 - INFO - opcua.client.ua_client - read
2026-09-14 20:58:10,652 - INFO - opcua.uaprotocol - received header: Header(type:b'MSG', chunk_type:b'F', body_size:62, channel:79)
2026-09-14 20:58:13,647 - INFO - opcua.client.ua_client - read
2026-09-14 20:58:13,652 - INFO - opcua.uaprotocol - received header: Header(type:b'MSG', chunk_type:b'F', body_size:52, channel:79)
2026-09-14 20:58:15,570 - INFO - opcua.client.ua_client - read
2026-09-14 20:58:15,573 - INFO - opcua.uaprotocol - received header: Header(type:b'MSG', chunk_type:b'F', body_size:62, channel:79)
2026-09-14 20:58:16,861 - INFO - opcua.client.ua_client - read
2026-09-14 20:58:16,866 - INFO - opcua.uaprotocol - received header: Header(type:b'MSG', chunk_type:b'F', body_size:52, channel:79)
2026-09-14 20:58:18,012 - INFO - opcua.client.ua_client.Socket - open_secure_channel
2026-09-14 20:58:18,014 - INFO - opcua.uaprotocol - received header: Header(type:b'OPN', chunk_type:b'F', body_size:123, channel:79)
2026-09-14 20:58:18,015 - INFO - opcua.client.ua_client - read
2026-09-14 20:58:18,018 - INFO - opcua.uaprotocol - received header: Header(type:b'MSG', chunk_type:b'F', body_size:62, channel:79)
2026-09-14 20:58:20,068 - INFO - opcua.client.ua_client - read
2026-09-14 20:58:20,074 - INFO - opcua.uaprotocol - received header: Header(type:b'MSG', chunk_type:b'F', body_size:52, channel:79)
2026-09-14 20:58:20,570 - INFO - opcua.client.ua_client - read
2026-09-14 20:58:20,574 - INFO - opcua.uaprotocol - received header: Header(type:b'MSG', chunk_type:b'F', body_size:62, channel:79)
2026-09-14 20:58:20,759 - INFO - opcua.client.ua_client - read
2026-09-14 20:58:20,763 - INFO - opcua.uaprotocol - received header: Header(type:b'MSG', chunk_type:b'F', body_size:52, channel:79)
2026-09-14 20:58:20,963 - INFO - opcua.client.ua_client - read
2026-09-14 20:58:20,970 - INFO - opcua.uaprotocol - received header: Header(type:b'MSG', chunk_type:b'F', body_size:52, channel:79)
2026-09-14 20:58:23,275 - INFO - opcua.client.ua_client - read
2026-09-14 20:58:23,279 - INFO - opcua.uaprotocol - received header: Header(type:b'MSG', chunk_type:b'F', body_size:52, channel:79)
2026-09-14 20:58:25,570 - INFO - opcua.client.ua_client - read
2026-09-14 20:58:25,574 - INFO - opcua.uaprotocol - received header: Header(type:b'MSG', chunk_type:b'F', body_size:62, channel:79)
2026-09-14 20:58:26,484 - INFO - opcua.client.ua_client - read
2026-09-14 20:58:26,489 - INFO - opcua.uaprotocol - received header: Header(type:b'MSG', chunk_type:b'F', body_size:52, channel:79)
2026-09-14 20:58:29,692 - INFO - opcua.client.ua_client - read
2026-09-14 20:58:29,696 - INFO - opcua.uaprotocol - received header: Header(type:b'MSG', chunk_type:b'F', body_size:52, channel:79)
2026-09-14 20:58:30,570 - INFO - opcua.client.ua_client - read
2026-09-14 20:58:30,575 - INFO - opcua.uaprotocol - received header: Header(type:b'MSG', chunk_type:b'F', body_size:62, channel:79)
2026-09-14 20:58:32,901 - INFO - opcua.client.ua_client - read
2026-09-14 20:58:32,907 - INFO - opcua.uaprotocol - received header: Header(type:b'MSG', chunk_type:b'F', body_size:52, channel:79)
2026-09-14 20:58:34,262 - INFO - opcua.client.ua_client - read
2026-09-14 20:58:34,266 - INFO - opcua.uaprotocol - received header: Header(type:b'MSG', chunk_type:b'F', body_size:52, channel:79)
2026-09-14 20:58:34,467 - INFO - opcua.client.ua_client - read
2026-09-14 20:58:34,472 - INFO - opcua.uaprotocol - received header: Header(type:b'MSG', chunk_type:b'F', body_size:52, channel:79)
2026-09-14 20:58:35,570 - INFO - opcua.client.ua_client - read
2026-09-14 20:58:35,575 - INFO - opcua.uaprotocol - received header: Header(type:b'MSG', chunk_type:b'F', body_size:62, channel:79)
2026-09-14 20:58:36,110 - INFO - opcua.client.ua_client - read
2026-09-14 20:58:36,114 - INFO - opcua.uaprotocol - received header: Header(type:b'MSG', chunk_type:b'F', body_size:52, channel:79)
2026-09-14 20:58:38,479 - INFO - opcua.client.ua_client - read
2026-09-14 20:58:38,483 - INFO - opcua.uaprotocol - received header: Header(type:b'MSG', chunk_type:b'F', body_size:52, channel:79)
2026-09-14 20:58:39,019 - INFO - opcua.client.ua_client.Socket - open_secure_channel
2026-09-14 20:58:39,022 - INFO - opcua.uaprotocol - received header: Header(type:b'OPN', chunk_type:b'F', body_size:123, channel:79)
2026-09-14 20:58:39,022 - INFO - opcua.client.ua_client - read
2026-09-14 20:58:39,025 - INFO - opcua.uaprotocol - received header: Header(type:b'MSG', chunk_type:b'F', body_size:62, channel:79)
2026-09-14 20:58:39,728 - INFO - opcua.client.ua_client - read
2026-09-14 20:58:39,732 - INFO - opcua.uaprotocol - received header: Header(type:b'MSG', chunk_type:b'F', body_size:62, channel:79)
2026-09-14 20:58:41,687 - INFO - opcua.client.ua_client - read
2026-09-14 20:58:41,691 - INFO - opcua.uaprotocol - received header: Header(type:b'MSG', chunk_type:b'F', body_size:52, channel:79)
2026-09-14 20:58:44,728 - INFO - opcua.client.ua_client - read
2026-09-14 20:58:44,733 - INFO - opcua.uaprotocol - received header: Header(type:b'MSG', chunk_type:b'F', body_size:62, channel:79)
2026-09-14 20:58:44,892 - INFO - opcua.client.ua_client - read
2026-09-14 20:58:44,897 - INFO - opcua.uaprotocol - received header: Header(type:b'MSG', chunk_type:b'F', body_size:52, channel:79)
2026-09-14 20:58:48,098 - INFO - opcua.client.ua_client - read
2026-09-14 20:58:48,102 - INFO - opcua.uaprotocol - received header: Header(type:b'MSG', chunk_type:b'F', body_size:52, channel:79)
2026-09-14 20:58:49,728 - INFO - opcua.client.ua_client - read
2026-09-14 20:58:49,732 - INFO - opcua.uaprotocol - received header: Header(type:b'MSG', chunk_type:b'F', body_size:62, channel:79)
2026-09-14 20:58:51,304 - INFO - opcua.client.ua_client - read
2026-09-14 20:58:51,308 - INFO - opcua.uaprotocol - received header: Header(type:b'MSG', chunk_type:b'F', body_size:52, channel:79)
2026-09-14 20:58:54,510 - INFO - opcua.client.ua_client - read
2026-09-14 20:58:54,515 - INFO - opcua.uaprotocol - received header: Header(type:b'MSG', chunk_type:b'F', body_size:52, channel:79)
2026-09-14 20:58:54,728 - INFO - opcua.client.ua_client - read
2026-09-14 20:58:54,733 - INFO - opcua.uaprotocol - received header: Header(type:b'MSG', chunk_type:b'F', body_size:62, channel:79)
2026-09-14 20:58:57,716 - INFO - opcua.client.ua_client - read
2026-09-14 20:58:57,721 - INFO - opcua.uaprotocol - received header: Header(type:b'MSG', chunk_type:b'F', body_size:52, channel:79)
2026-09-14 20:58:59,728 - INFO - opcua.client.ua_client - read
2026-09-14 20:58:59,735 - INFO - opcua.uaprotocol - received header: Header(type:b'MSG', chunk_type:b'F', body_size:62, channel:79)
2026-09-14 20:59:00,028 - INFO - opcua.client.ua_client.Socket - open_secure_channel
2026-09-14 20:59:00,030 - INFO - opcua.uaprotocol - received header: Header(type:b'OPN', chunk_type:b'F', body_size:123, channel:79)
2026-09-14 20:59:00,031 - INFO - opcua.client.ua_client - read
2026-09-14 20:59:00,038 - INFO - opcua.uaprotocol - received header: Header(type:b'MSG', chunk_type:b'F', body_size:62, channel:79)
2026-09-14 20:59:00,924 - INFO - opcua.client.ua_client - read
2026-09-14 20:59:00,928 - INFO - opcua.uaprotocol - received header: Header(type:b'MSG', chunk_type:b'F', body_size:52, channel:79)
2026-09-14 20:59:02,364 - INFO - opcua.client.ua_client - read
2026-09-14 20:59:02,368 - INFO - opcua.uaprotocol - received header: Header(type:b'MSG', chunk_type:b'F', body_size:52, channel:79)
2026-09-14 20:59:02,571 - INFO - opcua.client.ua_client - read
2026-09-14 20:59:02,580 - INFO - opcua.uaprotocol - received header: Header(type:b'MSG', chunk_type:b'F', body_size:52, channel:79)
2026-09-14 20:59:04,134 - INFO - opcua.client.ua_client - read
2026-09-14 20:59:04,138 - INFO - opcua.uaprotocol - received header: Header(type:b'MSG', chunk_type:b'F', body_size:52, channel:79)
2026-09-14 20:59:04,728 - INFO - opcua.client.ua_client - read
2026-09-14 20:59:04,731 - INFO - opcua.uaprotocol - received header: Header(type:b'MSG', chunk_type:b'F', body_size:62, channel:79)
2026-09-14 20:59:07,341 - INFO - opcua.client.ua_client - read
2026-09-14 20:59:07,345 - INFO - opcua.uaprotocol - received header: Header(type:b'MSG', chunk_type:b'F', body_size:52, channel:79)
2026-09-14 20:59:08,370 - INFO - opcua.client.ua_client - close_session
2026-09-14 20:59:07,521 - INFO - opcua.uaprotocol - received header: Header(type:b'MSG', chunk_type:b'F', body_size:40, channel:79)
2026-09-14 20:59:07,521 - INFO - opcua.client.ua_client.Socket - close_secure_channel
2026-09-14 20:59:07,522 - INFO - opcua.client.ua_client.Socket - Request to close socket received
2026-09-14 20:59:07,522 - INFO - opcua.client.ua_client.Socket - Socket closed, waiting for receiver thread to terminate...
2026-09-14 20:59:07,522 - INFO - opcua.client.ua_client.Socket - Socket has closed connection
2026-09-14 20:59:07,522 - INFO - opcua.client.ua_client.Socket - Cancelling request 72
2026-09-14 20:59:07,522 - INFO - opcua.client.ua_client.Socket - Thread ended
2026-09-14 20:59:07,522 - INFO - opcua.client.ua_client.Socket - Done closing socket: Receiving thread terminated, socket disconnected
2026-09-14 21:01:36,250 - INFO - opcua.client.ua_client.Socket - opening connection
2026-09-14 21:01:36,266 - INFO - opcua.client.ua_client.Socket - Thread started
2026-09-14 21:01:36,268 - INFO - opcua.uaprotocol - received header: Header(type:b'ACK', chunk_type:b'F', body_size:20, channel:0)
2026-09-14 21:01:36,268 - INFO - opcua.client.ua_client.Socket - open_secure_channel
2026-09-14 21:01:36,269 - INFO - opcua.uaprotocol - received header: Header(type:b'OPN', chunk_type:b'F', body_size:123, channel:80)
2026-09-14 21:01:36,270 - INFO - opcua.client.ua_client - create_session
2026-09-14 21:01:36,482 - INFO - opcua.uaprotocol - received header: Header(type:b'MSG', chunk_type:b'F', body_size:2464, channel:80)
2026-09-14 21:01:36,483 - INFO - opcua.client.ua_client - activate_session
2026-09-14 21:01:36,486 - INFO - opcua.uaprotocol - received header: Header(type:b'MSG', chunk_type:b'F', body_size:52, channel:80)
2026-09-14 21:01:36,486 - INFO - opcua.client.ua_client - read
2026-09-14 21:01:36,491 - INFO - opcua.uaprotocol - received header: Header(type:b'MSG', chunk_type:b'F', body_size:52, channel:80)
2026-09-14 21:01:36,692 - INFO - opcua.client.ua_client - read
2026-09-14 21:01:36,699 - INFO - opcua.uaprotocol - received header: Header(type:b'MSG', chunk_type:b'F', body_size:52, channel:80)
2026-09-14 21:01:39,693 - INFO - opcua.client.ua_client - read
2026-09-14 21:01:39,697 - INFO - opcua.uaprotocol - received header: Header(type:b'MSG', chunk_type:b'F', body_size:52, channel:80)
2026-09-14 21:01:40,484 - INFO - opcua.client.ua_client - read
2026-09-14 21:01:40,487 - INFO - opcua.uaprotocol - received header: Header(type:b'MSG', chunk_type:b'F', body_size:52, channel:80)
2026-09-14 21:01:41,691 - INFO - opcua.client.ua_client - read
2026-09-14 21:01:41,695 - INFO - opcua.uaprotocol - received header: Header(type:b'MSG', chunk_type:b'F', body_size:52, channel:80)
2026-09-14 21:01:42,900 - INFO - opcua.client.ua_client - read
2026-09-14 21:01:42,904 - INFO - opcua.uaprotocol - received header: Header(type:b'MSG', chunk_type:b'F', body_size:52, channel:80)
2026-09-14 21:01:43,106 - INFO - opcua.client.ua_client - read
2026-09-14 21:01:43,119 - INFO - opcua.uaprotocol - received header: Header(type:b'MSG', chunk_type:b'F', body_size:62, channel:80)
2026-09-14 21:01:45,257 - INFO - opcua.client.ua_client - read
2026-09-14 21:01:45,261 - INFO - opcua.uaprotocol - received header: Header(type:b'MSG', chunk_type:b'F', body_size:52, channel:80)
2026-09-14 21:01:47,051 - INFO - opcua.client.ua_client - read
2026-09-14 21:01:47,054 - INFO - opcua.uaprotocol - received header: Header(type:b'MSG', chunk_type:b'F', body_size:62, channel:80)
2026-09-14 21:01:48,462 - INFO - opcua.client.ua_client - read
2026-09-14 21:01:48,466 - INFO - opcua.uaprotocol - received header: Header(type:b'MSG', chunk_type:b'F', body_size:52, channel:80)
2026-09-14 21:01:51,669 - INFO - opcua.client.ua_client - read
2026-09-14 21:01:51,673 - INFO - opcua.uaprotocol - received header: Header(type:b'MSG', chunk_type:b'F', body_size:52, channel:80)
2026-09-14 21:01:52,051 - INFO - opcua.client.ua_client - read
2026-09-14 21:01:52,054 - INFO - opcua.uaprotocol - received header: Header(type:b'MSG', chunk_type:b'F', body_size:62, channel:80)
2026-09-14 21:01:53,447 - INFO - opcua.client.ua_client - read
2026-09-14 21:01:53,452 - INFO - opcua.uaprotocol - received header: Header(type:b'MSG', chunk_type:b'F', body_size:52, channel:80)
2026-09-14 21:01:54,672 - INFO - opcua.client.ua_client - read
2026-09-14 21:01:54,678 - INFO - opcua.uaprotocol - received header: Header(type:b'MSG', chunk_type:b'F', body_size:52, channel:80)
2026-09-14 21:01:54,881 - INFO - opcua.client.ua_client - read
2026-09-14 21:01:54,885 - INFO - opcua.uaprotocol - received header: Header(type:b'MSG', chunk_type:b'F', body_size:52, channel:80)
2026-09-14 21:01:57,051 - INFO - opcua.client.ua_client - read
2026-09-14 21:01:57,054 - INFO - opcua.uaprotocol - received header: Header(type:b'MSG', chunk_type:b'F', body_size:62, channel:80)
2026-09-14 21:01:57,485 - INFO - opcua.client.ua_client.Socket - open_secure_channel
2026-09-14 21:01:57,487 - INFO - opcua.uaprotocol - received header: Header(type:b'OPN', chunk_type:b'F', body_size:123, channel:80)
2026-09-14 21:01:57,487 - INFO - opcua.client.ua_client - read
2026-09-14 21:01:57,491 - INFO - opcua.uaprotocol - received header: Header(type:b'MSG', chunk_type:b'F', body_size:62, channel:80)
2026-09-14 21:01:58,087 - INFO - opcua.client.ua_client - read
2026-09-14 21:01:58,091 - INFO - opcua.uaprotocol - received header: Header(type:b'MSG', chunk_type:b'F', body_size:52, channel:80)
2026-09-14 21:02:01,297 - INFO - opcua.client.ua_client - read
2026-09-14 21:02:01,302 - INFO - opcua.uaprotocol - received header: Header(type:b'MSG', chunk_type:b'F', body_size:52, channel:80)
2026-09-14 21:02:02,051 - INFO - opcua.client.ua_client - read
2026-09-14 21:02:02,054 - INFO - opcua.uaprotocol - received header: Header(type:b'MSG', chunk_type:b'F', body_size:62, channel:80)
2026-09-14 21:02:04,507 - INFO - opcua.client.ua_client - read
2026-09-14 21:02:04,512 - INFO - opcua.uaprotocol - received header: Header(type:b'MSG', chunk_type:b'F', body_size:52, channel:80)
2026-09-14 21:02:07,051 - INFO - opcua.client.ua_client - read
2026-09-14 21:02:07,055 - INFO - opcua.uaprotocol - received header: Header(type:b'MSG', chunk_type:b'F', body_size:62, channel:80)
2026-09-14 21:02:07,714 - INFO - opcua.client.ua_client - read
2026-09-14 21:02:07,719 - INFO - opcua.uaprotocol - received header: Header(type:b'MSG', chunk_type:b'F', body_size:52, channel:80)
2026-09-14 21:02:09,991 - INFO - opcua.client.ua_client - read
2026-09-14 21:02:09,995 - INFO - opcua.uaprotocol - received header: Header(type:b'MSG', chunk_type:b'F', body_size:52, channel:80)
2026-09-14 21:02:10,924 - INFO - opcua.client.ua_client - read
2026-09-14 21:02:10,929 - INFO - opcua.uaprotocol - received header: Header(type:b'MSG', chunk_type:b'F', body_size:52, channel:80)
2026-09-14 21:02:11,201 - INFO - opcua.client.ua_client - read
2026-09-14 21:02:11,205 - INFO - opcua.uaprotocol - received header: Header(type:b'MSG', chunk_type:b'F', body_size:52, channel:80)
2026-09-14 21:02:12,407 - INFO - opcua.client.ua_client - read
2026-09-14 21:02:12,410 - INFO - opcua.uaprotocol - received header: Header(type:b'MSG', chunk_type:b'F', body_size:62, channel:80)
2026-09-14 21:02:14,135 - INFO - opcua.client.ua_client - read
2026-09-14 21:02:14,140 - INFO - opcua.uaprotocol - received header: Header(type:b'MSG', chunk_type:b'F', body_size:52, channel:80)
2026-09-14 21:02:16,489 - INFO - opcua.client.ua_client - read
2026-09-14 21:02:16,493 - INFO - opcua.uaprotocol - received header: Header(type:b'MSG', chunk_type:b'F', body_size:52, channel:80)
2026-09-14 21:02:16,695 - INFO - opcua.client.ua_client - read
2026-09-14 21:02:16,699 - INFO - opcua.uaprotocol - received header: Header(type:b'MSG', chunk_type:b'F', body_size:62, channel:80)
2026-09-14 21:02:18,499 - INFO - opcua.client.ua_client.Socket - open_secure_channel
2026-09-14 21:02:18,501 - INFO - opcua.uaprotocol - received header: Header(type:b'OPN', chunk_type:b'F', body_size:123, channel:80)
2026-09-14 21:02:18,503 - INFO - opcua.client.ua_client - read
2026-09-14 21:02:18,507 - INFO - opcua.uaprotocol - received header: Header(type:b'MSG', chunk_type:b'F', body_size:62, channel:80)
2026-09-14 21:02:19,698 - INFO - opcua.client.ua_client - read
2026-09-14 21:02:19,703 - INFO - opcua.uaprotocol - received header: Header(type:b'MSG', chunk_type:b'F', body_size:52, channel:80)
2026-09-14 21:02:21,200 - INFO - opcua.client.ua_client - close_session
2026-09-14 21:02:21,238 - INFO - opcua.uaprotocol - received header: Header(type:b'MSG', chunk_type:b'F', body_size:40, channel:80)
2026-09-14 21:02:21,238 - INFO - opcua.client.ua_client.Socket - close_secure_channel
2026-09-14 21:02:21,238 - INFO - opcua.client.ua_client.Socket - Request to close socket received
2026-09-14 21:02:21,238 - INFO - opcua.client.ua_client.Socket - Socket closed, waiting for receiver thread to terminate...
2026-09-14 21:02:21,239 - INFO - opcua.client.ua_client.Socket - Socket has closed connection
2026-09-14 21:02:21,239 - INFO - opcua.client.ua_client.Socket - Cancelling request 39
2026-09-14 21:02:21,239 - INFO - opcua.client.ua_client.Socket - Thread ended
2026-09-14 21:02:21,239 - INFO - opcua.client.ua_client.Socket - Done closing socket: Receiving thread terminated, socket disconnected
2026-09-14 21:04:44,882 - INFO - opcua.client.ua_client.Socket - opening connection
2026-09-14 21:04:44,953 - INFO - opcua.client.ua_client.Socket - Thread started
2026-09-14 21:04:44,954 - INFO - opcua.uaprotocol - received header: Header(type:b'ACK', chunk_type:b'F', body_size:20, channel:0)
2026-09-14 21:04:44,954 - INFO - opcua.client.ua_client.Socket - open_secure_channel
2026-09-14 21:04:44,956 - INFO - opcua.uaprotocol - received header: Header(type:b'OPN', chunk_type:b'F', body_size:123, channel:81)
2026-09-14 21:04:44,956 - INFO - opcua.client.ua_client - create_session
2026-09-14 21:04:45,131 - INFO - opcua.uaprotocol - received header: Header(type:b'MSG', chunk_type:b'F', body_size:2464, channel:81)
2026-09-14 21:04:45,131 - INFO - opcua.client.ua_client - activate_session
2026-09-14 21:04:45,136 - INFO - opcua.uaprotocol - received header: Header(type:b'MSG', chunk_type:b'F', body_size:52, channel:81)
2026-09-14 21:04:45,136 - INFO - opcua.client.ua_client - read
2026-09-14 21:04:45,141 - INFO - opcua.uaprotocol - received header: Header(type:b'MSG', chunk_type:b'F', body_size:52, channel:81)
2026-09-14 21:04:45,341 - INFO - opcua.client.ua_client - read
2026-09-14 21:04:45,345 - INFO - opcua.uaprotocol - received header: Header(type:b'MSG', chunk_type:b'F', body_size:52, channel:81)
2026-09-14 21:04:48,344 - INFO - opcua.client.ua_client - read
2026-09-14 21:04:48,350 - INFO - opcua.uaprotocol - received header: Header(type:b'MSG', chunk_type:b'F', body_size:52, channel:81)
2026-09-14 21:04:48,682 - INFO - opcua.client.ua_client - read
2026-09-14 21:04:48,687 - INFO - opcua.uaprotocol - received header: Header(type:b'MSG', chunk_type:b'F', body_size:52, channel:81)
2026-09-14 21:04:49,890 - INFO - opcua.client.ua_client - read
2026-09-14 21:04:49,894 - INFO - opcua.uaprotocol - received header: Header(type:b'MSG', chunk_type:b'F', body_size:52, channel:81)
2026-09-14 21:04:51,100 - INFO - opcua.client.ua_client - read
2026-09-14 21:04:51,107 - INFO - opcua.uaprotocol - received header: Header(type:b'MSG', chunk_type:b'F', body_size:62, channel:81)
2026-09-14 21:04:51,552 - INFO - opcua.client.ua_client - read
2026-09-14 21:04:51,556 - INFO - opcua.uaprotocol - received header: Header(type:b'MSG', chunk_type:b'F', body_size:52, channel:81)
2026-09-14 21:04:53,877 - INFO - opcua.client.ua_client - read
2026-09-14 21:04:53,882 - INFO - opcua.uaprotocol - received header: Header(type:b'MSG', chunk_type:b'F', body_size:52, channel:81)
2026-09-14 21:04:55,221 - INFO - opcua.client.ua_client - read
2026-09-14 21:04:55,225 - INFO - opcua.uaprotocol - received header: Header(type:b'MSG', chunk_type:b'F', body_size:62, channel:81)
2026-09-14 21:04:55,909 - INFO - opcua.client.ua_client - read
2026-09-14 21:04:55,913 - INFO - opcua.uaprotocol - received header: Header(type:b'MSG', chunk_type:b'F', body_size:52, channel:81)
2026-09-14 21:04:57,083 - INFO - opcua.client.ua_client - read
2026-09-14 21:04:57,087 - INFO - opcua.uaprotocol - received header: Header(type:b'MSG', chunk_type:b'F', body_size:52, channel:81)
2026-09-14 21:04:57,287 - INFO - opcua.client.ua_client - read
2026-09-14 21:04:57,292 - INFO - opcua.uaprotocol - received header: Header(type:b'MSG', chunk_type:b'F', body_size:52, channel:81)
2026-09-14 21:05:00,221 - INFO - opcua.client.ua_client - read
2026-09-14 21:05:00,225 - INFO - opcua.uaprotocol - received header: Header(type:b'MSG', chunk_type:b'F', body_size:62, channel:81)
2026-09-14 21:05:00,288 - INFO - opcua.client.ua_client - read
2026-09-14 21:05:00,292 - INFO - opcua.uaprotocol - received header: Header(type:b'MSG', chunk_type:b'F', body_size:52, channel:81)
2026-09-14 21:05:03,494 - INFO - opcua.client.ua_client - read
2026-09-14 21:05:03,498 - INFO - opcua.uaprotocol - received header: Header(type:b'MSG', chunk_type:b'F', body_size:52, channel:81)
2026-09-14 21:05:05,221 - INFO - opcua.client.ua_client - read
2026-09-14 21:05:05,225 - INFO - opcua.uaprotocol - received header: Header(type:b'MSG', chunk_type:b'F', body_size:62, channel:81)
2026-09-14 21:05:06,136 - INFO - opcua.client.ua_client.Socket - open_secure_channel
2026-09-14 21:05:06,138 - INFO - opcua.uaprotocol - received header: Header(type:b'OPN', chunk_type:b'F', body_size:123, channel:81)
2026-09-14 21:05:06,140 - INFO - opcua.client.ua_client - read
2026-09-14 21:05:06,145 - INFO - opcua.uaprotocol - received header: Header(type:b'MSG', chunk_type:b'F', body_size:62, channel:81)
2026-09-14 21:05:06,710 - INFO - opcua.client.ua_client - read
2026-09-14 21:05:06,715 - INFO - opcua.uaprotocol - received header: Header(type:b'MSG', chunk_type:b'F', body_size:52, channel:81)
2026-09-14 21:05:09,920 - INFO - opcua.client.ua_client - read
2026-09-14 21:05:09,924 - INFO - opcua.uaprotocol - received header: Header(type:b'MSG', chunk_type:b'F', body_size:52, channel:81)
2026-09-14 21:05:10,221 - INFO - opcua.client.ua_client - read
2026-09-14 21:05:10,225 - INFO - opcua.uaprotocol - received header: Header(type:b'MSG', chunk_type:b'F', body_size:62, channel:81)
2026-09-14 21:05:13,125 - INFO - opcua.client.ua_client - read
2026-09-14 21:05:13,130 - INFO - opcua.uaprotocol - received header: Header(type:b'MSG', chunk_type:b'F', body_size:52, channel:81)
2026-09-14 21:05:15,221 - INFO - opcua.client.ua_client - read
2026-09-14 21:05:15,225 - INFO - opcua.uaprotocol - received header: Header(type:b'MSG', chunk_type:b'F', body_size:62, channel:81)
2026-09-14 21:05:16,331 - INFO - opcua.client.ua_client - read
2026-09-14 21:05:16,338 - INFO - opcua.uaprotocol - received header: Header(type:b'MSG', chunk_type:b'F', body_size:52, channel:81)
2026-09-14 21:05:19,541 - INFO - opcua.client.ua_client - read
2026-09-14 21:05:19,544 - INFO - opcua.uaprotocol - received header: Header(type:b'MSG', chunk_type:b'F', body_size:52, channel:81)
2026-09-14 21:05:20,221 - INFO - opcua.client.ua_client - read
2026-09-14 21:05:20,224 - INFO - opcua.uaprotocol - received header: Header(type:b'MSG', chunk_type:b'F', body_size:62, channel:81)
2026-09-14 21:05:22,747 - INFO - opcua.client.ua_client - read
2026-09-14 21:05:22,751 - INFO - opcua.uaprotocol - received header: Header(type:b'MSG', chunk_type:b'F', body_size:52, channel:81)
2026-09-14 21:05:24,370 - INFO - opcua.client.ua_client - read
2026-09-14 21:05:24,374 - INFO - opcua.uaprotocol - received header: Header(type:b'MSG', chunk_type:b'F', body_size:62, channel:81)
2026-09-14 21:05:25,101 - INFO - opcua.client.ua_client - read
2026-09-14 21:05:25,105 - INFO - opcua.uaprotocol - received header: Header(type:b'MSG', chunk_type:b'F', body_size:52, channel:81)
2026-09-14 21:05:27,146 - INFO - opcua.client.ua_client.Socket - open_secure_channel
2026-09-14 21:05:27,148 - INFO - opcua.uaprotocol - received header: Header(type:b'OPN', chunk_type:b'F', body_size:123, channel:81)
2026-09-14 21:05:27,150 - INFO - opcua.client.ua_client - read
2026-09-14 21:05:27,153 - INFO - opcua.uaprotocol - received header: Header(type:b'MSG', chunk_type:b'F', body_size:62, channel:81)
2026-09-14 21:05:28,314 - INFO - opcua.client.ua_client - read
2026-09-14 21:05:28,319 - INFO - opcua.uaprotocol - received header: Header(type:b'MSG', chunk_type:b'F', body_size:52, channel:81)
2026-09-14 21:05:29,370 - INFO - opcua.client.ua_client - read
2026-09-14 21:05:29,373 - INFO - opcua.uaprotocol - received header: Header(type:b'MSG', chunk_type:b'F', body_size:62, channel:81)
2026-09-14 21:05:31,521 - INFO - opcua.client.ua_client - read
2026-09-14 21:05:31,525 - INFO - opcua.uaprotocol - received header: Header(type:b'MSG', chunk_type:b'F', body_size:52, channel:81)
2026-09-14 21:05:34,370 - INFO - opcua.client.ua_client - read
2026-09-14 21:05:34,374 - INFO - opcua.uaprotocol - received header: Header(type:b'MSG', chunk_type:b'F', body_size:62, channel:81)
2026-09-14 21:05:34,732 - INFO - opcua.client.ua_client - read
2026-09-14 21:05:34,737 - INFO - opcua.uaprotocol - received header: Header(type:b'MSG', chunk_type:b'F', body_size:52, channel:81)
2026-09-14 21:05:37,941 - INFO - opcua.client.ua_client - read
2026-09-14 21:05:37,946 - INFO - opcua.uaprotocol - received header: Header(type:b'MSG', chunk_type:b'F', body_size:52, channel:81)
2026-09-14 21:05:39,370 - INFO - opcua.client.ua_client - read
2026-09-14 21:05:39,374 - INFO - opcua.uaprotocol - received header: Header(type:b'MSG', chunk_type:b'F', body_size:62, channel:81)
2026-09-14 21:05:41,161 - INFO - opcua.client.ua_client - read
2026-09-14 21:05:41,165 - INFO - opcua.uaprotocol - received header: Header(type:b'MSG', chunk_type:b'F', body_size:52, channel:81)
2026-09-14 21:05:44,370 - INFO - opcua.client.ua_client - read
2026-09-14 21:05:44,373 - INFO - opcua.uaprotocol - received header: Header(type:b'MSG', chunk_type:b'F', body_size:62, channel:81)
2026-09-14 21:05:44,374 - INFO - opcua.client.ua_client - read
2026-09-14 21:05:44,377 - INFO - opcua.uaprotocol - received header: Header(type:b'MSG', chunk_type:b'F', body_size:52, channel:81)
2026-09-14 21:05:47,584 - INFO - opcua.client.ua_client - read
2026-09-14 21:05:47,588 - INFO - opcua.uaprotocol - received header: Header(type:b'MSG', chunk_type:b'F', body_size:52, channel:81)
2026-09-14 21:05:48,158 - INFO - opcua.client.ua_client.Socket - open_secure_channel
2026-09-14 21:05:48,159 - INFO - opcua.uaprotocol - received header: Header(type:b'OPN', chunk_type:b'F', body_size:123, channel:81)
2026-09-14 21:05:48,163 - INFO - opcua.client.ua_client - read
2026-09-14 21:05:48,167 - INFO - opcua.uaprotocol - received header: Header(type:b'MSG', chunk_type:b'F', body_size:62, channel:81)
2026-09-14 21:05:49,370 - INFO - opcua.client.ua_client - read
2026-09-14 21:05:49,373 - INFO - opcua.uaprotocol - received header: Header(type:b'MSG', chunk_type:b'F', body_size:62, channel:81)
2026-09-14 21:05:50,793 - INFO - opcua.client.ua_client - read
2026-09-14 21:05:50,798 - INFO - opcua.uaprotocol - received header: Header(type:b'MSG', chunk_type:b'F', body_size:52, channel:81)
2026-09-14 21:05:53,999 - INFO - opcua.client.ua_client - read
2026-09-14 21:05:54,005 - INFO - opcua.uaprotocol - received header: Header(type:b'MSG', chunk_type:b'F', body_size:52, channel:81)
2026-09-14 21:05:54,370 - INFO - opcua.client.ua_client - read
2026-09-14 21:05:54,373 - INFO - opcua.uaprotocol - received header: Header(type:b'MSG', chunk_type:b'F', body_size:62, channel:81)
2026-09-14 21:05:56,360 - INFO - opcua.client.ua_client - read
2026-09-14 21:05:56,365 - INFO - opcua.uaprotocol - received header: Header(type:b'MSG', chunk_type:b'F', body_size:52, channel:81)
2026-09-14 21:05:58,521 - INFO - opcua.client.ua_client - read
2026-09-14 21:05:58,524 - INFO - opcua.uaprotocol - received header: Header(type:b'MSG', chunk_type:b'F', body_size:62, channel:81)
2026-09-14 21:05:59,576 - INFO - opcua.client.ua_client - read
2026-09-14 21:05:59,582 - INFO - opcua.uaprotocol - received header: Header(type:b'MSG', chunk_type:b'F', body_size:52, channel:81)
2026-09-14 21:06:02,788 - INFO - opcua.client.ua_client - read
2026-09-14 21:06:02,792 - INFO - opcua.uaprotocol - received header: Header(type:b'MSG', chunk_type:b'F', body_size:52, channel:81)
2026-09-14 21:06:03,521 - INFO - opcua.client.ua_client - read
2026-09-14 21:06:03,524 - INFO - opcua.uaprotocol - received header: Header(type:b'MSG', chunk_type:b'F', body_size:62, channel:81)
2026-09-14 21:06:05,995 - INFO - opcua.client.ua_client - read
2026-09-14 21:06:06,000 - INFO - opcua.uaprotocol - received header: Header(type:b'MSG', chunk_type:b'F', body_size:52, channel:81)
2026-09-14 21:06:08,521 - INFO - opcua.client.ua_client - read
2026-09-14 21:06:08,524 - INFO - opcua.uaprotocol - received header: Header(type:b'MSG', chunk_type:b'F', body_size:62, channel:81)
2026-09-14 21:06:09,168 - INFO - opcua.client.ua_client.Socket - open_secure_channel
2026-09-14 21:06:09,172 - INFO - opcua.uaprotocol - received header: Header(type:b'OPN', chunk_type:b'F', body_size:123, channel:81)
2026-09-14 21:06:09,172 - INFO - opcua.client.ua_client - read
2026-09-14 21:06:09,178 - INFO - opcua.uaprotocol - received header: Header(type:b'MSG', chunk_type:b'F', body_size:62, channel:81)
2026-09-14 21:06:09,203 - INFO - opcua.client.ua_client - read
2026-09-14 21:06:09,210 - INFO - opcua.uaprotocol - received header: Header(type:b'MSG', chunk_type:b'F', body_size:52, channel:81)
2026-09-14 21:06:12,413 - INFO - opcua.client.ua_client - read
2026-09-14 21:06:12,417 - INFO - opcua.uaprotocol - received header: Header(type:b'MSG', chunk_type:b'F', body_size:52, channel:81)
2026-09-14 21:06:13,521 - INFO - opcua.client.ua_client - read
2026-09-14 21:06:13,527 - INFO - opcua.uaprotocol - received header: Header(type:b'MSG', chunk_type:b'F', body_size:62, channel:81)
2026-09-14 21:06:15,623 - INFO - opcua.client.ua_client - read
2026-09-14 21:06:15,627 - INFO - opcua.uaprotocol - received header: Header(type:b'MSG', chunk_type:b'F', body_size:52, channel:81)
2026-09-14 21:06:17,520 - INFO - opcua.client.ua_client - close_session
2026-09-14 21:06:17,612 - INFO - opcua.uaprotocol - received header: Header(type:b'MSG', chunk_type:b'F', body_size:40, channel:81)
2026-09-14 21:06:17,612 - INFO - opcua.client.ua_client.Socket - close_secure_channel
2026-09-14 21:06:17,612 - INFO - opcua.client.ua_client.Socket - Request to close socket received
2026-09-14 21:06:17,612 - INFO - opcua.client.ua_client.Socket - Socket closed, waiting for receiver thread to terminate...
2026-09-14 21:06:17,612 - INFO - opcua.client.ua_client.Socket - Socket has closed connection
2026-09-14 21:06:17,613 - INFO - opcua.client.ua_client.Socket - Cancelling request 66
2026-09-14 21:06:17,613 - INFO - opcua.client.ua_client.Socket - Thread ended
2026-09-14 21:06:17,613 - INFO - opcua.client.ua_client.Socket - Done closing socket: Receiving thread terminated, socket disconnected
2026-09-14 21:08:41,442 - INFO - opcua.client.ua_client.Socket - opening connection
2026-09-14 21:08:41,588 - INFO - opcua.client.ua_client.Socket - Thread started
2026-09-14 21:08:41,591 - INFO - opcua.uaprotocol - received header: Header(type:b'ACK', chunk_type:b'F', body_size:20, channel:0)
2026-09-14 21:08:41,591 - INFO - opcua.client.ua_client.Socket - open_secure_channel
2026-09-14 21:08:41,592 - INFO - opcua.uaprotocol - received header: Header(type:b'OPN', chunk_type:b'F', body_size:123, channel:82)
2026-09-14 21:08:41,593 - INFO - opcua.client.ua_client - create_session
2026-09-14 21:08:41,796 - INFO - opcua.uaprotocol - received header: Header(type:b'MSG', chunk_type:b'F', body_size:2464, channel:82)
2026-09-14 21:08:41,797 - INFO - opcua.client.ua_client - activate_session
2026-09-14 21:08:41,800 - INFO - opcua.uaprotocol - received header: Header(type:b'MSG', chunk_type:b'F', body_size:52, channel:82)
2026-09-14 21:08:41,800 - INFO - opcua.client.ua_client - read
2026-09-14 21:08:41,807 - INFO - opcua.uaprotocol - received header: Header(type:b'MSG', chunk_type:b'F', body_size:52, channel:82)
2026-09-14 21:08:42,010 - INFO - opcua.client.ua_client - read
2026-09-14 21:08:42,017 - INFO - opcua.uaprotocol - received header: Header(type:b'MSG', chunk_type:b'F', body_size:52, channel:82)
2026-09-14 21:08:45,011 - INFO - opcua.client.ua_client - read
2026-09-14 21:08:45,015 - INFO - opcua.uaprotocol - received header: Header(type:b'MSG', chunk_type:b'F', body_size:52, channel:82)
2026-09-14 21:08:45,567 - INFO - opcua.client.ua_client - read
2026-09-14 21:08:45,571 - INFO - opcua.uaprotocol - received header: Header(type:b'MSG', chunk_type:b'F', body_size:52, channel:82)
2026-09-14 21:08:45,774 - INFO - opcua.client.ua_client - read
2026-09-14 21:08:45,779 - INFO - opcua.uaprotocol - received header: Header(type:b'MSG', chunk_type:b'F', body_size:52, channel:82)
2026-09-14 21:08:47,218 - INFO - opcua.client.ua_client - read
2026-09-14 21:08:47,224 - INFO - opcua.uaprotocol - received header: Header(type:b'MSG', chunk_type:b'F', body_size:62, channel:82)
2026-09-14 21:08:48,220 - INFO - opcua.client.ua_client - read
2026-09-14 21:08:48,225 - INFO - opcua.uaprotocol - received header: Header(type:b'MSG', chunk_type:b'F', body_size:52, channel:82)
2026-09-14 21:08:51,432 - INFO - opcua.client.ua_client - read
2026-09-14 21:08:51,438 - INFO - opcua.uaprotocol - received header: Header(type:b'MSG', chunk_type:b'F', body_size:52, channel:82)
2026-09-14 21:08:52,218 - INFO - opcua.client.ua_client - read
2026-09-14 21:08:52,222 - INFO - opcua.uaprotocol - received header: Header(type:b'MSG', chunk_type:b'F', body_size:62, channel:82)
2026-09-14 21:08:52,705 - INFO - opcua.client.ua_client - close_session
2026-09-14 21:08:52,742 - INFO - opcua.uaprotocol - received header: Header(type:b'MSG', chunk_type:b'F', body_size:40, channel:82)
2026-09-14 21:08:52,742 - INFO - opcua.client.ua_client.Socket - close_secure_channel
2026-09-14 21:08:52,742 - INFO - opcua.client.ua_client.Socket - Request to close socket received
2026-09-14 21:08:52,742 - INFO - opcua.client.ua_client.Socket - Socket closed, waiting for receiver thread to terminate...
2026-09-14 21:08:52,742 - INFO - opcua.client.ua_client.Socket - Socket has closed connection
2026-09-14 21:08:52,742 - INFO - opcua.client.ua_client.Socket - Cancelling request 14
2026-09-14 21:08:52,742 - INFO - opcua.client.ua_client.Socket - Thread ended
2026-09-14 21:08:52,742 - INFO - opcua.client.ua_client.Socket - Done closing socket: Receiving thread terminated, socket disconnected
2026-09-14 21:09:14,556 - INFO - opcua.client.ua_client.Socket - opening connection
2026-09-14 21:09:14,800 - INFO - opcua.client.ua_client.Socket - Thread started
2026-09-14 21:09:14,801 - INFO - opcua.uaprotocol - received header: Header(type:b'ACK', chunk_type:b'F', body_size:20, channel:0)
2026-09-14 21:09:14,801 - INFO - opcua.client.ua_client.Socket - open_secure_channel
2026-09-14 21:09:14,803 - INFO - opcua.uaprotocol - received header: Header(type:b'OPN', chunk_type:b'F', body_size:123, channel:83)
2026-09-14 21:09:14,803 - INFO - opcua.client.ua_client - create_session
2026-09-14 21:09:14,969 - INFO - opcua.uaprotocol - received header: Header(type:b'MSG', chunk_type:b'F', body_size:2464, channel:83)
2026-09-14 21:09:14,970 - INFO - opcua.client.ua_client - activate_session
2026-09-14 21:09:14,973 - INFO - opcua.uaprotocol - received header: Header(type:b'MSG', chunk_type:b'F', body_size:52, channel:83)
2026-09-14 21:09:14,973 - INFO - opcua.client.ua_client - read
2026-09-14 21:09:14,979 - INFO - opcua.uaprotocol - received header: Header(type:b'MSG', chunk_type:b'F', body_size:52, channel:83)
2026-09-14 21:09:15,179 - INFO - opcua.client.ua_client - read
2026-09-14 21:09:15,188 - INFO - opcua.uaprotocol - received header: Header(type:b'MSG', chunk_type:b'F', body_size:52, channel:83)
2026-09-14 21:09:18,179 - INFO - opcua.client.ua_client - read
2026-09-14 21:09:18,184 - INFO - opcua.uaprotocol - received header: Header(type:b'MSG', chunk_type:b'F', body_size:52, channel:83)
2026-09-14 21:09:19,398 - INFO - opcua.client.ua_client - read
2026-09-14 21:09:19,402 - INFO - opcua.uaprotocol - received header: Header(type:b'MSG', chunk_type:b'F', body_size:52, channel:83)
2026-09-14 21:09:21,385 - INFO - opcua.client.ua_client - read
2026-09-14 21:09:21,391 - INFO - opcua.uaprotocol - received header: Header(type:b'MSG', chunk_type:b'F', body_size:52, channel:83)
2026-09-14 21:09:21,605 - INFO - opcua.client.ua_client - read
2026-09-14 21:09:21,617 - INFO - opcua.uaprotocol - received header: Header(type:b'MSG', chunk_type:b'F', body_size:62, channel:83)
2026-09-14 21:09:24,594 - INFO - opcua.client.ua_client - read
2026-09-14 21:09:24,598 - INFO - opcua.uaprotocol - received header: Header(type:b'MSG', chunk_type:b'F', body_size:52, channel:83)
2026-09-14 21:09:27,628 - INFO - opcua.client.ua_client - read
2026-09-14 21:09:27,631 - INFO - opcua.uaprotocol - received header: Header(type:b'MSG', chunk_type:b'F', body_size:62, channel:83)
2026-09-14 21:09:27,799 - INFO - opcua.client.ua_client - read
2026-09-14 21:09:27,806 - INFO - opcua.uaprotocol - received header: Header(type:b'MSG', chunk_type:b'F', body_size:52, channel:83)
2026-09-14 21:09:31,012 - INFO - opcua.client.ua_client - read
2026-09-14 21:09:31,017 - INFO - opcua.uaprotocol - received header: Header(type:b'MSG', chunk_type:b'F', body_size:52, channel:83)
2026-09-14 21:09:33,635 - INFO - opcua.client.ua_client - read
2026-09-14 21:09:33,639 - INFO - opcua.uaprotocol - received header: Header(type:b'MSG', chunk_type:b'F', body_size:62, channel:83)
2026-09-14 21:09:34,218 - INFO - opcua.client.ua_client - read
2026-09-14 21:09:34,222 - INFO - opcua.uaprotocol - received header: Header(type:b'MSG', chunk_type:b'F', body_size:52, channel:83)
2026-09-14 21:09:35,986 - INFO - opcua.client.ua_client.Socket - open_secure_channel
2026-09-14 21:09:35,988 - INFO - opcua.uaprotocol - received header: Header(type:b'OPN', chunk_type:b'F', body_size:123, channel:83)
2026-09-14 21:09:35,988 - INFO - opcua.client.ua_client - read
2026-09-14 21:09:35,992 - INFO - opcua.uaprotocol - received header: Header(type:b'MSG', chunk_type:b'F', body_size:62, channel:83)
2026-09-14 21:09:36,532 - INFO - opcua.client.ua_client - read
2026-09-14 21:09:36,537 - INFO - opcua.uaprotocol - received header: Header(type:b'MSG', chunk_type:b'F', body_size:52, channel:83)
2026-09-14 21:09:38,769 - INFO - opcua.client.ua_client - read
2026-09-14 21:09:38,773 - INFO - opcua.uaprotocol - received header: Header(type:b'MSG', chunk_type:b'F', body_size:62, channel:83)
2026-09-14 21:09:39,737 - INFO - opcua.client.ua_client - read
2026-09-14 21:09:39,741 - INFO - opcua.uaprotocol - received header: Header(type:b'MSG', chunk_type:b'F', body_size:52, channel:83)
2026-09-14 21:09:42,942 - INFO - opcua.client.ua_client - read
2026-09-14 21:09:42,946 - INFO - opcua.uaprotocol - received header: Header(type:b'MSG', chunk_type:b'F', body_size:52, channel:83)
2026-09-14 21:09:44,774 - INFO - opcua.client.ua_client - read
2026-09-14 21:09:44,779 - INFO - opcua.uaprotocol - received header: Header(type:b'MSG', chunk_type:b'F', body_size:62, channel:83)
2026-09-14 21:09:46,148 - INFO - opcua.client.ua_client - read
2026-09-14 21:09:46,152 - INFO - opcua.uaprotocol - received header: Header(type:b'MSG', chunk_type:b'F', body_size:52, channel:83)
2026-09-14 21:09:49,354 - INFO - opcua.client.ua_client - read
2026-09-14 21:09:49,358 - INFO - opcua.uaprotocol - received header: Header(type:b'MSG', chunk_type:b'F', body_size:52, channel:83)
2026-09-14 21:09:50,803 - INFO - opcua.client.ua_client - read
2026-09-14 21:09:50,814 - INFO - opcua.uaprotocol - received header: Header(type:b'MSG', chunk_type:b'F', body_size:62, channel:83)
2026-09-14 21:09:52,559 - INFO - opcua.client.ua_client - read
2026-09-14 21:09:52,563 - INFO - opcua.uaprotocol - received header: Header(type:b'MSG', chunk_type:b'F', body_size:52, channel:83)
2026-09-14 21:09:55,768 - INFO - opcua.client.ua_client - read
2026-09-14 21:09:55,771 - INFO - opcua.uaprotocol - received header: Header(type:b'MSG', chunk_type:b'F', body_size:52, channel:83)
2026-09-14 21:09:56,825 - INFO - opcua.client.ua_client - read
2026-09-14 21:09:56,828 - INFO - opcua.uaprotocol - received header: Header(type:b'MSG', chunk_type:b'F', body_size:62, channel:83)
2026-09-14 21:09:56,992 - INFO - opcua.client.ua_client.Socket - open_secure_channel
2026-09-14 21:09:56,994 - INFO - opcua.uaprotocol - received header: Header(type:b'OPN', chunk_type:b'F', body_size:123, channel:83)
2026-09-14 21:09:56,994 - INFO - opcua.client.ua_client - read
2026-09-14 21:09:57,000 - INFO - opcua.uaprotocol - received header: Header(type:b'MSG', chunk_type:b'F', body_size:62, channel:83)
2026-09-14 21:09:58,974 - INFO - opcua.client.ua_client - read
2026-09-14 21:09:58,978 - INFO - opcua.uaprotocol - received header: Header(type:b'MSG', chunk_type:b'F', body_size:52, channel:83)
2026-09-14 21:10:02,180 - INFO - opcua.client.ua_client - read
2026-09-14 21:10:02,184 - INFO - opcua.uaprotocol - received header: Header(type:b'MSG', chunk_type:b'F', body_size:52, channel:83)
2026-09-14 21:10:02,829 - INFO - opcua.client.ua_client - read
2026-09-14 21:10:02,833 - INFO - opcua.uaprotocol - received header: Header(type:b'MSG', chunk_type:b'F', body_size:62, channel:83)
2026-09-14 21:10:05,389 - INFO - opcua.client.ua_client - read
2026-09-14 21:10:05,392 - INFO - opcua.uaprotocol - received header: Header(type:b'MSG', chunk_type:b'F', body_size:52, channel:83)
2026-09-14 21:10:07,742 - INFO - opcua.client.ua_client - read
2026-09-14 21:10:07,747 - INFO - opcua.uaprotocol - received header: Header(type:b'MSG', chunk_type:b'F', body_size:52, channel:83)
2026-09-14 21:10:08,001 - INFO - opcua.client.ua_client - read
2026-09-14 21:10:08,005 - INFO - opcua.uaprotocol - received header: Header(type:b'MSG', chunk_type:b'F', body_size:62, channel:83)
2026-09-14 21:10:10,950 - INFO - opcua.client.ua_client - read
2026-09-14 21:10:10,955 - INFO - opcua.uaprotocol - received header: Header(type:b'MSG', chunk_type:b'F', body_size:52, channel:83)
2026-09-14 21:10:14,015 - INFO - opcua.client.ua_client - read
2026-09-14 21:10:14,018 - INFO - opcua.uaprotocol - received header: Header(type:b'MSG', chunk_type:b'F', body_size:62, channel:83)
2026-09-14 21:10:14,156 - INFO - opcua.client.ua_client - read
2026-09-14 21:10:14,160 - INFO - opcua.uaprotocol - received header: Header(type:b'MSG', chunk_type:b'F', body_size:52, channel:83)
2026-09-14 21:10:17,361 - INFO - opcua.client.ua_client - read
2026-09-14 21:10:17,365 - INFO - opcua.uaprotocol - received header: Header(type:b'MSG', chunk_type:b'F', body_size:52, channel:83)
2026-09-14 21:10:18,000 - INFO - opcua.client.ua_client.Socket - open_secure_channel
2026-09-14 21:10:18,002 - INFO - opcua.uaprotocol - received header: Header(type:b'OPN', chunk_type:b'F', body_size:123, channel:83)
2026-09-14 21:10:18,002 - INFO - opcua.client.ua_client - read
2026-09-14 21:10:18,006 - INFO - opcua.uaprotocol - received header: Header(type:b'MSG', chunk_type:b'F', body_size:62, channel:83)
2026-09-14 21:10:20,019 - INFO - opcua.client.ua_client - read
2026-09-14 21:10:20,022 - INFO - opcua.uaprotocol - received header: Header(type:b'MSG', chunk_type:b'F', body_size:62, channel:83)
2026-09-14 21:10:20,566 - INFO - opcua.client.ua_client - read
2026-09-14 21:10:20,570 - INFO - opcua.uaprotocol - received header: Header(type:b'MSG', chunk_type:b'F', body_size:52, channel:83)
2026-09-14 21:10:23,779 - INFO - opcua.client.ua_client - read
2026-09-14 21:10:23,784 - INFO - opcua.uaprotocol - received header: Header(type:b'MSG', chunk_type:b'F', body_size:52, channel:83)
2026-09-14 21:10:26,049 - INFO - opcua.client.ua_client - read
2026-09-14 21:10:26,053 - INFO - opcua.uaprotocol - received header: Header(type:b'MSG', chunk_type:b'F', body_size:62, channel:83)
2026-09-14 21:10:26,984 - INFO - opcua.client.ua_client - read
2026-09-14 21:10:26,989 - INFO - opcua.uaprotocol - received header: Header(type:b'MSG', chunk_type:b'F', body_size:52, channel:83)
2026-09-14 21:10:30,192 - INFO - opcua.client.ua_client - read
2026-09-14 21:10:30,196 - INFO - opcua.uaprotocol - received header: Header(type:b'MSG', chunk_type:b'F', body_size:52, channel:83)
2026-09-14 21:10:32,076 - INFO - opcua.client.ua_client - read
2026-09-14 21:10:32,079 - INFO - opcua.uaprotocol - received header: Header(type:b'MSG', chunk_type:b'F', body_size:62, channel:83)
2026-09-14 21:10:33,399 - INFO - opcua.client.ua_client - read
2026-09-14 21:10:33,403 - INFO - opcua.uaprotocol - received header: Header(type:b'MSG', chunk_type:b'F', body_size:52, channel:83)
2026-09-14 21:10:36,608 - INFO - opcua.client.ua_client - read
2026-09-14 21:10:36,614 - INFO - opcua.uaprotocol - received header: Header(type:b'MSG', chunk_type:b'F', body_size:52, channel:83)
2026-09-14 21:10:38,081 - INFO - opcua.client.ua_client - read
2026-09-14 21:10:38,084 - INFO - opcua.uaprotocol - received header: Header(type:b'MSG', chunk_type:b'F', body_size:62, channel:83)
2026-09-14 21:10:39,007 - INFO - opcua.client.ua_client.Socket - open_secure_channel
2026-09-14 21:10:39,008 - INFO - opcua.uaprotocol - received header: Header(type:b'OPN', chunk_type:b'F', body_size:123, channel:83)
2026-09-14 21:10:39,008 - INFO - opcua.client.ua_client - read
2026-09-14 21:10:39,011 - INFO - opcua.uaprotocol - received header: Header(type:b'MSG', chunk_type:b'F', body_size:62, channel:83)
2026-09-14 21:10:38,960 - INFO - opcua.client.ua_client - read
2026-09-14 21:10:38,966 - INFO - opcua.uaprotocol - received header: Header(type:b'MSG', chunk_type:b'F', body_size:52, channel:83)
2026-09-14 21:10:42,166 - INFO - opcua.client.ua_client - read
2026-09-14 21:10:42,171 - INFO - opcua.uaprotocol - received header: Header(type:b'MSG', chunk_type:b'F', body_size:52, channel:83)
2026-09-14 21:10:43,231 - INFO - opcua.client.ua_client - read
2026-09-14 21:10:43,234 - INFO - opcua.uaprotocol - received header: Header(type:b'MSG', chunk_type:b'F', body_size:62, channel:83)
2026-09-14 21:10:45,372 - INFO - opcua.client.ua_client - read
2026-09-14 21:10:45,376 - INFO - opcua.uaprotocol - received header: Header(type:b'MSG', chunk_type:b'F', body_size:52, channel:83)
2026-09-14 21:10:48,577 - INFO - opcua.client.ua_client - read
2026-09-14 21:10:48,582 - INFO - opcua.uaprotocol - received header: Header(type:b'MSG', chunk_type:b'F', body_size:52, channel:83)
2026-09-14 21:10:49,247 - INFO - opcua.client.ua_client - read
2026-09-14 21:10:49,252 - INFO - opcua.uaprotocol - received header: Header(type:b'MSG', chunk_type:b'F', body_size:62, channel:83)
2026-09-14 21:10:51,786 - INFO - opcua.client.ua_client - read
2026-09-14 21:10:51,790 - INFO - opcua.uaprotocol - received header: Header(type:b'MSG', chunk_type:b'F', body_size:52, channel:83)
2026-09-14 21:10:55,012 - INFO - opcua.client.ua_client - read
2026-09-14 21:10:55,018 - INFO - opcua.uaprotocol - received header: Header(type:b'MSG', chunk_type:b'F', body_size:52, channel:83)
2026-09-14 21:10:55,263 - INFO - opcua.client.ua_client - read
2026-09-14 21:10:55,267 - INFO - opcua.uaprotocol - received header: Header(type:b'MSG', chunk_type:b'F', body_size:62, channel:83)
2026-09-14 21:10:58,222 - INFO - opcua.client.ua_client - read
2026-09-14 21:10:58,227 - INFO - opcua.uaprotocol - received header: Header(type:b'MSG', chunk_type:b'F', body_size:52, channel:83)
2026-09-14 21:11:00,017 - INFO - opcua.client.ua_client.Socket - open_secure_channel
2026-09-14 21:11:00,020 - INFO - opcua.uaprotocol - received header: Header(type:b'OPN', chunk_type:b'F', body_size:123, channel:83)
2026-09-14 21:11:00,020 - INFO - opcua.client.ua_client - read
2026-09-14 21:11:00,026 - INFO - opcua.uaprotocol - received header: Header(type:b'MSG', chunk_type:b'F', body_size:62, channel:83)
2026-09-14 21:11:01,276 - INFO - opcua.client.ua_client - read
2026-09-14 21:11:01,281 - INFO - opcua.uaprotocol - received header: Header(type:b'MSG', chunk_type:b'F', body_size:62, channel:83)
2026-09-14 21:11:01,429 - INFO - opcua.client.ua_client - read
2026-09-14 21:11:01,435 - INFO - opcua.uaprotocol - received header: Header(type:b'MSG', chunk_type:b'F', body_size:52, channel:83)
2026-09-14 21:11:04,638 - INFO - opcua.client.ua_client - read
2026-09-14 21:11:04,642 - INFO - opcua.uaprotocol - received header: Header(type:b'MSG', chunk_type:b'F', body_size:52, channel:83)
2026-09-14 21:11:07,282 - INFO - opcua.client.ua_client - read
2026-09-14 21:11:07,286 - INFO - opcua.uaprotocol - received header: Header(type:b'MSG', chunk_type:b'F', body_size:62, channel:83)
2026-09-14 21:11:07,844 - INFO - opcua.client.ua_client - read
2026-09-14 21:11:07,848 - INFO - opcua.uaprotocol - received header: Header(type:b'MSG', chunk_type:b'F', body_size:52, channel:83)
2026-09-14 21:11:10,189 - INFO - opcua.client.ua_client - read
2026-09-14 21:11:10,193 - INFO - opcua.uaprotocol - received header: Header(type:b'MSG', chunk_type:b'F', body_size:52, channel:83)
2026-09-14 21:11:12,427 - INFO - opcua.client.ua_client - read
2026-09-14 21:11:12,430 - INFO - opcua.uaprotocol - received header: Header(type:b'MSG', chunk_type:b'F', body_size:62, channel:83)
2026-09-14 21:11:13,394 - INFO - opcua.client.ua_client - read
2026-09-14 21:11:13,398 - INFO - opcua.uaprotocol - received header: Header(type:b'MSG', chunk_type:b'F', body_size:52, channel:83)
2026-09-14 21:11:16,598 - INFO - opcua.client.ua_client - read
2026-09-14 21:11:16,602 - INFO - opcua.uaprotocol - received header: Header(type:b'MSG', chunk_type:b'F', body_size:52, channel:83)
2026-09-14 21:11:18,432 - INFO - opcua.client.ua_client - read
2026-09-14 21:11:18,435 - INFO - opcua.uaprotocol - received header: Header(type:b'MSG', chunk_type:b'F', body_size:62, channel:83)
2026-09-14 21:11:19,803 - INFO - opcua.client.ua_client - read
2026-09-14 21:11:19,807 - INFO - opcua.uaprotocol - received header: Header(type:b'MSG', chunk_type:b'F', body_size:52, channel:83)
2026-09-14 21:11:21,030 - INFO - opcua.client.ua_client.Socket - open_secure_channel
2026-09-14 21:11:21,031 - INFO - opcua.uaprotocol - received header: Header(type:b'OPN', chunk_type:b'F', body_size:123, channel:83)
2026-09-14 21:11:21,032 - INFO - opcua.client.ua_client - read
2026-09-14 21:11:21,035 - INFO - opcua.uaprotocol - received header: Header(type:b'MSG', chunk_type:b'F', body_size:62, channel:83)
2026-09-14 21:11:23,008 - INFO - opcua.client.ua_client - read
2026-09-14 21:11:23,012 - INFO - opcua.uaprotocol - received header: Header(type:b'MSG', chunk_type:b'F', body_size:52, channel:83)
2026-09-14 21:11:24,438 - INFO - opcua.client.ua_client - read
2026-09-14 21:11:24,442 - INFO - opcua.uaprotocol - received header: Header(type:b'MSG', chunk_type:b'F', body_size:62, channel:83)
2026-09-14 21:11:26,213 - INFO - opcua.client.ua_client - read
2026-09-14 21:11:26,219 - INFO - opcua.uaprotocol - received header: Header(type:b'MSG', chunk_type:b'F', body_size:52, channel:83)
2026-09-14 21:11:29,421 - INFO - opcua.client.ua_client - read
2026-09-14 21:11:29,425 - INFO - opcua.uaprotocol - received header: Header(type:b'MSG', chunk_type:b'F', body_size:52, channel:83)
2026-09-14 21:11:30,447 - INFO - opcua.client.ua_client - read
2026-09-14 21:11:30,451 - INFO - opcua.uaprotocol - received header: Header(type:b'MSG', chunk_type:b'F', body_size:62, channel:83)
2026-09-14 21:11:32,641 - INFO - opcua.client.ua_client - read
2026-09-14 21:11:32,644 - INFO - opcua.uaprotocol - received header: Header(type:b'MSG', chunk_type:b'F', body_size:52, channel:83)
2026-09-14 21:11:35,847 - INFO - opcua.client.ua_client - read
2026-09-14 21:11:35,851 - INFO - opcua.uaprotocol - received header: Header(type:b'MSG', chunk_type:b'F', body_size:52, channel:83)
2026-09-14 21:11:36,453 - INFO - opcua.client.ua_client - read
2026-09-14 21:11:36,457 - INFO - opcua.uaprotocol - received header: Header(type:b'MSG', chunk_type:b'F', body_size:62, channel:83)
2026-09-14 21:11:39,053 - INFO - opcua.client.ua_client - read
2026-09-14 21:11:39,057 - INFO - opcua.uaprotocol - received header: Header(type:b'MSG', chunk_type:b'F', body_size:52, channel:83)
2026-09-14 21:11:41,408 - INFO - opcua.client.ua_client - read
2026-09-14 21:11:41,411 - INFO - opcua.uaprotocol - received header: Header(type:b'MSG', chunk_type:b'F', body_size:52, channel:83)
2026-09-14 21:11:41,612 - INFO - opcua.client.ua_client - read
2026-09-14 21:11:41,615 - INFO - opcua.uaprotocol - received header: Header(type:b'MSG', chunk_type:b'F', body_size:62, channel:83)
2026-09-14 21:11:42,036 - INFO - opcua.client.ua_client.Socket - open_secure_channel
2026-09-14 21:11:42,037 - INFO - opcua.uaprotocol - received header: Header(type:b'OPN', chunk_type:b'F', body_size:123, channel:83)
2026-09-14 21:11:42,038 - INFO - opcua.client.ua_client - read
2026-09-14 21:11:42,040 - INFO - opcua.uaprotocol - received header: Header(type:b'MSG', chunk_type:b'F', body_size:62, channel:83)
2026-09-14 21:11:44,615 - INFO - opcua.client.ua_client - read
2026-09-14 21:11:44,619 - INFO - opcua.uaprotocol - received header: Header(type:b'MSG', chunk_type:b'F', body_size:52, channel:83)
2026-09-14 21:11:47,623 - INFO - opcua.client.ua_client - read
2026-09-14 21:11:47,627 - INFO - opcua.uaprotocol - received header: Header(type:b'MSG', chunk_type:b'F', body_size:62, channel:83)
2026-09-14 21:11:47,819 - INFO - opcua.client.ua_client - read
2026-09-14 21:11:47,824 - INFO - opcua.uaprotocol - received header: Header(type:b'MSG', chunk_type:b'F', body_size:52, channel:83)
2026-09-14 21:11:51,030 - INFO - opcua.client.ua_client - read
2026-09-14 21:11:51,034 - INFO - opcua.uaprotocol - received header: Header(type:b'MSG', chunk_type:b'F', body_size:52, channel:83)
2026-09-14 21:11:53,629 - INFO - opcua.client.ua_client - read
2026-09-14 21:11:53,633 - INFO - opcua.uaprotocol - received header: Header(type:b'MSG', chunk_type:b'F', body_size:62, channel:83)
2026-09-14 21:11:54,235 - INFO - opcua.client.ua_client - read
2026-09-14 21:11:54,240 - INFO - opcua.uaprotocol - received header: Header(type:b'MSG', chunk_type:b'F', body_size:52, channel:83)
2026-09-14 21:11:57,444 - INFO - opcua.client.ua_client - read
2026-09-14 21:11:57,448 - INFO - opcua.uaprotocol - received header: Header(type:b'MSG', chunk_type:b'F', body_size:52, channel:83)
2026-09-14 21:11:59,634 - INFO - opcua.client.ua_client - read
2026-09-14 21:11:59,637 - INFO - opcua.uaprotocol - received header: Header(type:b'MSG', chunk_type:b'F', body_size:62, channel:83)
2026-09-14 21:12:00,649 - INFO - opcua.client.ua_client - read
2026-09-14 21:12:00,653 - INFO - opcua.uaprotocol - received header: Header(type:b'MSG', chunk_type:b'F', body_size:52, channel:83)
2026-09-14 21:12:03,048 - INFO - opcua.client.ua_client.Socket - open_secure_channel
2026-09-14 21:12:03,050 - INFO - opcua.uaprotocol - received header: Header(type:b'OPN', chunk_type:b'F', body_size:123, channel:83)
2026-09-14 21:12:03,050 - INFO - opcua.client.ua_client - read
2026-09-14 21:12:03,054 - INFO - opcua.uaprotocol - received header: Header(type:b'MSG', chunk_type:b'F', body_size:62, channel:83)
2026-09-14 21:12:03,853 - INFO - opcua.client.ua_client - read
2026-09-14 21:12:03,858 - INFO - opcua.uaprotocol - received header: Header(type:b'MSG', chunk_type:b'F', body_size:52, channel:83)
2026-09-14 21:12:05,638 - INFO - opcua.client.ua_client - read
2026-09-14 21:12:05,642 - INFO - opcua.uaprotocol - received header: Header(type:b'MSG', chunk_type:b'F', body_size:62, channel:83)
2026-09-14 21:12:07,058 - INFO - opcua.client.ua_client - read
2026-09-14 21:12:07,062 - INFO - opcua.uaprotocol - received header: Header(type:b'MSG', chunk_type:b'F', body_size:52, channel:83)
2026-09-14 21:12:10,263 - INFO - opcua.client.ua_client - read
2026-09-14 21:12:10,266 - INFO - opcua.uaprotocol - received header: Header(type:b'MSG', chunk_type:b'F', body_size:52, channel:83)
2026-09-14 21:12:11,642 - INFO - opcua.client.ua_client - read
2026-09-14 21:12:11,646 - INFO - opcua.uaprotocol - received header: Header(type:b'MSG', chunk_type:b'F', body_size:62, channel:83)
2026-09-14 21:12:12,609 - INFO - opcua.client.ua_client - read
2026-09-14 21:12:12,613 - INFO - opcua.uaprotocol - received header: Header(type:b'MSG', chunk_type:b'F', body_size:52, channel:83)
2026-09-14 21:12:15,814 - INFO - opcua.client.ua_client - read
2026-09-14 21:12:15,818 - INFO - opcua.uaprotocol - received header: Header(type:b'MSG', chunk_type:b'F', body_size:52, channel:83)
2026-09-14 21:12:16,790 - INFO - opcua.client.ua_client - read
2026-09-14 21:12:16,794 - INFO - opcua.uaprotocol - received header: Header(type:b'MSG', chunk_type:b'F', body_size:62, channel:83)
2026-09-14 21:12:19,024 - INFO - opcua.client.ua_client - read
2026-09-14 21:12:19,028 - INFO - opcua.uaprotocol - received header: Header(type:b'MSG', chunk_type:b'F', body_size:52, channel:83)
2026-09-14 21:12:22,231 - INFO - opcua.client.ua_client - read
2026-09-14 21:12:22,235 - INFO - opcua.uaprotocol - received header: Header(type:b'MSG', chunk_type:b'F', body_size:52, channel:83)
2026-09-14 21:12:22,807 - INFO - opcua.client.ua_client - read
2026-09-14 21:12:22,812 - INFO - opcua.uaprotocol - received header: Header(type:b'MSG', chunk_type:b'F', body_size:62, channel:83)
2026-09-14 21:12:24,057 - INFO - opcua.client.ua_client.Socket - open_secure_channel
2026-09-14 21:12:24,059 - INFO - opcua.uaprotocol - received header: Header(type:b'OPN', chunk_type:b'F', body_size:123, channel:83)
2026-09-14 21:12:24,059 - INFO - opcua.client.ua_client - read
2026-09-14 21:12:24,062 - INFO - opcua.uaprotocol - received header: Header(type:b'MSG', chunk_type:b'F', body_size:62, channel:83)
2026-09-14 21:12:25,444 - INFO - opcua.client.ua_client - read
2026-09-14 21:12:25,450 - INFO - opcua.uaprotocol - received header: Header(type:b'MSG', chunk_type:b'F', body_size:52, channel:83)
2026-09-14 21:12:28,654 - INFO - opcua.client.ua_client - read
2026-09-14 21:12:28,658 - INFO - opcua.uaprotocol - received header: Header(type:b'MSG', chunk_type:b'F', body_size:52, channel:83)
2026-09-14 21:12:28,858 - INFO - opcua.client.ua_client - read
2026-09-14 21:12:28,862 - INFO - opcua.uaprotocol - received header: Header(type:b'MSG', chunk_type:b'F', body_size:62, channel:83)
2026-09-14 21:12:31,864 - INFO - opcua.client.ua_client - read
2026-09-14 21:12:31,868 - INFO - opcua.uaprotocol - received header: Header(type:b'MSG', chunk_type:b'F', body_size:52, channel:83)
2026-09-14 21:12:34,866 - INFO - opcua.client.ua_client - read
2026-09-14 21:12:34,871 - INFO - opcua.uaprotocol - received header: Header(type:b'MSG', chunk_type:b'F', body_size:62, channel:83)
2026-09-14 21:12:35,069 - INFO - opcua.client.ua_client - read
2026-09-14 21:12:35,072 - INFO - opcua.uaprotocol - received header: Header(type:b'MSG', chunk_type:b'F', body_size:52, channel:83)
2026-09-14 21:12:38,273 - INFO - opcua.client.ua_client - read
2026-09-14 21:12:38,277 - INFO - opcua.uaprotocol - received header: Header(type:b'MSG', chunk_type:b'F', body_size:52, channel:83)
2026-09-14 21:12:40,877 - INFO - opcua.client.ua_client - read
2026-09-14 21:12:40,880 - INFO - opcua.uaprotocol - received header: Header(type:b'MSG', chunk_type:b'F', body_size:62, channel:83)
2026-09-14 21:12:41,486 - INFO - opcua.client.ua_client - read
2026-09-14 21:12:41,489 - INFO - opcua.uaprotocol - received header: Header(type:b'MSG', chunk_type:b'F', body_size:52, channel:83)
2026-09-14 21:12:43,827 - INFO - opcua.client.ua_client - read
2026-09-14 21:12:43,831 - INFO - opcua.uaprotocol - received header: Header(type:b'MSG', chunk_type:b'F', body_size:52, channel:83)
2026-09-14 21:12:45,068 - INFO - opcua.client.ua_client.Socket - open_secure_channel
2026-09-14 21:12:45,070 - INFO - opcua.uaprotocol - received header: Header(type:b'OPN', chunk_type:b'F', body_size:123, channel:83)
2026-09-14 21:12:45,070 - INFO - opcua.client.ua_client - read
2026-09-14 21:12:45,073 - INFO - opcua.uaprotocol - received header: Header(type:b'MSG', chunk_type:b'F', body_size:62, channel:83)
2026-09-14 21:12:46,018 - INFO - opcua.client.ua_client - read
2026-09-14 21:12:46,022 - INFO - opcua.uaprotocol - received header: Header(type:b'MSG', chunk_type:b'F', body_size:62, channel:83)
2026-09-14 21:12:47,032 - INFO - opcua.client.ua_client - read
2026-09-14 21:12:47,035 - INFO - opcua.uaprotocol - received header: Header(type:b'MSG', chunk_type:b'F', body_size:52, channel:83)
2026-09-14 21:12:50,236 - INFO - opcua.client.ua_client - read
2026-09-14 21:12:50,240 - INFO - opcua.uaprotocol - received header: Header(type:b'MSG', chunk_type:b'F', body_size:52, channel:83)
2026-09-14 21:12:52,024 - INFO - opcua.client.ua_client - read
2026-09-14 21:12:52,030 - INFO - opcua.uaprotocol - received header: Header(type:b'MSG', chunk_type:b'F', body_size:62, channel:83)
2026-09-14 21:12:53,443 - INFO - opcua.client.ua_client - read
2026-09-14 21:12:53,448 - INFO - opcua.uaprotocol - received header: Header(type:b'MSG', chunk_type:b'F', body_size:52, channel:83)
2026-09-14 21:12:56,649 - INFO - opcua.client.ua_client - read
2026-09-14 21:12:56,653 - INFO - opcua.uaprotocol - received header: Header(type:b'MSG', chunk_type:b'F', body_size:52, channel:83)
2026-09-14 21:12:58,040 - INFO - opcua.client.ua_client - read
2026-09-14 21:12:58,044 - INFO - opcua.uaprotocol - received header: Header(type:b'MSG', chunk_type:b'F', body_size:62, channel:83)
2026-09-14 21:12:59,854 - INFO - opcua.client.ua_client - read
2026-09-14 21:12:59,858 - INFO - opcua.uaprotocol - received header: Header(type:b'MSG', chunk_type:b'F', body_size:52, channel:83)
2026-09-14 21:13:03,070 - INFO - opcua.client.ua_client - read
2026-09-14 21:13:03,073 - INFO - opcua.uaprotocol - received header: Header(type:b'MSG', chunk_type:b'F', body_size:52, channel:83)
2026-09-14 21:13:04,051 - INFO - opcua.client.ua_client - read
2026-09-14 21:13:04,055 - INFO - opcua.uaprotocol - received header: Header(type:b'MSG', chunk_type:b'F', body_size:62, channel:83)
2026-09-14 21:13:06,082 - INFO - opcua.client.ua_client.Socket - open_secure_channel
2026-09-14 21:13:06,083 - INFO - opcua.uaprotocol - received header: Header(type:b'OPN', chunk_type:b'F', body_size:123, channel:83)
2026-09-14 21:13:06,084 - INFO - opcua.client.ua_client - read
2026-09-14 21:13:06,088 - INFO - opcua.uaprotocol - received header: Header(type:b'MSG', chunk_type:b'F', body_size:62, channel:83)
2026-09-14 21:13:06,274 - INFO - opcua.client.ua_client - read
2026-09-14 21:13:06,278 - INFO - opcua.uaprotocol - received header: Header(type:b'MSG', chunk_type:b'F', body_size:52, channel:83)
2026-09-14 21:13:09,482 - INFO - opcua.client.ua_client - read
2026-09-14 21:13:09,486 - INFO - opcua.uaprotocol - received header: Header(type:b'MSG', chunk_type:b'F', body_size:52, channel:83)
2026-09-14 21:13:10,068 - INFO - opcua.client.ua_client - read
2026-09-14 21:13:10,072 - INFO - opcua.uaprotocol - received header: Header(type:b'MSG', chunk_type:b'F', body_size:62, channel:83)
2026-09-14 21:13:12,690 - INFO - opcua.client.ua_client - read
2026-09-14 21:13:12,694 - INFO - opcua.uaprotocol - received header: Header(type:b'MSG', chunk_type:b'F', body_size:52, channel:83)
2026-09-14 21:13:15,896 - INFO - opcua.client.ua_client - read
2026-09-14 21:13:15,900 - INFO - opcua.uaprotocol - received header: Header(type:b'MSG', chunk_type:b'F', body_size:52, channel:83)
2026-09-14 21:13:15,220 - INFO - opcua.client.ua_client - read
2026-09-14 21:13:15,224 - INFO - opcua.uaprotocol - received header: Header(type:b'MSG', chunk_type:b'F', body_size:62, channel:83)
2026-09-14 21:13:18,221 - INFO - opcua.client.ua_client - read
2026-09-14 21:13:18,224 - INFO - opcua.uaprotocol - received header: Header(type:b'MSG', chunk_type:b'F', body_size:52, channel:83)
2026-09-14 21:13:21,231 - INFO - opcua.client.ua_client - read
2026-09-14 21:13:21,235 - INFO - opcua.uaprotocol - received header: Header(type:b'MSG', chunk_type:b'F', body_size:62, channel:83)
2026-09-14 21:13:21,425 - INFO - opcua.client.ua_client - read
2026-09-14 21:13:21,430 - INFO - opcua.uaprotocol - received header: Header(type:b'MSG', chunk_type:b'F', body_size:52, channel:83)
2026-09-14 21:13:24,632 - INFO - opcua.client.ua_client - read
2026-09-14 21:13:24,637 - INFO - opcua.uaprotocol - received header: Header(type:b'MSG', chunk_type:b'F', body_size:52, channel:83)
2026-09-14 21:13:27,089 - INFO - opcua.client.ua_client.Socket - open_secure_channel
2026-09-14 21:13:27,091 - INFO - opcua.uaprotocol - received header: Header(type:b'OPN', chunk_type:b'F', body_size:123, channel:83)
2026-09-14 21:13:27,092 - INFO - opcua.client.ua_client - read
2026-09-14 21:13:27,095 - INFO - opcua.uaprotocol - received header: Header(type:b'MSG', chunk_type:b'F', body_size:62, channel:83)
2026-09-14 21:13:27,236 - INFO - opcua.client.ua_client - read
2026-09-14 21:13:27,239 - INFO - opcua.uaprotocol - received header: Header(type:b'MSG', chunk_type:b'F', body_size:62, channel:83)
2026-09-14 21:13:27,837 - INFO - opcua.client.ua_client - read
2026-09-14 21:13:27,841 - INFO - opcua.uaprotocol - received header: Header(type:b'MSG', chunk_type:b'F', body_size:52, channel:83)
2026-09-14 21:13:31,042 - INFO - opcua.client.ua_client - read
2026-09-14 21:13:31,046 - INFO - opcua.uaprotocol - received header: Header(type:b'MSG', chunk_type:b'F', body_size:52, channel:83)
2026-09-14 21:13:33,240 - INFO - opcua.client.ua_client - read
2026-09-14 21:13:33,244 - INFO - opcua.uaprotocol - received header: Header(type:b'MSG', chunk_type:b'F', body_size:62, channel:83)
2026-09-14 21:13:34,249 - INFO - opcua.client.ua_client - read
2026-09-14 21:13:34,254 - INFO - opcua.uaprotocol - received header: Header(type:b'MSG', chunk_type:b'F', body_size:52, channel:83)
2026-09-14 21:13:37,456 - INFO - opcua.client.ua_client - read
2026-09-14 21:13:37,460 - INFO - opcua.uaprotocol - received header: Header(type:b'MSG', chunk_type:b'F', body_size:52, channel:83)
2026-09-14 21:13:39,266 - INFO - opcua.client.ua_client - read
2026-09-14 21:13:39,269 - INFO - opcua.uaprotocol - received header: Header(type:b'MSG', chunk_type:b'F', body_size:62, channel:83)
2026-09-14 21:13:40,666 - INFO - opcua.client.ua_client - read
2026-09-14 21:13:40,670 - INFO - opcua.uaprotocol - received header: Header(type:b'MSG', chunk_type:b'F', body_size:52, channel:83)
2026-09-14 21:13:43,870 - INFO - opcua.client.ua_client - read
2026-09-14 21:13:43,874 - INFO - opcua.uaprotocol - received header: Header(type:b'MSG', chunk_type:b'F', body_size:52, channel:83)
2026-09-14 21:13:45,273 - INFO - opcua.client.ua_client - read
2026-09-14 21:13:45,277 - INFO - opcua.uaprotocol - received header: Header(type:b'MSG', chunk_type:b'F', body_size:62, channel:83)
2026-09-14 21:13:47,075 - INFO - opcua.client.ua_client - read
2026-09-14 21:13:47,079 - INFO - opcua.uaprotocol - received header: Header(type:b'MSG', chunk_type:b'F', body_size:52, channel:83)
2026-09-14 21:13:48,095 - INFO - opcua.client.ua_client.Socket - open_secure_channel
2026-09-14 21:13:48,097 - INFO - opcua.uaprotocol - received header: Header(type:b'OPN', chunk_type:b'F', body_size:123, channel:83)
2026-09-14 21:13:48,097 - INFO - opcua.client.ua_client - read
2026-09-14 21:13:48,100 - INFO - opcua.uaprotocol - received header: Header(type:b'MSG', chunk_type:b'F', body_size:62, channel:83)
2026-09-14 21:13:49,383 - INFO - opcua.client.ua_client - read
2026-09-14 21:13:49,387 - INFO - opcua.uaprotocol - received header: Header(type:b'MSG', chunk_type:b'F', body_size:52, channel:83)
2026-09-14 21:13:50,380 - INFO - opcua.client.ua_client - read
2026-09-14 21:13:50,383 - INFO - opcua.uaprotocol - received header: Header(type:b'MSG', chunk_type:b'F', body_size:62, channel:83)
2026-09-14 21:13:52,588 - INFO - opcua.client.ua_client - read
2026-09-14 21:13:52,593 - INFO - opcua.uaprotocol - received header: Header(type:b'MSG', chunk_type:b'F', body_size:52, channel:83)
2026-09-14 21:13:55,797 - INFO - opcua.client.ua_client - read
2026-09-14 21:13:55,801 - INFO - opcua.uaprotocol - received header: Header(type:b'MSG', chunk_type:b'F', body_size:52, channel:83)
2026-09-14 21:13:56,388 - INFO - opcua.client.ua_client - read
2026-09-14 21:13:56,392 - INFO - opcua.uaprotocol - received header: Header(type:b'MSG', chunk_type:b'F', body_size:62, channel:83)
2026-09-14 21:13:58,094 - INFO - opcua.client.ua_client - close_session
2026-09-14 21:13:58,132 - INFO - opcua.uaprotocol - received header: Header(type:b'MSG', chunk_type:b'F', body_size:40, channel:83)
2026-09-14 21:13:58,132 - INFO - opcua.client.ua_client.Socket - close_secure_channel
2026-09-14 21:13:58,132 - INFO - opcua.client.ua_client.Socket - Request to close socket received
2026-09-14 21:13:58,132 - INFO - opcua.client.ua_client.Socket - Socket closed, waiting for receiver thread to terminate...
2026-09-14 21:13:58,132 - INFO - opcua.client.ua_client.Socket - Socket has closed connection
2026-09-14 21:13:58,132 - INFO - opcua.client.ua_client.Socket - Cancelling request 172
2026-09-14 21:13:58,132 - INFO - opcua.client.ua_client.Socket - Thread ended
2026-09-14 21:13:58,132 - INFO - opcua.client.ua_client.Socket - Done closing socket: Receiving thread terminated, socket disconnected
2026-09-14 21:15:03,648 - INFO - opcua.client.ua_client.Socket - opening connection
2026-09-14 21:15:03,777 - INFO - opcua.client.ua_client.Socket - Thread started
2026-09-14 21:15:03,779 - INFO - opcua.uaprotocol - received header: Header(type:b'ACK', chunk_type:b'F', body_size:20, channel:0)
2026-09-14 21:15:03,779 - INFO - opcua.client.ua_client.Socket - open_secure_channel
2026-09-14 21:15:03,780 - INFO - opcua.uaprotocol - received header: Header(type:b'OPN', chunk_type:b'F', body_size:123, channel:84)
2026-09-14 21:15:03,781 - INFO - opcua.client.ua_client - create_session
2026-09-14 21:15:03,953 - INFO - opcua.uaprotocol - received header: Header(type:b'MSG', chunk_type:b'F', body_size:2464, channel:84)
2026-09-14 21:15:03,954 - INFO - opcua.client.ua_client - activate_session
2026-09-14 21:15:03,957 - INFO - opcua.uaprotocol - received header: Header(type:b'MSG', chunk_type:b'F', body_size:52, channel:84)
2026-09-14 21:15:03,958 - INFO - opcua.client.ua_client - read
2026-09-14 21:15:03,965 - INFO - opcua.uaprotocol - received header: Header(type:b'MSG', chunk_type:b'F', body_size:52, channel:84)
2026-09-14 21:15:04,165 - INFO - opcua.client.ua_client - read
2026-09-14 21:15:04,171 - INFO - opcua.uaprotocol - received header: Header(type:b'MSG', chunk_type:b'F', body_size:52, channel:84)
2026-09-14 21:15:06,128 - INFO - opcua.client.ua_client - close_session
2026-09-14 21:15:06,170 - INFO - opcua.uaprotocol - received header: Header(type:b'MSG', chunk_type:b'F', body_size:40, channel:84)
2026-09-14 21:15:06,171 - INFO - opcua.client.ua_client.Socket - close_secure_channel
2026-09-14 21:15:06,171 - INFO - opcua.client.ua_client.Socket - Request to close socket received
2026-09-14 21:15:06,171 - INFO - opcua.client.ua_client.Socket - Socket closed, waiting for receiver thread to terminate...
2026-09-14 21:15:06,171 - INFO - opcua.client.ua_client.Socket - Socket has closed connection
2026-09-14 21:15:06,171 - INFO - opcua.client.ua_client.Socket - Cancelling request 7
2026-09-14 21:15:06,171 - INFO - opcua.client.ua_client.Socket - Thread ended
2026-09-14 21:15:06,171 - INFO - opcua.client.ua_client.Socket - Done closing socket: Receiving thread terminated, socket disconnected
2026-09-14 21:16:40,224 - INFO - opcua.client.ua_client.Socket - opening connection
2026-09-14 21:16:40,428 - INFO - opcua.client.ua_client.Socket - Thread started
2026-09-14 21:16:40,430 - INFO - opcua.uaprotocol - received header: Header(type:b'ACK', chunk_type:b'F', body_size:20, channel:0)
2026-09-14 21:16:40,430 - INFO - opcua.client.ua_client.Socket - open_secure_channel
2026-09-14 21:16:40,431 - INFO - opcua.uaprotocol - received header: Header(type:b'OPN', chunk_type:b'F', body_size:123, channel:85)
2026-09-14 21:16:40,432 - INFO - opcua.client.ua_client - create_session
2026-09-14 21:16:40,876 - INFO - opcua.uaprotocol - received header: Header(type:b'MSG', chunk_type:b'F', body_size:2464, channel:85)
2026-09-14 21:16:40,877 - INFO - opcua.client.ua_client - activate_session
2026-09-14 21:16:40,883 - INFO - opcua.uaprotocol - received header: Header(type:b'MSG', chunk_type:b'F', body_size:52, channel:85)
2026-09-14 21:16:40,884 - INFO - opcua.client.ua_client - read
2026-09-14 21:16:40,896 - INFO - opcua.uaprotocol - received header: Header(type:b'MSG', chunk_type:b'F', body_size:52, channel:85)
2026-09-14 21:16:41,096 - INFO - opcua.client.ua_client - read
2026-09-14 21:16:41,101 - INFO - opcua.uaprotocol - received header: Header(type:b'MSG', chunk_type:b'F', body_size:52, channel:85)
2026-09-14 21:16:44,099 - INFO - opcua.client.ua_client - read
2026-09-14 21:16:44,103 - INFO - opcua.uaprotocol - received header: Header(type:b'MSG', chunk_type:b'F', body_size:52, channel:85)
2026-09-14 21:16:46,373 - INFO - opcua.client.ua_client - read
2026-09-14 21:16:46,377 - INFO - opcua.uaprotocol - received header: Header(type:b'MSG', chunk_type:b'F', body_size:62, channel:85)
2026-09-14 21:16:46,378 - INFO - opcua.client.ua_client - read
2026-09-14 21:16:46,383 - INFO - opcua.uaprotocol - received header: Header(type:b'MSG', chunk_type:b'F', body_size:52, channel:85)
2026-09-14 21:16:47,307 - INFO - opcua.client.ua_client - read
2026-09-14 21:16:47,313 - INFO - opcua.uaprotocol - received header: Header(type:b'MSG', chunk_type:b'F', body_size:52, channel:85)
2026-09-14 21:16:50,514 - INFO - opcua.client.ua_client - read
2026-09-14 21:16:50,519 - INFO - opcua.uaprotocol - received header: Header(type:b'MSG', chunk_type:b'F', body_size:52, channel:85)
2026-09-14 21:16:51,450 - INFO - opcua.client.ua_client - read
2026-09-14 21:16:51,455 - INFO - opcua.uaprotocol - received header: Header(type:b'MSG', chunk_type:b'F', body_size:62, channel:85)
2026-09-14 21:16:51,657 - INFO - opcua.client.ua_client - read
2026-09-14 21:16:51,663 - INFO - opcua.uaprotocol - received header: Header(type:b'MSG', chunk_type:b'F', body_size:52, channel:85)
2026-09-14 21:16:53,723 - INFO - opcua.client.ua_client - read
2026-09-14 21:16:53,728 - INFO - opcua.uaprotocol - received header: Header(type:b'MSG', chunk_type:b'F', body_size:52, channel:85)
2026-09-14 21:16:55,271 - INFO - opcua.client.ua_client - read
2026-09-14 21:16:55,277 - INFO - opcua.uaprotocol - received header: Header(type:b'MSG', chunk_type:b'F', body_size:52, channel:85)
2026-09-14 21:16:55,684 - INFO - opcua.client.ua_client - read
2026-09-14 21:16:55,689 - INFO - opcua.uaprotocol - received header: Header(type:b'MSG', chunk_type:b'F', body_size:62, channel:85)
2026-09-14 21:16:56,065 - INFO - opcua.client.ua_client - read
2026-09-14 21:16:56,069 - INFO - opcua.uaprotocol - received header: Header(type:b'MSG', chunk_type:b'F', body_size:52, channel:85)
2026-09-14 21:16:59,273 - INFO - opcua.client.ua_client - read
2026-09-14 21:16:59,277 - INFO - opcua.uaprotocol - received header: Header(type:b'MSG', chunk_type:b'F', body_size:52, channel:85)
2026-09-14 21:17:00,723 - INFO - opcua.client.ua_client - read
2026-09-14 21:17:00,728 - INFO - opcua.uaprotocol - received header: Header(type:b'MSG', chunk_type:b'F', body_size:62, channel:85)
2026-09-14 21:17:01,660 - INFO - opcua.client.ua_client - close_session
2026-09-14 21:17:01,730 - INFO - opcua.uaprotocol - received header: Header(type:b'MSG', chunk_type:b'F', body_size:40, channel:85)
2026-09-14 21:17:01,730 - INFO - opcua.client.ua_client.Socket - close_secure_channel
2026-09-14 21:17:01,730 - INFO - opcua.client.ua_client.Socket - Request to close socket received
2026-09-14 21:17:01,730 - INFO - opcua.client.ua_client.Socket - Socket closed, waiting for receiver thread to terminate...
2026-09-14 21:17:01,730 - INFO - opcua.client.ua_client.Socket - Socket has closed connection
2026-09-14 21:17:01,730 - INFO - opcua.client.ua_client.Socket - Cancelling request 20
2026-09-14 21:17:01,730 - INFO - opcua.client.ua_client.Socket - Thread ended
2026-09-14 21:17:01,731 - INFO - opcua.client.ua_client.Socket - Done closing socket: Receiving thread terminated, socket disconnected
2026-09-14 21:17:03,103 - INFO - opcua.client.ua_client.Socket - opening connection
2026-09-14 21:17:03,229 - INFO - opcua.client.ua_client.Socket - Thread started
2026-09-14 21:17:03,230 - INFO - opcua.uaprotocol - received header: Header(type:b'ACK', chunk_type:b'F', body_size:20, channel:0)
2026-09-14 21:17:03,230 - INFO - opcua.client.ua_client.Socket - open_secure_channel
2026-09-14 21:17:03,232 - INFO - opcua.uaprotocol - received header: Header(type:b'OPN', chunk_type:b'F', body_size:123, channel:86)
2026-09-14 21:17:03,233 - INFO - opcua.client.ua_client - create_session
2026-09-14 21:17:03,418 - INFO - opcua.uaprotocol - received header: Header(type:b'MSG', chunk_type:b'F', body_size:2464, channel:86)
2026-09-14 21:17:03,419 - INFO - opcua.client.ua_client - activate_session
2026-09-14 21:17:03,422 - INFO - opcua.uaprotocol - received header: Header(type:b'MSG', chunk_type:b'F', body_size:52, channel:86)
2026-09-14 21:17:03,423 - INFO - opcua.client.ua_client - read
2026-09-14 21:17:03,427 - INFO - opcua.uaprotocol - received header: Header(type:b'MSG', chunk_type:b'F', body_size:52, channel:86)
2026-09-14 21:17:03,630 - INFO - opcua.client.ua_client - read
2026-09-14 21:17:03,634 - INFO - opcua.uaprotocol - received header: Header(type:b'MSG', chunk_type:b'F', body_size:52, channel:86)
2026-09-14 21:17:06,636 - INFO - opcua.client.ua_client - read
2026-09-14 21:17:06,640 - INFO - opcua.uaprotocol - received header: Header(type:b'MSG', chunk_type:b'F', body_size:52, channel:86)
2026-09-14 21:17:08,891 - INFO - opcua.client.ua_client - read
2026-09-14 21:17:08,895 - INFO - opcua.uaprotocol - received header: Header(type:b'MSG', chunk_type:b'F', body_size:62, channel:86)
2026-09-14 21:17:09,850 - INFO - opcua.client.ua_client - read
2026-09-14 21:17:09,854 - INFO - opcua.uaprotocol - received header: Header(type:b'MSG', chunk_type:b'F', body_size:52, channel:86)
2026-09-14 21:17:12,349 - INFO - opcua.client.ua_client - read
2026-09-14 21:17:12,353 - INFO - opcua.uaprotocol - received header: Header(type:b'MSG', chunk_type:b'F', body_size:52, channel:86)
2026-09-14 21:17:13,055 - INFO - opcua.client.ua_client - read
2026-09-14 21:17:13,060 - INFO - opcua.uaprotocol - received header: Header(type:b'MSG', chunk_type:b'F', body_size:52, channel:86)
2026-09-14 21:17:13,963 - INFO - opcua.client.ua_client - read
2026-09-14 21:17:13,966 - INFO - opcua.uaprotocol - received header: Header(type:b'MSG', chunk_type:b'F', body_size:62, channel:86)
2026-09-14 21:17:14,067 - INFO - opcua.client.ua_client - read
2026-09-14 21:17:14,072 - INFO - opcua.uaprotocol - received header: Header(type:b'MSG', chunk_type:b'F', body_size:52, channel:86)
2026-09-14 21:17:15,707 - INFO - opcua.client.ua_client - read
2026-09-14 21:17:15,711 - INFO - opcua.uaprotocol - received header: Header(type:b'MSG', chunk_type:b'F', body_size:52, channel:86)
2026-09-14 21:17:16,260 - INFO - opcua.client.ua_client - read
2026-09-14 21:17:16,265 - INFO - opcua.uaprotocol - received header: Header(type:b'MSG', chunk_type:b'F', body_size:52, channel:86)
2026-09-14 21:17:16,830 - INFO - opcua.client.ua_client - read
2026-09-14 21:17:16,834 - INFO - opcua.uaprotocol - received header: Header(type:b'MSG', chunk_type:b'F', body_size:52, channel:86)
2026-09-14 21:17:18,970 - INFO - opcua.client.ua_client - read
2026-09-14 21:17:18,974 - INFO - opcua.uaprotocol - received header: Header(type:b'MSG', chunk_type:b'F', body_size:62, channel:86)
2026-09-14 21:17:19,474 - INFO - opcua.client.ua_client - read
2026-09-14 21:17:19,479 - INFO - opcua.uaprotocol - received header: Header(type:b'MSG', chunk_type:b'F', body_size:52, channel:86)
2026-09-14 21:17:22,679 - INFO - opcua.client.ua_client - read
2026-09-14 21:17:22,684 - INFO - opcua.uaprotocol - received header: Header(type:b'MSG', chunk_type:b'F', body_size:52, channel:86)
2026-09-14 21:17:24,029 - INFO - opcua.client.ua_client - read
2026-09-14 21:17:24,032 - INFO - opcua.uaprotocol - received header: Header(type:b'MSG', chunk_type:b'F', body_size:62, channel:86)
2026-09-14 21:17:24,423 - INFO - opcua.client.ua_client.Socket - open_secure_channel
2026-09-14 21:17:24,425 - INFO - opcua.uaprotocol - received header: Header(type:b'OPN', chunk_type:b'F', body_size:123, channel:86)
2026-09-14 21:17:24,425 - INFO - opcua.client.ua_client - read
2026-09-14 21:17:24,430 - INFO - opcua.uaprotocol - received header: Header(type:b'MSG', chunk_type:b'F', body_size:62, channel:86)
2026-09-14 21:17:25,885 - INFO - opcua.client.ua_client - read
2026-09-14 21:17:25,888 - INFO - opcua.uaprotocol - received header: Header(type:b'MSG', chunk_type:b'F', body_size:52, channel:86)
2026-09-14 21:17:27,067 - INFO - opcua.client.ua_client - close_session
2026-09-14 21:17:26,240 - INFO - opcua.uaprotocol - received header: Header(type:b'MSG', chunk_type:b'F', body_size:40, channel:86)
2026-09-14 21:17:26,240 - INFO - opcua.client.ua_client.Socket - close_secure_channel
2026-09-14 21:17:26,240 - INFO - opcua.client.ua_client.Socket - Request to close socket received
2026-09-14 21:17:26,240 - INFO - opcua.client.ua_client.Socket - Socket closed, waiting for receiver thread to terminate...
2026-09-14 21:17:26,240 - INFO - opcua.client.ua_client.Socket - Socket has closed connection
2026-09-14 21:17:26,240 - INFO - opcua.client.ua_client.Socket - Cancelling request 24
2026-09-14 21:17:26,240 - INFO - opcua.client.ua_client.Socket - Thread ended
2026-09-14 21:17:26,240 - INFO - opcua.client.ua_client.Socket - Done closing socket: Receiving thread terminated, socket disconnected
2026-09-14 21:17:28,999 - INFO - opcua.client.ua_client.Socket - opening connection
2026-09-14 21:17:29,189 - INFO - opcua.client.ua_client.Socket - Thread started
2026-09-14 21:17:29,190 - INFO - opcua.uaprotocol - received header: Header(type:b'ACK', chunk_type:b'F', body_size:20, channel:0)
2026-09-14 21:17:29,190 - INFO - opcua.client.ua_client.Socket - open_secure_channel
2026-09-14 21:17:29,192 - INFO - opcua.uaprotocol - received header: Header(type:b'OPN', chunk_type:b'F', body_size:123, channel:87)
2026-09-14 21:17:29,192 - INFO - opcua.client.ua_client - create_session
2026-09-14 21:17:29,525 - INFO - opcua.uaprotocol - received header: Header(type:b'MSG', chunk_type:b'F', body_size:2464, channel:87)
2026-09-14 21:17:29,526 - INFO - opcua.client.ua_client - activate_session
2026-09-14 21:17:29,529 - INFO - opcua.uaprotocol - received header: Header(type:b'MSG', chunk_type:b'F', body_size:52, channel:87)
2026-09-14 21:17:29,529 - INFO - opcua.client.ua_client - read
2026-09-14 21:17:29,534 - INFO - opcua.uaprotocol - received header: Header(type:b'MSG', chunk_type:b'F', body_size:52, channel:87)
2026-09-14 21:17:29,735 - INFO - opcua.client.ua_client - read
2026-09-14 21:17:29,739 - INFO - opcua.uaprotocol - received header: Header(type:b'MSG', chunk_type:b'F', body_size:52, channel:87)
2026-09-14 21:17:32,135 - INFO - opcua.client.ua_client - read
2026-09-14 21:17:32,140 - INFO - opcua.uaprotocol - received header: Header(type:b'MSG', chunk_type:b'F', body_size:52, channel:87)
2026-09-14 21:17:32,736 - INFO - opcua.client.ua_client - read
2026-09-14 21:17:32,740 - INFO - opcua.uaprotocol - received header: Header(type:b'MSG', chunk_type:b'F', body_size:52, channel:87)
2026-09-14 21:17:33,311 - INFO - opcua.client.ua_client - read
2026-09-14 21:17:33,315 - INFO - opcua.uaprotocol - received header: Header(type:b'MSG', chunk_type:b'F', body_size:52, channel:87)
2026-09-14 21:17:34,487 - INFO - opcua.client.ua_client - read
2026-09-14 21:17:34,491 - INFO - opcua.uaprotocol - received header: Header(type:b'MSG', chunk_type:b'F', body_size:52, channel:87)
2026-09-14 21:17:34,946 - INFO - opcua.client.ua_client - read
2026-09-14 21:17:34,953 - INFO - opcua.uaprotocol - received header: Header(type:b'MSG', chunk_type:b'F', body_size:62, channel:87)
2026-09-14 21:17:34,953 - INFO - opcua.client.ua_client - read
2026-09-14 21:17:34,956 - INFO - opcua.uaprotocol - received header: Header(type:b'MSG', chunk_type:b'F', body_size:52, channel:87)
2026-09-14 21:17:35,361 - INFO - opcua.client.ua_client - read
2026-09-14 21:17:35,365 - INFO - opcua.uaprotocol - received header: Header(type:b'MSG', chunk_type:b'F', body_size:52, channel:87)
2026-09-14 21:17:35,942 - INFO - opcua.client.ua_client - read
2026-09-14 21:17:35,947 - INFO - opcua.uaprotocol - received header: Header(type:b'MSG', chunk_type:b'F', body_size:52, channel:87)
2026-09-14 21:17:39,149 - INFO - opcua.client.ua_client - read
2026-09-14 21:17:39,154 - INFO - opcua.uaprotocol - received header: Header(type:b'MSG', chunk_type:b'F', body_size:52, channel:87)
2026-09-14 21:17:39,960 - INFO - opcua.client.ua_client - read
2026-09-14 21:17:39,965 - INFO - opcua.uaprotocol - received header: Header(type:b'MSG', chunk_type:b'F', body_size:62, channel:87)
2026-09-14 21:17:41,454 - INFO - opcua.client.ua_client - close_session
2026-09-14 21:17:41,498 - INFO - opcua.uaprotocol - received header: Header(type:b'MSG', chunk_type:b'F', body_size:40, channel:87)
2026-09-14 21:17:41,498 - INFO - opcua.client.ua_client.Socket - close_secure_channel
2026-09-14 21:17:41,498 - INFO - opcua.client.ua_client.Socket - Request to close socket received
2026-09-14 21:17:41,498 - INFO - opcua.client.ua_client.Socket - Socket closed, waiting for receiver thread to terminate...
2026-09-14 21:17:41,499 - INFO - opcua.client.ua_client.Socket - Socket has closed connection
2026-09-14 21:17:41,499 - INFO - opcua.client.ua_client.Socket - Cancelling request 17
2026-09-14 21:17:41,499 - INFO - opcua.client.ua_client.Socket - Thread ended
2026-09-14 21:17:41,499 - INFO - opcua.client.ua_client.Socket - Done closing socket: Receiving thread terminated, socket disconnected
2026-09-14 21:17:48,330 - INFO - opcua.client.ua_client.Socket - opening connection
2026-09-14 21:17:48,459 - INFO - opcua.client.ua_client.Socket - Thread started
2026-09-14 21:17:48,460 - INFO - opcua.uaprotocol - received header: Header(type:b'ACK', chunk_type:b'F', body_size:20, channel:0)
2026-09-14 21:17:48,461 - INFO - opcua.client.ua_client.Socket - open_secure_channel
2026-09-14 21:17:48,462 - INFO - opcua.uaprotocol - received header: Header(type:b'OPN', chunk_type:b'F', body_size:123, channel:88)
2026-09-14 21:17:48,462 - INFO - opcua.client.ua_client - create_session
2026-09-14 21:17:48,870 - INFO - opcua.uaprotocol - received header: Header(type:b'MSG', chunk_type:b'F', body_size:2464, channel:88)
2026-09-14 21:17:48,871 - INFO - opcua.client.ua_client - activate_session
2026-09-14 21:17:48,880 - INFO - opcua.uaprotocol - received header: Header(type:b'MSG', chunk_type:b'F', body_size:52, channel:88)
2026-09-14 21:17:48,880 - INFO - opcua.client.ua_client - read
2026-09-14 21:17:48,887 - INFO - opcua.uaprotocol - received header: Header(type:b'MSG', chunk_type:b'F', body_size:52, channel:88)
2026-09-14 21:17:49,088 - INFO - opcua.client.ua_client - read
2026-09-14 21:17:49,093 - INFO - opcua.uaprotocol - received header: Header(type:b'MSG', chunk_type:b'F', body_size:52, channel:88)
2026-09-14 21:17:52,089 - INFO - opcua.client.ua_client - read
2026-09-14 21:17:52,094 - INFO - opcua.uaprotocol - received header: Header(type:b'MSG', chunk_type:b'F', body_size:52, channel:88)
2026-09-14 21:17:52,551 - INFO - opcua.client.ua_client - read
2026-09-14 21:17:52,555 - INFO - opcua.uaprotocol - received header: Header(type:b'MSG', chunk_type:b'F', body_size:52, channel:88)
2026-09-14 21:17:52,756 - INFO - opcua.client.ua_client - read
2026-09-14 21:17:52,760 - INFO - opcua.uaprotocol - received header: Header(type:b'MSG', chunk_type:b'F', body_size:52, channel:88)
2026-09-14 21:17:54,296 - INFO - opcua.client.ua_client - read
2026-09-14 21:17:54,300 - INFO - opcua.uaprotocol - received header: Header(type:b'MSG', chunk_type:b'F', body_size:62, channel:88)
2026-09-14 21:17:55,302 - INFO - opcua.client.ua_client - read
2026-09-14 21:17:55,306 - INFO - opcua.uaprotocol - received header: Header(type:b'MSG', chunk_type:b'F', body_size:52, channel:88)
2026-09-14 21:17:57,639 - INFO - opcua.client.ua_client - read
2026-09-14 21:17:57,644 - INFO - opcua.uaprotocol - received header: Header(type:b'MSG', chunk_type:b'F', body_size:52, channel:88)
2026-09-14 21:17:58,425 - INFO - opcua.client.ua_client - read
2026-09-14 21:17:58,429 - INFO - opcua.uaprotocol - received header: Header(type:b'MSG', chunk_type:b'F', body_size:62, channel:88)
2026-09-14 21:17:59,900 - INFO - opcua.client.ua_client - close_session
2026-09-14 21:17:59,949 - INFO - opcua.uaprotocol - received header: Header(type:b'MSG', chunk_type:b'F', body_size:40, channel:88)
2026-09-14 21:17:59,949 - INFO - opcua.client.ua_client.Socket - close_secure_channel
2026-09-14 21:17:59,949 - INFO - opcua.client.ua_client.Socket - Request to close socket received
2026-09-14 21:17:59,949 - INFO - opcua.client.ua_client.Socket - Socket closed, waiting for receiver thread to terminate...
2026-09-14 21:17:59,949 - INFO - opcua.client.ua_client.Socket - Socket has closed connection
2026-09-14 21:17:59,950 - INFO - opcua.client.ua_client.Socket - Cancelling request 14
2026-09-14 21:17:59,950 - INFO - opcua.client.ua_client.Socket - Thread ended
2026-09-14 21:17:59,950 - INFO - opcua.client.ua_client.Socket - Done closing socket: Receiving thread terminated, socket disconnected
2026-09-14 21:18:01,041 - INFO - opcua.client.ua_client.Socket - opening connection
2026-09-14 21:18:01,101 - INFO - opcua.client.ua_client.Socket - Thread started
2026-09-14 21:18:01,103 - INFO - opcua.uaprotocol - received header: Header(type:b'ACK', chunk_type:b'F', body_size:20, channel:0)
2026-09-14 21:18:01,103 - INFO - opcua.client.ua_client.Socket - open_secure_channel
2026-09-14 21:18:01,104 - INFO - opcua.uaprotocol - received header: Header(type:b'OPN', chunk_type:b'F', body_size:123, channel:89)
2026-09-14 21:18:01,105 - INFO - opcua.client.ua_client - create_session
2026-09-14 21:18:01,611 - INFO - opcua.uaprotocol - received header: Header(type:b'MSG', chunk_type:b'F', body_size:2464, channel:89)
2026-09-14 21:18:01,612 - INFO - opcua.client.ua_client - activate_session
2026-09-14 21:18:01,617 - INFO - opcua.uaprotocol - received header: Header(type:b'MSG', chunk_type:b'F', body_size:52, channel:89)
2026-09-14 21:18:01,618 - INFO - opcua.client.ua_client - read
2026-09-14 21:18:01,622 - INFO - opcua.uaprotocol - received header: Header(type:b'MSG', chunk_type:b'F', body_size:52, channel:89)
2026-09-14 21:18:01,824 - INFO - opcua.client.ua_client - read
2026-09-14 21:18:01,827 - INFO - opcua.uaprotocol - received header: Header(type:b'MSG', chunk_type:b'F', body_size:52, channel:89)
2026-09-14 21:18:04,824 - INFO - opcua.client.ua_client - read
2026-09-14 21:18:04,827 - INFO - opcua.uaprotocol - received header: Header(type:b'MSG', chunk_type:b'F', body_size:52, channel:89)
2026-09-14 21:18:05,028 - INFO - opcua.client.ua_client - read
2026-09-14 21:18:05,032 - INFO - opcua.uaprotocol - received header: Header(type:b'MSG', chunk_type:b'F', body_size:52, channel:89)
2026-09-14 21:18:05,234 - INFO - opcua.client.ua_client - read
2026-09-14 21:18:05,239 - INFO - opcua.uaprotocol - received header: Header(type:b'MSG', chunk_type:b'F', body_size:52, channel:89)
2026-09-14 21:18:07,028 - INFO - opcua.client.ua_client - read
2026-09-14 21:18:07,032 - INFO - opcua.uaprotocol - received header: Header(type:b'MSG', chunk_type:b'F', body_size:62, channel:89)
2026-09-14 21:18:08,028 - INFO - opcua.client.ua_client - read
2026-09-14 21:18:08,032 - INFO - opcua.uaprotocol - received header: Header(type:b'MSG', chunk_type:b'F', body_size:52, channel:89)
2026-09-14 21:18:11,235 - INFO - opcua.client.ua_client - read
2026-09-14 21:18:11,239 - INFO - opcua.uaprotocol - received header: Header(type:b'MSG', chunk_type:b'F', body_size:52, channel:89)
2026-09-14 21:18:12,028 - INFO - opcua.client.ua_client - read
2026-09-14 21:18:12,032 - INFO - opcua.uaprotocol - received header: Header(type:b'MSG', chunk_type:b'F', body_size:62, channel:89)
2026-09-14 21:18:12,106 - INFO - opcua.client.ua_client - close_session
2026-09-14 21:18:12,146 - INFO - opcua.uaprotocol - received header: Header(type:b'MSG', chunk_type:b'F', body_size:40, channel:89)
2026-09-14 21:18:12,146 - INFO - opcua.client.ua_client.Socket - close_secure_channel
2026-09-14 21:18:12,147 - INFO - opcua.client.ua_client.Socket - Request to close socket received
2026-09-14 21:18:12,147 - INFO - opcua.client.ua_client.Socket - Socket closed, waiting for receiver thread to terminate...
2026-09-14 21:18:12,147 - INFO - opcua.client.ua_client.Socket - Socket has closed connection
2026-09-14 21:18:12,147 - INFO - opcua.client.ua_client.Socket - Cancelling request 14
2026-09-14 21:18:12,147 - INFO - opcua.client.ua_client.Socket - Thread ended
2026-09-14 21:18:12,147 - INFO - opcua.client.ua_client.Socket - Done closing socket: Receiving thread terminated, socket disconnected
2026-09-14 21:18:13,284 - INFO - opcua.client.ua_client.Socket - opening connection
2026-09-14 21:18:13,369 - INFO - opcua.client.ua_client.Socket - Thread started
2026-09-14 21:18:13,371 - INFO - opcua.uaprotocol - received header: Header(type:b'ACK', chunk_type:b'F', body_size:20, channel:0)
2026-09-14 21:18:13,371 - INFO - opcua.client.ua_client.Socket - open_secure_channel
2026-09-14 21:18:13,375 - INFO - opcua.uaprotocol - received header: Header(type:b'OPN', chunk_type:b'F', body_size:123, channel:90)
2026-09-14 21:18:13,376 - INFO - opcua.client.ua_client - create_session
2026-09-14 21:18:13,549 - INFO - opcua.uaprotocol - received header: Header(type:b'MSG', chunk_type:b'F', body_size:2464, channel:90)
2026-09-14 21:18:13,550 - INFO - opcua.client.ua_client - activate_session
2026-09-14 21:18:13,555 - INFO - opcua.uaprotocol - received header: Header(type:b'MSG', chunk_type:b'F', body_size:52, channel:90)
2026-09-14 21:18:13,555 - INFO - opcua.client.ua_client - read
2026-09-14 21:18:13,560 - INFO - opcua.uaprotocol - received header: Header(type:b'MSG', chunk_type:b'F', body_size:52, channel:90)
2026-09-14 21:18:13,763 - INFO - opcua.client.ua_client - read
2026-09-14 21:18:13,767 - INFO - opcua.uaprotocol - received header: Header(type:b'MSG', chunk_type:b'F', body_size:52, channel:90)
2026-09-14 21:18:16,598 - INFO - opcua.client.ua_client - read
2026-09-14 21:18:16,602 - INFO - opcua.uaprotocol - received header: Header(type:b'MSG', chunk_type:b'F', body_size:52, channel:90)
2026-09-14 21:18:16,804 - INFO - opcua.client.ua_client - read
2026-09-14 21:18:16,808 - INFO - opcua.uaprotocol - received header: Header(type:b'MSG', chunk_type:b'F', body_size:52, channel:90)
2026-09-14 21:18:17,008 - INFO - opcua.client.ua_client - read
2026-09-14 21:18:17,020 - INFO - opcua.uaprotocol - received header: Header(type:b'MSG', chunk_type:b'F', body_size:52, channel:90)
2026-09-14 21:18:18,970 - INFO - opcua.client.ua_client - read
2026-09-14 21:18:18,979 - INFO - opcua.uaprotocol - received header: Header(type:b'MSG', chunk_type:b'F', body_size:62, channel:90)
2026-09-14 21:18:20,009 - INFO - opcua.client.ua_client - read
2026-09-14 21:18:20,013 - INFO - opcua.uaprotocol - received header: Header(type:b'MSG', chunk_type:b'F', body_size:52, channel:90)
2026-09-14 21:18:23,214 - INFO - opcua.client.ua_client - read
2026-09-14 21:18:23,218 - INFO - opcua.uaprotocol - received header: Header(type:b'MSG', chunk_type:b'F', body_size:52, channel:90)
2026-09-14 21:18:23,970 - INFO - opcua.client.ua_client - read
2026-09-14 21:18:23,974 - INFO - opcua.uaprotocol - received header: Header(type:b'MSG', chunk_type:b'F', body_size:62, channel:90)
2026-09-14 21:18:26,419 - INFO - opcua.client.ua_client - read
2026-09-14 21:18:26,422 - INFO - opcua.uaprotocol - received header: Header(type:b'MSG', chunk_type:b'F', body_size:52, channel:90)
2026-09-14 21:18:26,537 - INFO - opcua.client.ua_client - close_session
2026-09-14 21:18:26,571 - INFO - opcua.uaprotocol - received header: Header(type:b'MSG', chunk_type:b'F', body_size:40, channel:90)
2026-09-14 21:18:26,571 - INFO - opcua.client.ua_client.Socket - close_secure_channel
2026-09-14 21:18:26,572 - INFO - opcua.client.ua_client.Socket - Request to close socket received
2026-09-14 21:18:26,572 - INFO - opcua.client.ua_client.Socket - Socket closed, waiting for receiver thread to terminate...
2026-09-14 21:18:26,572 - INFO - opcua.client.ua_client.Socket - Socket has closed connection
2026-09-14 21:18:26,572 - INFO - opcua.client.ua_client.Socket - Cancelling request 15
2026-09-14 21:18:26,572 - INFO - opcua.client.ua_client.Socket - Thread ended
2026-09-14 21:18:26,572 - INFO - opcua.client.ua_client.Socket - Done closing socket: Receiving thread terminated, socket disconnected
2026-09-14 21:18:28,232 - INFO - opcua.client.ua_client.Socket - opening connection
2026-09-14 21:18:28,257 - INFO - opcua.client.ua_client.Socket - Thread started
2026-09-14 21:18:28,258 - INFO - opcua.uaprotocol - received header: Header(type:b'ACK', chunk_type:b'F', body_size:20, channel:0)
2026-09-14 21:18:28,258 - INFO - opcua.client.ua_client.Socket - open_secure_channel
2026-09-14 21:18:28,260 - INFO - opcua.uaprotocol - received header: Header(type:b'OPN', chunk_type:b'F', body_size:123, channel:91)
2026-09-14 21:18:28,260 - INFO - opcua.client.ua_client - create_session
2026-09-14 21:18:28,468 - INFO - opcua.uaprotocol - received header: Header(type:b'MSG', chunk_type:b'F', body_size:2464, channel:91)
2026-09-14 21:18:28,468 - INFO - opcua.client.ua_client - activate_session
2026-09-14 21:18:28,471 - INFO - opcua.uaprotocol - received header: Header(type:b'MSG', chunk_type:b'F', body_size:52, channel:91)
2026-09-14 21:18:28,472 - INFO - opcua.client.ua_client - read
2026-09-14 21:18:28,476 - INFO - opcua.uaprotocol - received header: Header(type:b'MSG', chunk_type:b'F', body_size:52, channel:91)
2026-09-14 21:18:28,676 - INFO - opcua.client.ua_client - read
2026-09-14 21:18:28,681 - INFO - opcua.uaprotocol - received header: Header(type:b'MSG', chunk_type:b'F', body_size:52, channel:91)
2026-09-14 21:18:30,776 - INFO - opcua.client.ua_client - read
2026-09-14 21:18:30,780 - INFO - opcua.uaprotocol - received header: Header(type:b'MSG', chunk_type:b'F', body_size:52, channel:91)
2026-09-14 21:18:30,981 - INFO - opcua.client.ua_client - read
2026-09-14 21:18:30,985 - INFO - opcua.uaprotocol - received header: Header(type:b'MSG', chunk_type:b'F', body_size:52, channel:91)
2026-09-14 21:18:32,989 - INFO - opcua.client.ua_client - read
2026-09-14 21:18:32,994 - INFO - opcua.uaprotocol - received header: Header(type:b'MSG', chunk_type:b'F', body_size:62, channel:91)
2026-09-14 21:18:33,444 - INFO - opcua.client.ua_client - read
2026-09-14 21:18:33,448 - INFO - opcua.uaprotocol - received header: Header(type:b'MSG', chunk_type:b'F', body_size:52, channel:91)
2026-09-14 21:18:33,981 - INFO - opcua.client.ua_client - read
2026-09-14 21:18:33,987 - INFO - opcua.uaprotocol - received header: Header(type:b'MSG', chunk_type:b'F', body_size:52, channel:91)
2026-09-14 21:18:34,890 - INFO - opcua.client.ua_client - read
2026-09-14 21:18:34,894 - INFO - opcua.uaprotocol - received header: Header(type:b'MSG', chunk_type:b'F', body_size:52, channel:91)
2026-09-14 21:18:35,793 - INFO - opcua.client.ua_client - read
2026-09-14 21:18:35,797 - INFO - opcua.uaprotocol - received header: Header(type:b'MSG', chunk_type:b'F', body_size:52, channel:91)
2026-09-14 21:18:36,816 - INFO - opcua.client.ua_client - read
2026-09-14 21:18:36,820 - INFO - opcua.uaprotocol - received header: Header(type:b'MSG', chunk_type:b'F', body_size:52, channel:91)
2026-09-14 21:18:37,187 - INFO - opcua.client.ua_client - read
2026-09-14 21:18:37,191 - INFO - opcua.uaprotocol - received header: Header(type:b'MSG', chunk_type:b'F', body_size:52, channel:91)
2026-09-14 21:18:37,995 - INFO - opcua.client.ua_client - read
2026-09-14 21:18:37,999 - INFO - opcua.uaprotocol - received header: Header(type:b'MSG', chunk_type:b'F', body_size:62, channel:91)
2026-09-14 21:18:40,393 - INFO - opcua.client.ua_client - read
2026-09-14 21:18:40,398 - INFO - opcua.uaprotocol - received header: Header(type:b'MSG', chunk_type:b'F', body_size:52, channel:91)
2026-09-14 21:18:42,998 - INFO - opcua.client.ua_client - read
2026-09-14 21:18:43,003 - INFO - opcua.uaprotocol - received header: Header(type:b'MSG', chunk_type:b'F', body_size:62, channel:91)
2026-09-14 21:18:43,022 - INFO - opcua.client.ua_client - close_session
2026-09-14 21:18:43,069 - INFO - opcua.uaprotocol - received header: Header(type:b'MSG', chunk_type:b'F', body_size:40, channel:91)
2026-09-14 21:18:43,069 - INFO - opcua.client.ua_client.Socket - close_secure_channel
2026-09-14 21:18:43,070 - INFO - opcua.client.ua_client.Socket - Request to close socket received
2026-09-14 21:18:43,070 - INFO - opcua.client.ua_client.Socket - Socket closed, waiting for receiver thread to terminate...
2026-09-14 21:18:43,070 - INFO - opcua.client.ua_client.Socket - Socket has closed connection
2026-09-14 21:18:43,070 - INFO - opcua.client.ua_client.Socket - Cancelling request 19
2026-09-14 21:18:43,070 - INFO - opcua.client.ua_client.Socket - Thread ended
2026-09-14 21:18:43,070 - INFO - opcua.client.ua_client.Socket - Done closing socket: Receiving thread terminated, socket disconnected
2026-09-14 21:18:44,482 - INFO - opcua.client.ua_client.Socket - opening connection
2026-09-14 21:18:44,612 - INFO - opcua.client.ua_client.Socket - Thread started
2026-09-14 21:18:44,614 - INFO - opcua.uaprotocol - received header: Header(type:b'ACK', chunk_type:b'F', body_size:20, channel:0)
2026-09-14 21:18:44,614 - INFO - opcua.client.ua_client.Socket - open_secure_channel
2026-09-14 21:18:44,616 - INFO - opcua.uaprotocol - received header: Header(type:b'OPN', chunk_type:b'F', body_size:123, channel:92)
2026-09-14 21:18:44,616 - INFO - opcua.client.ua_client - create_session
2026-09-14 21:18:45,011 - INFO - opcua.uaprotocol - received header: Header(type:b'MSG', chunk_type:b'F', body_size:2464, channel:92)
2026-09-14 21:18:45,011 - INFO - opcua.client.ua_client - activate_session
2026-09-14 21:18:45,016 - INFO - opcua.uaprotocol - received header: Header(type:b'MSG', chunk_type:b'F', body_size:52, channel:92)
2026-09-14 21:18:45,017 - INFO - opcua.client.ua_client - read
2026-09-14 21:18:45,024 - INFO - opcua.uaprotocol - received header: Header(type:b'MSG', chunk_type:b'F', body_size:52, channel:92)
2026-09-14 21:18:45,224 - INFO - opcua.client.ua_client - read
2026-09-14 21:18:45,228 - INFO - opcua.uaprotocol - received header: Header(type:b'MSG', chunk_type:b'F', body_size:52, channel:92)
2026-09-14 21:18:48,144 - INFO - opcua.client.ua_client - read
2026-09-14 21:18:48,148 - INFO - opcua.uaprotocol - received header: Header(type:b'MSG', chunk_type:b'F', body_size:52, channel:92)
2026-09-14 21:18:48,351 - INFO - opcua.client.ua_client - read
2026-09-14 21:18:48,356 - INFO - opcua.uaprotocol - received header: Header(type:b'MSG', chunk_type:b'F', body_size:52, channel:92)
2026-09-14 21:18:49,359 - INFO - opcua.client.ua_client - read
2026-09-14 21:18:49,363 - INFO - opcua.uaprotocol - received header: Header(type:b'MSG', chunk_type:b'F', body_size:52, channel:92)
2026-09-14 21:18:49,995 - INFO - opcua.client.ua_client - read
2026-09-14 21:18:50,001 - INFO - opcua.uaprotocol - received header: Header(type:b'MSG', chunk_type:b'F', body_size:52, channel:92)
2026-09-14 21:18:50,431 - INFO - opcua.client.ua_client - read
2026-09-14 21:18:50,436 - INFO - opcua.uaprotocol - received header: Header(type:b'MSG', chunk_type:b'F', body_size:62, channel:92)
2026-09-14 21:18:51,561 - INFO - opcua.client.ua_client - read
2026-09-14 21:18:51,565 - INFO - opcua.uaprotocol - received header: Header(type:b'MSG', chunk_type:b'F', body_size:52, channel:92)
2026-09-14 21:18:54,766 - INFO - opcua.client.ua_client - read
2026-09-14 21:18:54,769 - INFO - opcua.uaprotocol - received header: Header(type:b'MSG', chunk_type:b'F', body_size:52, channel:92)
2026-09-14 21:18:55,435 - INFO - opcua.client.ua_client - read
2026-09-14 21:18:55,440 - INFO - opcua.uaprotocol - received header: Header(type:b'MSG', chunk_type:b'F', body_size:62, channel:92)
2026-09-14 21:18:55,721 - INFO - opcua.client.ua_client - close_session
2026-09-14 21:18:55,848 - INFO - opcua.uaprotocol - received header: Header(type:b'MSG', chunk_type:b'F', body_size:40, channel:92)
2026-09-14 21:18:55,848 - INFO - opcua.client.ua_client.Socket - close_secure_channel
2026-09-14 21:18:55,848 - INFO - opcua.client.ua_client.Socket - Request to close socket received
2026-09-14 21:18:55,849 - INFO - opcua.client.ua_client.Socket - Socket closed, waiting for receiver thread to terminate...
2026-09-14 21:18:55,849 - INFO - opcua.client.ua_client.Socket - Socket has closed connection
2026-09-14 21:18:55,849 - INFO - opcua.client.ua_client.Socket - Cancelling request 15
2026-09-14 21:18:55,849 - INFO - opcua.client.ua_client.Socket - Thread ended
2026-09-14 21:18:55,849 - INFO - opcua.client.ua_client.Socket - Done closing socket: Receiving thread terminated, socket disconnected
2026-09-14 21:18:58,162 - INFO - opcua.client.ua_client.Socket - opening connection
2026-09-14 21:18:58,265 - INFO - opcua.client.ua_client.Socket - Thread started
2026-09-14 21:18:58,267 - INFO - opcua.uaprotocol - received header: Header(type:b'ACK', chunk_type:b'F', body_size:20, channel:0)
2026-09-14 21:18:58,267 - INFO - opcua.client.ua_client.Socket - open_secure_channel
2026-09-14 21:18:58,268 - INFO - opcua.uaprotocol - received header: Header(type:b'OPN', chunk_type:b'F', body_size:123, channel:93)
2026-09-14 21:18:58,269 - INFO - opcua.client.ua_client - create_session
2026-09-14 21:18:58,442 - INFO - opcua.uaprotocol - received header: Header(type:b'MSG', chunk_type:b'F', body_size:2464, channel:93)
2026-09-14 21:18:58,443 - INFO - opcua.client.ua_client - activate_session
2026-09-14 21:18:58,446 - INFO - opcua.uaprotocol - received header: Header(type:b'MSG', chunk_type:b'F', body_size:52, channel:93)
2026-09-14 21:18:58,447 - INFO - opcua.client.ua_client - read
2026-09-14 21:18:58,451 - INFO - opcua.uaprotocol - received header: Header(type:b'MSG', chunk_type:b'F', body_size:52, channel:93)
2026-09-14 21:18:58,654 - INFO - opcua.client.ua_client - read
2026-09-14 21:18:58,659 - INFO - opcua.uaprotocol - received header: Header(type:b'MSG', chunk_type:b'F', body_size:52, channel:93)
2026-09-14 21:18:59,057 - INFO - opcua.client.ua_client - close_session
2026-09-14 21:18:59,092 - INFO - opcua.uaprotocol - received header: Header(type:b'MSG', chunk_type:b'F', body_size:40, channel:93)
2026-09-14 21:18:59,092 - INFO - opcua.client.ua_client.Socket - close_secure_channel
2026-09-14 21:18:59,093 - INFO - opcua.client.ua_client.Socket - Request to close socket received
2026-09-14 21:18:59,093 - INFO - opcua.client.ua_client.Socket - Socket closed, waiting for receiver thread to terminate...
2026-09-14 21:18:59,093 - INFO - opcua.client.ua_client.Socket - Socket has closed connection
2026-09-14 21:18:59,093 - INFO - opcua.client.ua_client.Socket - Cancelling request 7
2026-09-14 21:18:59,093 - INFO - opcua.client.ua_client.Socket - Thread ended
2026-09-14 21:18:59,093 - INFO - opcua.client.ua_client.Socket - Done closing socket: Receiving thread terminated, socket disconnected
2026-09-14 21:19:00,579 - INFO - opcua.client.ua_client.Socket - opening connection
2026-09-14 21:19:00,774 - INFO - opcua.client.ua_client.Socket - Thread started
2026-09-14 21:19:00,776 - INFO - opcua.uaprotocol - received header: Header(type:b'ACK', chunk_type:b'F', body_size:20, channel:0)
2026-09-14 21:19:00,777 - INFO - opcua.client.ua_client.Socket - open_secure_channel
2026-09-14 21:19:00,778 - INFO - opcua.uaprotocol - received header: Header(type:b'OPN', chunk_type:b'F', body_size:123, channel:94)
2026-09-14 21:19:00,779 - INFO - opcua.client.ua_client - create_session
2026-09-14 21:19:01,252 - INFO - opcua.uaprotocol - received header: Header(type:b'MSG', chunk_type:b'F', body_size:2464, channel:94)
2026-09-14 21:19:01,252 - INFO - opcua.client.ua_client - activate_session
2026-09-14 21:19:01,259 - INFO - opcua.uaprotocol - received header: Header(type:b'MSG', chunk_type:b'F', body_size:52, channel:94)
2026-09-14 21:19:01,259 - INFO - opcua.client.ua_client - read
2026-09-14 21:19:01,266 - INFO - opcua.uaprotocol - received header: Header(type:b'MSG', chunk_type:b'F', body_size:52, channel:94)
2026-09-14 21:19:01,466 - INFO - opcua.client.ua_client - read
2026-09-14 21:19:01,470 - INFO - opcua.uaprotocol - received header: Header(type:b'MSG', chunk_type:b'F', body_size:52, channel:94)
2026-09-14 21:19:04,471 - INFO - opcua.client.ua_client - read
2026-09-14 21:19:04,475 - INFO - opcua.uaprotocol - received header: Header(type:b'MSG', chunk_type:b'F', body_size:52, channel:94)
2026-09-14 21:19:06,672 - INFO - opcua.client.ua_client - read
2026-09-14 21:19:06,686 - INFO - opcua.uaprotocol - received header: Header(type:b'MSG', chunk_type:b'F', body_size:62, channel:94)
2026-09-14 21:19:07,275 - INFO - opcua.client.ua_client - read
2026-09-14 21:19:07,280 - INFO - opcua.uaprotocol - received header: Header(type:b'MSG', chunk_type:b'F', body_size:52, channel:94)
2026-09-14 21:19:07,680 - INFO - opcua.client.ua_client - read
2026-09-14 21:19:07,685 - INFO - opcua.uaprotocol - received header: Header(type:b'MSG', chunk_type:b'F', body_size:52, channel:94)
2026-09-14 21:19:08,622 - INFO - opcua.client.ua_client - read
2026-09-14 21:19:08,626 - INFO - opcua.uaprotocol - received header: Header(type:b'MSG', chunk_type:b'F', body_size:52, channel:94)
2026-09-14 21:19:10,886 - INFO - opcua.client.ua_client - read
2026-09-14 21:19:10,890 - INFO - opcua.uaprotocol - received header: Header(type:b'MSG', chunk_type:b'F', body_size:52, channel:94)
2026-09-14 21:19:11,672 - INFO - opcua.client.ua_client - read
2026-09-14 21:19:11,676 - INFO - opcua.uaprotocol - received header: Header(type:b'MSG', chunk_type:b'F', body_size:62, channel:94)
2026-09-14 21:19:14,092 - INFO - opcua.client.ua_client - read
2026-09-14 21:19:14,097 - INFO - opcua.uaprotocol - received header: Header(type:b'MSG', chunk_type:b'F', body_size:52, channel:94)
2026-09-14 21:19:16,501 - INFO - opcua.client.ua_client - close_session
2026-09-14 21:19:16,540 - INFO - opcua.uaprotocol - received header: Header(type:b'MSG', chunk_type:b'F', body_size:40, channel:94)
2026-09-14 21:19:16,540 - INFO - opcua.client.ua_client.Socket - close_secure_channel
2026-09-14 21:19:16,540 - INFO - opcua.client.ua_client.Socket - Request to close socket received
2026-09-14 21:19:16,541 - INFO - opcua.client.ua_client.Socket - Socket closed, waiting for receiver thread to terminate...
2026-09-14 21:19:16,541 - INFO - opcua.client.ua_client.Socket - Socket has closed connection
2026-09-14 21:19:16,541 - INFO - opcua.client.ua_client.Socket - Cancelling request 15
2026-09-14 21:19:16,541 - INFO - opcua.client.ua_client.Socket - Thread ended
2026-09-14 21:19:16,541 - INFO - opcua.client.ua_client.Socket - Done closing socket: Receiving thread terminated, socket disconnected
2026-09-14 21:19:19,213 - INFO - opcua.client.ua_client.Socket - opening connection
2026-09-14 21:19:19,402 - INFO - opcua.client.ua_client.Socket - Thread started
2026-09-14 21:19:19,403 - INFO - opcua.uaprotocol - received header: Header(type:b'ACK', chunk_type:b'F', body_size:20, channel:0)
2026-09-14 21:19:19,403 - INFO - opcua.client.ua_client.Socket - open_secure_channel
2026-09-14 21:19:19,404 - INFO - opcua.uaprotocol - received header: Header(type:b'OPN', chunk_type:b'F', body_size:123, channel:95)
2026-09-14 21:19:19,405 - INFO - opcua.client.ua_client - create_session
2026-09-14 21:19:20,012 - INFO - opcua.uaprotocol - received header: Header(type:b'MSG', chunk_type:b'F', body_size:2464, channel:95)
2026-09-14 21:19:20,013 - INFO - opcua.client.ua_client - activate_session
2026-09-14 21:19:20,021 - INFO - opcua.uaprotocol - received header: Header(type:b'MSG', chunk_type:b'F', body_size:52, channel:95)
2026-09-14 21:19:20,022 - INFO - opcua.client.ua_client - read
2026-09-14 21:19:20,044 - INFO - opcua.uaprotocol - received header: Header(type:b'MSG', chunk_type:b'F', body_size:52, channel:95)
2026-09-14 21:19:20,245 - INFO - opcua.client.ua_client - read
2026-09-14 21:19:20,248 - INFO - opcua.uaprotocol - received header: Header(type:b'MSG', chunk_type:b'F', body_size:52, channel:95)
2026-09-14 21:19:22,049 - INFO - opcua.client.ua_client - read
2026-09-14 21:19:22,054 - INFO - opcua.uaprotocol - received header: Header(type:b'MSG', chunk_type:b'F', body_size:52, channel:95)
2026-09-14 21:19:23,247 - INFO - opcua.client.ua_client - read
2026-09-14 21:19:23,253 - INFO - opcua.uaprotocol - received header: Header(type:b'MSG', chunk_type:b'F', body_size:52, channel:95)
2026-09-14 21:19:23,454 - INFO - opcua.client.ua_client - read
2026-09-14 21:19:23,458 - INFO - opcua.uaprotocol - received header: Header(type:b'MSG', chunk_type:b'F', body_size:52, channel:95)
2026-09-14 21:19:25,450 - INFO - opcua.client.ua_client - read
2026-09-14 21:19:25,454 - INFO - opcua.uaprotocol - received header: Header(type:b'MSG', chunk_type:b'F', body_size:62, channel:95)
2026-09-14 21:19:26,454 - INFO - opcua.client.ua_client - read
2026-09-14 21:19:26,458 - INFO - opcua.uaprotocol - received header: Header(type:b'MSG', chunk_type:b'F', body_size:52, channel:95)
2026-09-14 21:19:29,661 - INFO - opcua.client.ua_client - read
2026-09-14 21:19:29,665 - INFO - opcua.uaprotocol - received header: Header(type:b'MSG', chunk_type:b'F', body_size:52, channel:95)
2026-09-14 21:19:30,451 - INFO - opcua.client.ua_client - read
2026-09-14 21:19:30,454 - INFO - opcua.uaprotocol - received header: Header(type:b'MSG', chunk_type:b'F', body_size:62, channel:95)
2026-09-14 21:19:32,004 - INFO - opcua.client.ua_client - close_session
2026-09-14 21:19:32,040 - INFO - opcua.uaprotocol - received header: Header(type:b'MSG', chunk_type:b'F', body_size:40, channel:95)
2026-09-14 21:19:32,040 - INFO - opcua.client.ua_client.Socket - close_secure_channel
2026-09-14 21:19:32,041 - INFO - opcua.client.ua_client.Socket - Request to close socket received
2026-09-14 21:19:32,041 - INFO - opcua.client.ua_client.Socket - Socket closed, waiting for receiver thread to terminate...
2026-09-14 21:19:32,041 - INFO - opcua.client.ua_client.Socket - Socket has closed connection
2026-09-14 21:19:32,041 - INFO - opcua.client.ua_client.Socket - Cancelling request 14
2026-09-14 21:19:32,041 - INFO - opcua.client.ua_client.Socket - Thread ended
2026-09-14 21:19:32,041 - INFO - opcua.client.ua_client.Socket - Done closing socket: Receiving thread terminated, socket disconnected
2026-09-14 21:19:34,160 - INFO - opcua.client.ua_client.Socket - opening connection
2026-09-14 21:19:34,322 - INFO - opcua.client.ua_client.Socket - Thread started
2026-09-14 21:19:34,323 - INFO - opcua.uaprotocol - received header: Header(type:b'ACK', chunk_type:b'F', body_size:20, channel:0)
2026-09-14 21:19:34,323 - INFO - opcua.client.ua_client.Socket - open_secure_channel
2026-09-14 21:19:34,325 - INFO - opcua.uaprotocol - received header: Header(type:b'OPN', chunk_type:b'F', body_size:123, channel:96)
2026-09-14 21:19:34,325 - INFO - opcua.client.ua_client - create_session
2026-09-14 21:19:34,716 - INFO - opcua.uaprotocol - received header: Header(type:b'MSG', chunk_type:b'F', body_size:2464, channel:96)
2026-09-14 21:19:34,717 - INFO - opcua.client.ua_client - activate_session
2026-09-14 21:19:34,734 - INFO - opcua.uaprotocol - received header: Header(type:b'MSG', chunk_type:b'F', body_size:52, channel:96)
2026-09-14 21:19:34,734 - INFO - opcua.client.ua_client - read
2026-09-14 21:19:34,739 - INFO - opcua.uaprotocol - received header: Header(type:b'MSG', chunk_type:b'F', body_size:52, channel:96)
2026-09-14 21:19:34,940 - INFO - opcua.client.ua_client - read
2026-09-14 21:19:34,943 - INFO - opcua.uaprotocol - received header: Header(type:b'MSG', chunk_type:b'F', body_size:52, channel:96)
2026-09-14 21:19:37,020 - INFO - opcua.client.ua_client - read
2026-09-14 21:19:37,025 - INFO - opcua.uaprotocol - received header: Header(type:b'MSG', chunk_type:b'F', body_size:52, channel:96)
2026-09-14 21:19:37,943 - INFO - opcua.client.ua_client - read
2026-09-14 21:19:37,946 - INFO - opcua.uaprotocol - received header: Header(type:b'MSG', chunk_type:b'F', body_size:52, channel:96)
2026-09-14 21:19:38,215 - INFO - opcua.client.ua_client - read
2026-09-14 21:19:38,219 - INFO - opcua.uaprotocol - received header: Header(type:b'MSG', chunk_type:b'F', body_size:52, channel:96)
2026-09-14 21:19:40,144 - INFO - opcua.client.ua_client - read
2026-09-14 21:19:40,152 - INFO - opcua.uaprotocol - received header: Header(type:b'MSG', chunk_type:b'F', body_size:62, channel:96)
2026-09-14 21:19:41,149 - INFO - opcua.client.ua_client - read
2026-09-14 21:19:41,153 - INFO - opcua.uaprotocol - received header: Header(type:b'MSG', chunk_type:b'F', body_size:52, channel:96)
2026-09-14 21:19:43,344 - INFO - opcua.client.ua_client - close_session
2026-09-14 21:19:43,382 - INFO - opcua.uaprotocol - received header: Header(type:b'MSG', chunk_type:b'F', body_size:40, channel:96)
2026-09-14 21:19:43,382 - INFO - opcua.client.ua_client.Socket - close_secure_channel
2026-09-14 21:19:43,382 - INFO - opcua.client.ua_client.Socket - Request to close socket received
2026-09-14 21:19:43,383 - INFO - opcua.client.ua_client.Socket - Socket closed, waiting for receiver thread to terminate...
2026-09-14 21:19:43,383 - INFO - opcua.client.ua_client.Socket - Socket has closed connection
2026-09-14 21:19:43,383 - INFO - opcua.client.ua_client.Socket - Cancelling request 12
2026-09-14 21:19:43,383 - INFO - opcua.client.ua_client.Socket - Thread ended
2026-09-14 21:19:43,383 - INFO - opcua.client.ua_client.Socket - Done closing socket: Receiving thread terminated, socket disconnected
2026-09-14 21:19:45,162 - INFO - opcua.client.ua_client.Socket - opening connection
2026-09-14 21:19:45,406 - INFO - opcua.client.ua_client.Socket - Thread started
2026-09-14 21:19:45,408 - INFO - opcua.uaprotocol - received header: Header(type:b'ACK', chunk_type:b'F', body_size:20, channel:0)
2026-09-14 21:19:45,408 - INFO - opcua.client.ua_client.Socket - open_secure_channel
2026-09-14 21:19:45,409 - INFO - opcua.uaprotocol - received header: Header(type:b'OPN', chunk_type:b'F', body_size:123, channel:97)
2026-09-14 21:19:45,410 - INFO - opcua.client.ua_client - create_session
2026-09-14 21:19:45,613 - INFO - opcua.uaprotocol - received header: Header(type:b'MSG', chunk_type:b'F', body_size:2464, channel:97)
2026-09-14 21:19:45,614 - INFO - opcua.client.ua_client - activate_session
2026-09-14 21:19:45,621 - INFO - opcua.uaprotocol - received header: Header(type:b'MSG', chunk_type:b'F', body_size:52, channel:97)
2026-09-14 21:19:45,621 - INFO - opcua.client.ua_client - read
2026-09-14 21:19:45,626 - INFO - opcua.uaprotocol - received header: Header(type:b'MSG', chunk_type:b'F', body_size:52, channel:97)
2026-09-14 21:19:45,826 - INFO - opcua.client.ua_client - read
2026-09-14 21:19:45,831 - INFO - opcua.uaprotocol - received header: Header(type:b'MSG', chunk_type:b'F', body_size:52, channel:97)
2026-09-14 21:19:48,065 - INFO - opcua.client.ua_client - read
2026-09-14 21:19:48,069 - INFO - opcua.uaprotocol - received header: Header(type:b'MSG', chunk_type:b'F', body_size:52, channel:97)
2026-09-14 21:19:48,827 - INFO - opcua.client.ua_client - read
2026-09-14 21:19:48,830 - INFO - opcua.uaprotocol - received header: Header(type:b'MSG', chunk_type:b'F', body_size:52, channel:97)
2026-09-14 21:19:49,055 - INFO - opcua.client.ua_client - read
2026-09-14 21:19:49,059 - INFO - opcua.uaprotocol - received header: Header(type:b'MSG', chunk_type:b'F', body_size:52, channel:97)
2026-09-14 21:19:49,262 - INFO - opcua.client.ua_client - read
2026-09-14 21:19:49,266 - INFO - opcua.uaprotocol - received header: Header(type:b'MSG', chunk_type:b'F', body_size:52, channel:97)
2026-09-14 21:19:50,552 - INFO - opcua.client.ua_client - read
2026-09-14 21:19:50,557 - INFO - opcua.uaprotocol - received header: Header(type:b'MSG', chunk_type:b'F', body_size:52, channel:97)
2026-09-14 21:19:51,032 - INFO - opcua.client.ua_client - read
2026-09-14 21:19:51,043 - INFO - opcua.uaprotocol - received header: Header(type:b'MSG', chunk_type:b'F', body_size:62, channel:97)
2026-09-14 21:19:52,028 - INFO - opcua.client.ua_client - read
2026-09-14 21:19:52,032 - INFO - opcua.uaprotocol - received header: Header(type:b'MSG', chunk_type:b'F', body_size:52, channel:97)
2026-09-14 21:19:52,233 - INFO - opcua.client.ua_client - read
2026-09-14 21:19:52,236 - INFO - opcua.uaprotocol - received header: Header(type:b'MSG', chunk_type:b'F', body_size:52, channel:97)
2026-09-14 21:19:55,438 - INFO - opcua.client.ua_client - read
2026-09-14 21:19:55,442 - INFO - opcua.uaprotocol - received header: Header(type:b'MSG', chunk_type:b'F', body_size:52, channel:97)
2026-09-14 21:19:56,032 - INFO - opcua.client.ua_client - read
2026-09-14 21:19:56,037 - INFO - opcua.uaprotocol - received header: Header(type:b'MSG', chunk_type:b'F', body_size:62, channel:97)
2026-09-14 21:19:58,089 - INFO - opcua.client.ua_client - close_session
2026-09-14 21:19:58,126 - INFO - opcua.uaprotocol - received header: Header(type:b'MSG', chunk_type:b'F', body_size:40, channel:97)
2026-09-14 21:19:58,126 - INFO - opcua.client.ua_client.Socket - close_secure_channel
2026-09-14 21:19:58,126 - INFO - opcua.client.ua_client.Socket - Request to close socket received
2026-09-14 21:19:58,126 - INFO - opcua.client.ua_client.Socket - Socket closed, waiting for receiver thread to terminate...
2026-09-14 21:19:58,126 - INFO - opcua.client.ua_client.Socket - Socket has closed connection
2026-09-14 21:19:58,127 - INFO - opcua.client.ua_client.Socket - Cancelling request 17
2026-09-14 21:19:58,127 - INFO - opcua.client.ua_client.Socket - Thread ended
2026-09-14 21:19:58,127 - INFO - opcua.client.ua_client.Socket - Done closing socket: Receiving thread terminated, socket disconnected
2026-09-14 21:20:01,571 - INFO - opcua.client.ua_client.Socket - opening connection
2026-09-14 21:20:01,727 - INFO - opcua.client.ua_client.Socket - Thread started
2026-09-14 21:20:01,729 - INFO - opcua.uaprotocol - received header: Header(type:b'ACK', chunk_type:b'F', body_size:20, channel:0)
2026-09-14 21:20:01,729 - INFO - opcua.client.ua_client.Socket - open_secure_channel
2026-09-14 21:20:01,730 - INFO - opcua.uaprotocol - received header: Header(type:b'OPN', chunk_type:b'F', body_size:123, channel:98)
2026-09-14 21:20:01,730 - INFO - opcua.client.ua_client - create_session
2026-09-14 21:20:01,907 - INFO - opcua.uaprotocol - received header: Header(type:b'MSG', chunk_type:b'F', body_size:2464, channel:98)
2026-09-14 21:20:01,907 - INFO - opcua.client.ua_client - activate_session
2026-09-14 21:20:01,911 - INFO - opcua.uaprotocol - received header: Header(type:b'MSG', chunk_type:b'F', body_size:52, channel:98)
2026-09-14 21:20:01,911 - INFO - opcua.client.ua_client - read
2026-09-14 21:20:01,915 - INFO - opcua.uaprotocol - received header: Header(type:b'MSG', chunk_type:b'F', body_size:52, channel:98)
2026-09-14 21:20:02,118 - INFO - opcua.client.ua_client - read
2026-09-14 21:20:02,122 - INFO - opcua.uaprotocol - received header: Header(type:b'MSG', chunk_type:b'F', body_size:52, channel:98)
2026-09-14 21:20:03,739 - INFO - opcua.client.ua_client - read
2026-09-14 21:20:03,744 - INFO - opcua.uaprotocol - received header: Header(type:b'MSG', chunk_type:b'F', body_size:52, channel:98)
2026-09-14 21:20:04,258 - INFO - opcua.client.ua_client - read
2026-09-14 21:20:04,262 - INFO - opcua.uaprotocol - received header: Header(type:b'MSG', chunk_type:b'F', body_size:52, channel:98)
2026-09-14 21:20:05,747 - INFO - opcua.client.ua_client - read
2026-09-14 21:20:05,751 - INFO - opcua.uaprotocol - received header: Header(type:b'MSG', chunk_type:b'F', body_size:52, channel:98)
2026-09-14 21:20:05,952 - INFO - opcua.client.ua_client - read
2026-09-14 21:20:05,960 - INFO - opcua.uaprotocol - received header: Header(type:b'MSG', chunk_type:b'F', body_size:52, channel:98)
2026-09-14 21:20:06,464 - INFO - opcua.client.ua_client - read
2026-09-14 21:20:06,474 - INFO - opcua.uaprotocol - received header: Header(type:b'MSG', chunk_type:b'F', body_size:62, channel:98)
2026-09-14 21:20:07,462 - INFO - opcua.client.ua_client - read
2026-09-14 21:20:07,466 - INFO - opcua.uaprotocol - received header: Header(type:b'MSG', chunk_type:b'F', body_size:52, channel:98)
2026-09-14 21:20:10,668 - INFO - opcua.client.ua_client - read
2026-09-14 21:20:10,672 - INFO - opcua.uaprotocol - received header: Header(type:b'MSG', chunk_type:b'F', body_size:52, channel:98)
2026-09-14 21:20:11,464 - INFO - opcua.client.ua_client - read
2026-09-14 21:20:11,468 - INFO - opcua.uaprotocol - received header: Header(type:b'MSG', chunk_type:b'F', body_size:62, channel:98)
2026-09-14 21:20:13,062 - INFO - opcua.client.ua_client - close_session
2026-09-14 21:20:13,189 - INFO - opcua.uaprotocol - received header: Header(type:b'MSG', chunk_type:b'F', body_size:40, channel:98)
2026-09-14 21:20:13,190 - INFO - opcua.client.ua_client.Socket - close_secure_channel
2026-09-14 21:20:13,190 - INFO - opcua.client.ua_client.Socket - Request to close socket received
2026-09-14 21:20:13,190 - INFO - opcua.client.ua_client.Socket - Socket closed, waiting for receiver thread to terminate...
2026-09-14 21:20:13,190 - INFO - opcua.client.ua_client.Socket - Socket has closed connection
2026-09-14 21:20:13,190 - INFO - opcua.client.ua_client.Socket - Cancelling request 15
2026-09-14 21:20:13,190 - INFO - opcua.client.ua_client.Socket - Thread ended
2026-09-14 21:20:13,190 - INFO - opcua.client.ua_client.Socket - Done closing socket: Receiving thread terminated, socket disconnected
2026-09-14 21:20:15,091 - INFO - opcua.client.ua_client.Socket - opening connection
2026-09-14 21:20:15,321 - INFO - opcua.client.ua_client.Socket - Thread started
2026-09-14 21:20:15,323 - INFO - opcua.uaprotocol - received header: Header(type:b'ACK', chunk_type:b'F', body_size:20, channel:0)
2026-09-14 21:20:15,323 - INFO - opcua.client.ua_client.Socket - open_secure_channel
2026-09-14 21:20:15,324 - INFO - opcua.uaprotocol - received header: Header(type:b'OPN', chunk_type:b'F', body_size:123, channel:99)
2026-09-14 21:20:15,324 - INFO - opcua.client.ua_client - create_session
2026-09-14 21:20:15,497 - INFO - opcua.uaprotocol - received header: Header(type:b'MSG', chunk_type:b'F', body_size:2464, channel:99)
2026-09-14 21:20:15,498 - INFO - opcua.client.ua_client - activate_session
2026-09-14 21:20:15,501 - INFO - opcua.uaprotocol - received header: Header(type:b'MSG', chunk_type:b'F', body_size:52, channel:99)
2026-09-14 21:20:15,502 - INFO - opcua.client.ua_client - read
2026-09-14 21:20:15,507 - INFO - opcua.uaprotocol - received header: Header(type:b'MSG', chunk_type:b'F', body_size:52, channel:99)
2026-09-14 21:20:15,708 - INFO - opcua.client.ua_client - read
2026-09-14 21:20:15,714 - INFO - opcua.uaprotocol - received header: Header(type:b'MSG', chunk_type:b'F', body_size:52, channel:99)
2026-09-14 21:20:18,710 - INFO - opcua.client.ua_client - read
2026-09-14 21:20:18,714 - INFO - opcua.uaprotocol - received header: Header(type:b'MSG', chunk_type:b'F', body_size:52, channel:99)
2026-09-14 21:20:20,917 - INFO - opcua.client.ua_client - read
2026-09-14 21:20:20,930 - INFO - opcua.uaprotocol - received header: Header(type:b'MSG', chunk_type:b'F', body_size:62, channel:99)
2026-09-14 21:20:21,918 - INFO - opcua.client.ua_client - read
2026-09-14 21:20:21,922 - INFO - opcua.uaprotocol - received header: Header(type:b'MSG', chunk_type:b'F', body_size:52, channel:99)
2026-09-14 21:20:25,125 - INFO - opcua.client.ua_client - read
2026-09-14 21:20:25,129 - INFO - opcua.uaprotocol - received header: Header(type:b'MSG', chunk_type:b'F', body_size:52, channel:99)
2026-09-14 21:20:25,917 - INFO - opcua.client.ua_client - read
2026-09-14 21:20:25,920 - INFO - opcua.uaprotocol - received header: Header(type:b'MSG', chunk_type:b'F', body_size:62, channel:99)
2026-09-14 21:20:28,329 - INFO - opcua.client.ua_client - read
2026-09-14 21:20:28,333 - INFO - opcua.uaprotocol - received header: Header(type:b'MSG', chunk_type:b'F', body_size:52, channel:99)
2026-09-14 21:20:30,683 - INFO - opcua.client.ua_client - read
2026-09-14 21:20:30,687 - INFO - opcua.uaprotocol - received header: Header(type:b'MSG', chunk_type:b'F', body_size:52, channel:99)
2026-09-14 21:20:30,917 - INFO - opcua.client.ua_client - read
2026-09-14 21:20:30,921 - INFO - opcua.uaprotocol - received header: Header(type:b'MSG', chunk_type:b'F', body_size:62, channel:99)
2026-09-14 21:20:31,541 - INFO - opcua.client.ua_client - read
2026-09-14 21:20:31,545 - INFO - opcua.uaprotocol - received header: Header(type:b'MSG', chunk_type:b'F', body_size:52, channel:99)
2026-09-14 21:20:31,746 - INFO - opcua.client.ua_client - read
2026-09-14 21:20:31,751 - INFO - opcua.uaprotocol - received header: Header(type:b'MSG', chunk_type:b'F', body_size:52, channel:99)
2026-09-14 21:20:31,952 - INFO - opcua.client.ua_client - read
2026-09-14 21:20:31,956 - INFO - opcua.uaprotocol - received header: Header(type:b'MSG', chunk_type:b'F', body_size:52, channel:99)
2026-09-14 21:20:34,746 - INFO - opcua.client.ua_client - read
2026-09-14 21:20:34,749 - INFO - opcua.uaprotocol - received header: Header(type:b'MSG', chunk_type:b'F', body_size:52, channel:99)
2026-09-14 21:20:35,040 - INFO - opcua.client.ua_client - close_session
2026-09-14 21:20:35,173 - INFO - opcua.uaprotocol - received header: Header(type:b'MSG', chunk_type:b'F', body_size:40, channel:99)
2026-09-14 21:20:35,174 - INFO - opcua.client.ua_client.Socket - close_secure_channel
2026-09-14 21:20:35,174 - INFO - opcua.client.ua_client.Socket - Request to close socket received
2026-09-14 21:20:35,174 - INFO - opcua.client.ua_client.Socket - Socket closed, waiting for receiver thread to terminate...
2026-09-14 21:20:35,174 - INFO - opcua.client.ua_client.Socket - Socket has closed connection
2026-09-14 21:20:35,174 - INFO - opcua.client.ua_client.Socket - Cancelling request 19
2026-09-14 21:20:35,174 - INFO - opcua.client.ua_client.Socket - Thread ended
2026-09-14 21:20:35,174 - INFO - opcua.client.ua_client.Socket - Done closing socket: Receiving thread terminated, socket disconnected
2026-09-14 21:20:41,557 - INFO - opcua.client.ua_client.Socket - opening connection
2026-09-14 21:20:41,626 - INFO - opcua.client.ua_client.Socket - Thread started
2026-09-14 21:20:41,627 - INFO - opcua.uaprotocol - received header: Header(type:b'ACK', chunk_type:b'F', body_size:20, channel:0)
2026-09-14 21:20:41,627 - INFO - opcua.client.ua_client.Socket - open_secure_channel
2026-09-14 21:20:41,629 - INFO - opcua.uaprotocol - received header: Header(type:b'OPN', chunk_type:b'F', body_size:123, channel:100)
2026-09-14 21:20:41,629 - INFO - opcua.client.ua_client - create_session
2026-09-14 21:20:41,808 - INFO - opcua.uaprotocol - received header: Header(type:b'MSG', chunk_type:b'F', body_size:2464, channel:100)
2026-09-14 21:20:41,809 - INFO - opcua.client.ua_client - activate_session
2026-09-14 21:20:41,812 - INFO - opcua.uaprotocol - received header: Header(type:b'MSG', chunk_type:b'F', body_size:52, channel:100)
2026-09-14 21:20:41,812 - INFO - opcua.client.ua_client - read
2026-09-14 21:20:41,817 - INFO - opcua.uaprotocol - received header: Header(type:b'MSG', chunk_type:b'F', body_size:52, channel:100)
2026-09-14 21:20:42,020 - INFO - opcua.client.ua_client - read
2026-09-14 21:20:42,023 - INFO - opcua.uaprotocol - received header: Header(type:b'MSG', chunk_type:b'F', body_size:52, channel:100)
2026-09-14 21:20:44,285 - INFO - opcua.client.ua_client - read
2026-09-14 21:20:44,289 - INFO - opcua.uaprotocol - received header: Header(type:b'MSG', chunk_type:b'F', body_size:52, channel:100)
2026-09-14 21:20:45,021 - INFO - opcua.client.ua_client - read
2026-09-14 21:20:45,025 - INFO - opcua.uaprotocol - received header: Header(type:b'MSG', chunk_type:b'F', body_size:52, channel:100)
2026-09-14 21:20:45,479 - INFO - opcua.client.ua_client - read
2026-09-14 21:20:45,485 - INFO - opcua.uaprotocol - received header: Header(type:b'MSG', chunk_type:b'F', body_size:52, channel:100)
2026-09-14 21:20:46,679 - INFO - opcua.client.ua_client - read
2026-09-14 21:20:46,683 - INFO - opcua.uaprotocol - received header: Header(type:b'MSG', chunk_type:b'F', body_size:52, channel:100)
2026-09-14 21:20:46,885 - INFO - opcua.client.ua_client - read
2026-09-14 21:20:46,889 - INFO - opcua.uaprotocol - received header: Header(type:b'MSG', chunk_type:b'F', body_size:52, channel:100)
2026-09-14 21:20:47,226 - INFO - opcua.client.ua_client - read
2026-09-14 21:20:47,238 - INFO - opcua.uaprotocol - received header: Header(type:b'MSG', chunk_type:b'F', body_size:62, channel:100)
2026-09-14 21:20:48,227 - INFO - opcua.client.ua_client - read
2026-09-14 21:20:48,231 - INFO - opcua.uaprotocol - received header: Header(type:b'MSG', chunk_type:b'F', body_size:52, channel:100)
2026-09-14 21:20:51,431 - INFO - opcua.client.ua_client - read
2026-09-14 21:20:51,435 - INFO - opcua.uaprotocol - received header: Header(type:b'MSG', chunk_type:b'F', body_size:52, channel:100)
2026-09-14 21:20:52,227 - INFO - opcua.client.ua_client - read
2026-09-14 21:20:52,230 - INFO - opcua.uaprotocol - received header: Header(type:b'MSG', chunk_type:b'F', body_size:62, channel:100)
2026-09-14 21:20:52,989 - INFO - opcua.client.ua_client - close_session
2026-09-14 21:20:53,123 - INFO - opcua.uaprotocol - received header: Header(type:b'MSG', chunk_type:b'F', body_size:40, channel:100)
2026-09-14 21:20:53,123 - INFO - opcua.client.ua_client.Socket - close_secure_channel
2026-09-14 21:20:53,124 - INFO - opcua.client.ua_client.Socket - Request to close socket received
2026-09-14 21:20:53,124 - INFO - opcua.client.ua_client.Socket - Socket closed, waiting for receiver thread to terminate...
2026-09-14 21:20:53,124 - INFO - opcua.client.ua_client.Socket - Socket has closed connection
2026-09-14 21:20:53,124 - INFO - opcua.client.ua_client.Socket - Cancelling request 16
2026-09-14 21:20:53,124 - INFO - opcua.client.ua_client.Socket - Thread ended
2026-09-14 21:20:53,124 - INFO - opcua.client.ua_client.Socket - Done closing socket: Receiving thread terminated, socket disconnected
2026-09-14 21:20:56,807 - INFO - opcua.client.ua_client.Socket - opening connection
2026-09-14 21:20:57,050 - INFO - opcua.client.ua_client.Socket - Thread started
2026-09-14 21:20:57,051 - INFO - opcua.uaprotocol - received header: Header(type:b'ACK', chunk_type:b'F', body_size:20, channel:0)
2026-09-14 21:20:57,051 - INFO - opcua.client.ua_client.Socket - open_secure_channel
2026-09-14 21:20:57,052 - INFO - opcua.uaprotocol - received header: Header(type:b'OPN', chunk_type:b'F', body_size:123, channel:101)
2026-09-14 21:20:57,053 - INFO - opcua.client.ua_client - create_session
2026-09-14 21:20:57,234 - INFO - opcua.uaprotocol - received header: Header(type:b'MSG', chunk_type:b'F', body_size:2464, channel:101)
2026-09-14 21:20:57,235 - INFO - opcua.client.ua_client - activate_session
2026-09-14 21:20:57,239 - INFO - opcua.uaprotocol - received header: Header(type:b'MSG', chunk_type:b'F', body_size:52, channel:101)
2026-09-14 21:20:57,239 - INFO - opcua.client.ua_client - read
2026-09-14 21:20:57,243 - INFO - opcua.uaprotocol - received header: Header(type:b'MSG', chunk_type:b'F', body_size:52, channel:101)
2026-09-14 21:20:57,446 - INFO - opcua.client.ua_client - read
2026-09-14 21:20:57,450 - INFO - opcua.uaprotocol - received header: Header(type:b'MSG', chunk_type:b'F', body_size:52, channel:101)
2026-09-14 21:20:58,670 - INFO - opcua.client.ua_client - read
2026-09-14 21:20:58,674 - INFO - opcua.uaprotocol - received header: Header(type:b'MSG', chunk_type:b'F', body_size:52, channel:101)
2026-09-14 21:20:59,946 - INFO - opcua.client.ua_client - read
2026-09-14 21:20:59,950 - INFO - opcua.uaprotocol - received header: Header(type:b'MSG', chunk_type:b'F', body_size:52, channel:101)
2026-09-14 21:21:00,456 - INFO - opcua.client.ua_client - read
2026-09-14 21:21:00,461 - INFO - opcua.uaprotocol - received header: Header(type:b'MSG', chunk_type:b'F', body_size:52, channel:101)
2026-09-14 21:21:01,294 - INFO - opcua.client.ua_client - read
2026-09-14 21:21:01,299 - INFO - opcua.uaprotocol - received header: Header(type:b'MSG', chunk_type:b'F', body_size:52, channel:101)
2026-09-14 21:21:02,426 - INFO - opcua.client.ua_client - read
2026-09-14 21:21:02,432 - INFO - opcua.uaprotocol - received header: Header(type:b'MSG', chunk_type:b'F', body_size:52, channel:101)
2026-09-14 21:21:02,633 - INFO - opcua.client.ua_client - read
2026-09-14 21:21:02,642 - INFO - opcua.uaprotocol - received header: Header(type:b'MSG', chunk_type:b'F', body_size:52, channel:101)
2026-09-14 21:21:02,843 - INFO - opcua.client.ua_client - read
2026-09-14 21:21:02,847 - INFO - opcua.uaprotocol - received header: Header(type:b'MSG', chunk_type:b'F', body_size:62, channel:101)
2026-09-14 21:21:03,668 - INFO - opcua.client.ua_client - read
2026-09-14 21:21:03,674 - INFO - opcua.uaprotocol - received header: Header(type:b'MSG', chunk_type:b'F', body_size:52, channel:101)
2026-09-14 21:21:06,013 - INFO - opcua.client.ua_client - read
2026-09-14 21:21:06,017 - INFO - opcua.uaprotocol - received header: Header(type:b'MSG', chunk_type:b'F', body_size:52, channel:101)
2026-09-14 21:21:06,981 - INFO - opcua.client.ua_client - read
2026-09-14 21:21:06,985 - INFO - opcua.uaprotocol - received header: Header(type:b'MSG', chunk_type:b'F', body_size:62, channel:101)
2026-09-14 21:21:07,711 - INFO - opcua.client.ua_client - close_session
2026-09-14 21:21:07,869 - INFO - opcua.uaprotocol - received header: Header(type:b'MSG', chunk_type:b'F', body_size:40, channel:101)
2026-09-14 21:21:07,869 - INFO - opcua.client.ua_client.Socket - close_secure_channel
2026-09-14 21:21:07,870 - INFO - opcua.client.ua_client.Socket - Request to close socket received
2026-09-14 21:21:07,870 - INFO - opcua.client.ua_client.Socket - Socket closed, waiting for receiver thread to terminate...
2026-09-14 21:21:07,870 - INFO - opcua.client.ua_client.Socket - Socket has closed connection
2026-09-14 21:21:07,870 - INFO - opcua.client.ua_client.Socket - Cancelling request 17
2026-09-14 21:21:07,870 - INFO - opcua.client.ua_client.Socket - Thread ended
2026-09-14 21:21:07,870 - INFO - opcua.client.ua_client.Socket - Done closing socket: Receiving thread terminated, socket disconnected
2026-09-14 21:21:10,224 - INFO - opcua.client.ua_client.Socket - opening connection
2026-09-14 21:21:10,261 - INFO - opcua.client.ua_client.Socket - Thread started
2026-09-14 21:21:10,263 - INFO - opcua.uaprotocol - received header: Header(type:b'ACK', chunk_type:b'F', body_size:20, channel:0)
2026-09-14 21:21:10,263 - INFO - opcua.client.ua_client.Socket - open_secure_channel
2026-09-14 21:21:10,264 - INFO - opcua.uaprotocol - received header: Header(type:b'OPN', chunk_type:b'F', body_size:123, channel:102)
2026-09-14 21:21:10,265 - INFO - opcua.client.ua_client - create_session
2026-09-14 21:21:10,743 - INFO - opcua.uaprotocol - received header: Header(type:b'MSG', chunk_type:b'F', body_size:2464, channel:102)
2026-09-14 21:21:10,744 - INFO - opcua.client.ua_client - activate_session
2026-09-14 21:21:10,751 - INFO - opcua.uaprotocol - received header: Header(type:b'MSG', chunk_type:b'F', body_size:52, channel:102)
2026-09-14 21:21:10,752 - INFO - opcua.client.ua_client - read
2026-09-14 21:21:10,756 - INFO - opcua.uaprotocol - received header: Header(type:b'MSG', chunk_type:b'F', body_size:52, channel:102)
2026-09-14 21:21:10,957 - INFO - opcua.client.ua_client - read
2026-09-14 21:21:10,960 - INFO - opcua.uaprotocol - received header: Header(type:b'MSG', chunk_type:b'F', body_size:52, channel:102)
2026-09-14 21:21:12,900 - INFO - opcua.client.ua_client - read
2026-09-14 21:21:12,905 - INFO - opcua.uaprotocol - received header: Header(type:b'MSG', chunk_type:b'F', body_size:52, channel:102)
2026-09-14 21:21:13,957 - INFO - opcua.client.ua_client - read
2026-09-14 21:21:13,961 - INFO - opcua.uaprotocol - received header: Header(type:b'MSG', chunk_type:b'F', body_size:52, channel:102)
2026-09-14 21:21:14,163 - INFO - opcua.client.ua_client - read
2026-09-14 21:21:14,169 - INFO - opcua.uaprotocol - received header: Header(type:b'MSG', chunk_type:b'F', body_size:52, channel:102)
2026-09-14 21:21:15,285 - INFO - opcua.client.ua_client - read
2026-09-14 21:21:15,289 - INFO - opcua.uaprotocol - received header: Header(type:b'MSG', chunk_type:b'F', body_size:52, channel:102)
2026-09-14 21:21:16,162 - INFO - opcua.client.ua_client - read
2026-09-14 21:21:16,169 - INFO - opcua.uaprotocol - received header: Header(type:b'MSG', chunk_type:b'F', body_size:62, channel:102)
2026-09-14 21:21:16,457 - INFO - opcua.client.ua_client - read
2026-09-14 21:21:16,461 - INFO - opcua.uaprotocol - received header: Header(type:b'MSG', chunk_type:b'F', body_size:52, channel:102)
2026-09-14 21:21:16,664 - INFO - opcua.client.ua_client - read
2026-09-14 21:21:16,668 - INFO - opcua.uaprotocol - received header: Header(type:b'MSG', chunk_type:b'F', body_size:52, channel:102)
2026-09-14 21:21:17,163 - INFO - opcua.client.ua_client - read
2026-09-14 21:21:17,167 - INFO - opcua.uaprotocol - received header: Header(type:b'MSG', chunk_type:b'F', body_size:52, channel:102)
2026-09-14 21:21:20,371 - INFO - opcua.client.ua_client - read
2026-09-14 21:21:20,374 - INFO - opcua.uaprotocol - received header: Header(type:b'MSG', chunk_type:b'F', body_size:52, channel:102)
2026-09-14 21:21:21,162 - INFO - opcua.client.ua_client - read
2026-09-14 21:21:21,167 - INFO - opcua.uaprotocol - received header: Header(type:b'MSG', chunk_type:b'F', body_size:62, channel:102)
2026-09-14 21:21:23,344 - INFO - opcua.client.ua_client - close_session
2026-09-14 21:21:23,384 - INFO - opcua.uaprotocol - received header: Header(type:b'MSG', chunk_type:b'F', body_size:40, channel:102)
2026-09-14 21:21:23,384 - INFO - opcua.client.ua_client.Socket - close_secure_channel
2026-09-14 21:21:23,384 - INFO - opcua.client.ua_client.Socket - Request to close socket received
2026-09-14 21:21:23,384 - INFO - opcua.client.ua_client.Socket - Socket closed, waiting for receiver thread to terminate...
2026-09-14 21:21:23,384 - INFO - opcua.client.ua_client.Socket - Socket has closed connection
2026-09-14 21:21:23,384 - INFO - opcua.client.ua_client.Socket - Cancelling request 17
2026-09-14 21:21:23,384 - INFO - opcua.client.ua_client.Socket - Thread ended
2026-09-14 21:21:23,384 - INFO - opcua.client.ua_client.Socket - Done closing socket: Receiving thread terminated, socket disconnected
2026-09-14 21:21:25,864 - INFO - opcua.client.ua_client.Socket - opening connection
2026-09-14 21:21:26,127 - INFO - opcua.client.ua_client.Socket - Thread started
2026-09-14 21:21:26,129 - INFO - opcua.uaprotocol - received header: Header(type:b'ACK', chunk_type:b'F', body_size:20, channel:0)
2026-09-14 21:21:26,129 - INFO - opcua.client.ua_client.Socket - open_secure_channel
2026-09-14 21:21:26,131 - INFO - opcua.uaprotocol - received header: Header(type:b'OPN', chunk_type:b'F', body_size:123, channel:103)
2026-09-14 21:21:26,131 - INFO - opcua.client.ua_client - create_session
2026-09-14 21:21:26,361 - INFO - opcua.uaprotocol - received header: Header(type:b'MSG', chunk_type:b'F', body_size:2464, channel:103)
2026-09-14 21:21:26,362 - INFO - opcua.client.ua_client - activate_session
2026-09-14 21:21:26,367 - INFO - opcua.uaprotocol - received header: Header(type:b'MSG', chunk_type:b'F', body_size:52, channel:103)
2026-09-14 21:21:26,367 - INFO - opcua.client.ua_client - read
2026-09-14 21:21:26,371 - INFO - opcua.uaprotocol - received header: Header(type:b'MSG', chunk_type:b'F', body_size:52, channel:103)
2026-09-14 21:21:26,574 - INFO - opcua.client.ua_client - read
2026-09-14 21:21:26,578 - INFO - opcua.uaprotocol - received header: Header(type:b'MSG', chunk_type:b'F', body_size:52, channel:103)
2026-09-14 21:21:29,575 - INFO - opcua.client.ua_client - read
2026-09-14 21:21:29,580 - INFO - opcua.uaprotocol - received header: Header(type:b'MSG', chunk_type:b'F', body_size:52, channel:103)
2026-09-14 21:21:29,923 - INFO - opcua.client.ua_client - read
2026-09-14 21:21:29,927 - INFO - opcua.uaprotocol - received header: Header(type:b'MSG', chunk_type:b'F', body_size:52, channel:103)
2026-09-14 21:21:30,884 - INFO - opcua.client.ua_client - read
2026-09-14 21:21:30,888 - INFO - opcua.uaprotocol - received header: Header(type:b'MSG', chunk_type:b'F', body_size:52, channel:103)
2026-09-14 21:21:31,780 - INFO - opcua.client.ua_client - read
2026-09-14 21:21:31,786 - INFO - opcua.uaprotocol - received header: Header(type:b'MSG', chunk_type:b'F', body_size:62, channel:103)
2026-09-14 21:21:31,847 - INFO - opcua.client.ua_client - read
2026-09-14 21:21:31,851 - INFO - opcua.uaprotocol - received header: Header(type:b'MSG', chunk_type:b'F', body_size:52, channel:103)
2026-09-14 21:21:32,053 - INFO - opcua.client.ua_client - read
2026-09-14 21:21:32,057 - INFO - opcua.uaprotocol - received header: Header(type:b'MSG', chunk_type:b'F', body_size:52, channel:103)
2026-09-14 21:21:32,782 - INFO - opcua.client.ua_client - read
2026-09-14 21:21:32,786 - INFO - opcua.uaprotocol - received header: Header(type:b'MSG', chunk_type:b'F', body_size:52, channel:103)
2026-09-14 21:21:35,986 - INFO - opcua.client.ua_client - read
2026-09-14 21:21:35,991 - INFO - opcua.uaprotocol - received header: Header(type:b'MSG', chunk_type:b'F', body_size:52, channel:103)
2026-09-14 21:21:36,781 - INFO - opcua.client.ua_client - read
2026-09-14 21:21:36,785 - INFO - opcua.uaprotocol - received header: Header(type:b'MSG', chunk_type:b'F', body_size:62, channel:103)
2026-09-14 21:21:38,125 - INFO - opcua.client.ua_client - close_session
2026-09-14 21:21:38,164 - INFO - opcua.uaprotocol - received header: Header(type:b'MSG', chunk_type:b'F', body_size:40, channel:103)
2026-09-14 21:21:38,164 - INFO - opcua.client.ua_client.Socket - close_secure_channel
2026-09-14 21:21:38,164 - INFO - opcua.client.ua_client.Socket - Request to close socket received
2026-09-14 21:21:38,164 - INFO - opcua.client.ua_client.Socket - Socket closed, waiting for receiver thread to terminate...
2026-09-14 21:21:38,164 - INFO - opcua.client.ua_client.Socket - Socket has closed connection
2026-09-14 21:21:38,164 - INFO - opcua.client.ua_client.Socket - Cancelling request 16
2026-09-14 21:21:38,164 - INFO - opcua.client.ua_client.Socket - Thread ended
2026-09-14 21:21:38,164 - INFO - opcua.client.ua_client.Socket - Done closing socket: Receiving thread terminated, socket disconnected
2026-09-14 21:21:44,490 - INFO - opcua.client.ua_client.Socket - opening connection
2026-09-14 21:21:44,562 - INFO - opcua.client.ua_client.Socket - Thread started
2026-09-14 21:21:44,564 - INFO - opcua.uaprotocol - received header: Header(type:b'ACK', chunk_type:b'F', body_size:20, channel:0)
2026-09-14 21:21:44,564 - INFO - opcua.client.ua_client.Socket - open_secure_channel
2026-09-14 21:21:44,565 - INFO - opcua.uaprotocol - received header: Header(type:b'OPN', chunk_type:b'F', body_size:123, channel:104)
2026-09-14 21:21:44,565 - INFO - opcua.client.ua_client - create_session
2026-09-14 21:21:44,760 - INFO - opcua.uaprotocol - received header: Header(type:b'MSG', chunk_type:b'F', body_size:2464, channel:104)
2026-09-14 21:21:44,761 - INFO - opcua.client.ua_client - activate_session
2026-09-14 21:21:44,764 - INFO - opcua.uaprotocol - received header: Header(type:b'MSG', chunk_type:b'F', body_size:52, channel:104)
2026-09-14 21:21:44,765 - INFO - opcua.client.ua_client - read
2026-09-14 21:21:44,771 - INFO - opcua.uaprotocol - received header: Header(type:b'MSG', chunk_type:b'F', body_size:52, channel:104)
2026-09-14 21:21:44,971 - INFO - opcua.client.ua_client - read
2026-09-14 21:21:44,975 - INFO - opcua.uaprotocol - received header: Header(type:b'MSG', chunk_type:b'F', body_size:52, channel:104)
2026-09-14 21:21:46,568 - INFO - opcua.client.ua_client - read
2026-09-14 21:21:46,572 - INFO - opcua.uaprotocol - received header: Header(type:b'MSG', chunk_type:b'F', body_size:52, channel:104)
2026-09-14 21:21:46,776 - INFO - opcua.client.ua_client - read
2026-09-14 21:21:46,779 - INFO - opcua.uaprotocol - received header: Header(type:b'MSG', chunk_type:b'F', body_size:52, channel:104)
2026-09-14 21:21:47,843 - INFO - opcua.client.ua_client - read
2026-09-14 21:21:47,847 - INFO - opcua.uaprotocol - received header: Header(type:b'MSG', chunk_type:b'F', body_size:52, channel:104)
2026-09-14 21:21:48,047 - INFO - opcua.client.ua_client - read
2026-09-14 21:21:48,051 - INFO - opcua.uaprotocol - received header: Header(type:b'MSG', chunk_type:b'F', body_size:52, channel:104)
2026-09-14 21:21:48,980 - INFO - opcua.client.ua_client - read
2026-09-14 21:21:48,984 - INFO - opcua.uaprotocol - received header: Header(type:b'MSG', chunk_type:b'F', body_size:52, channel:104)
2026-09-14 21:21:50,177 - INFO - opcua.client.ua_client - read
2026-09-14 21:21:50,199 - INFO - opcua.uaprotocol - received header: Header(type:b'MSG', chunk_type:b'F', body_size:62, channel:104)
2026-09-14 21:21:51,255 - INFO - opcua.client.ua_client - read
2026-09-14 21:21:51,258 - INFO - opcua.uaprotocol - received header: Header(type:b'MSG', chunk_type:b'F', body_size:52, channel:104)
2026-09-14 21:21:54,459 - INFO - opcua.client.ua_client - read
2026-09-14 21:21:54,462 - INFO - opcua.uaprotocol - received header: Header(type:b'MSG', chunk_type:b'F', body_size:52, channel:104)
2026-09-14 21:21:54,976 - INFO - opcua.client.ua_client - close_session
2026-09-14 21:21:55,042 - INFO - opcua.uaprotocol - received header: Header(type:b'MSG', chunk_type:b'F', body_size:40, channel:104)
2026-09-14 21:21:55,042 - INFO - opcua.client.ua_client.Socket - close_secure_channel
2026-09-14 21:21:55,042 - INFO - opcua.client.ua_client.Socket - Request to close socket received
2026-09-14 21:21:55,042 - INFO - opcua.client.ua_client.Socket - Socket closed, waiting for receiver thread to terminate...
2026-09-14 21:21:55,042 - INFO - opcua.client.ua_client.Socket - Socket has closed connection
2026-09-14 21:21:55,042 - INFO - opcua.client.ua_client.Socket - Cancelling request 15
2026-09-14 21:21:55,042 - INFO - opcua.client.ua_client.Socket - Thread ended
2026-09-14 21:21:55,043 - INFO - opcua.client.ua_client.Socket - Done closing socket: Receiving thread terminated, socket disconnected
2026-09-14 21:21:56,031 - INFO - opcua.client.ua_client.Socket - opening connection
2026-09-14 21:21:56,176 - INFO - opcua.client.ua_client.Socket - Thread started
2026-09-14 21:21:56,178 - INFO - opcua.uaprotocol - received header: Header(type:b'ACK', chunk_type:b'F', body_size:20, channel:0)
2026-09-14 21:21:56,178 - INFO - opcua.client.ua_client.Socket - open_secure_channel
2026-09-14 21:21:56,180 - INFO - opcua.uaprotocol - received header: Header(type:b'OPN', chunk_type:b'F', body_size:123, channel:105)
2026-09-14 21:21:56,180 - INFO - opcua.client.ua_client - create_session
2026-09-14 21:21:56,368 - INFO - opcua.uaprotocol - received header: Header(type:b'MSG', chunk_type:b'F', body_size:2464, channel:105)
2026-09-14 21:21:56,368 - INFO - opcua.client.ua_client - activate_session
2026-09-14 21:21:56,375 - INFO - opcua.uaprotocol - received header: Header(type:b'MSG', chunk_type:b'F', body_size:52, channel:105)
2026-09-14 21:21:56,375 - INFO - opcua.client.ua_client - read
2026-09-14 21:21:56,380 - INFO - opcua.uaprotocol - received header: Header(type:b'MSG', chunk_type:b'F', body_size:52, channel:105)
2026-09-14 21:21:56,580 - INFO - opcua.client.ua_client - read
2026-09-14 21:21:56,584 - INFO - opcua.uaprotocol - received header: Header(type:b'MSG', chunk_type:b'F', body_size:52, channel:105)
2026-09-14 21:21:59,239 - INFO - opcua.client.ua_client - read
2026-09-14 21:21:59,243 - INFO - opcua.uaprotocol - received header: Header(type:b'MSG', chunk_type:b'F', body_size:52, channel:105)
2026-09-14 21:21:59,580 - INFO - opcua.client.ua_client - read
2026-09-14 21:21:59,584 - INFO - opcua.uaprotocol - received header: Header(type:b'MSG', chunk_type:b'F', body_size:52, channel:105)
2026-09-14 21:22:00,304 - INFO - opcua.client.ua_client - read
2026-09-14 21:22:00,309 - INFO - opcua.uaprotocol - received header: Header(type:b'MSG', chunk_type:b'F', body_size:52, channel:105)
2026-09-14 21:22:01,499 - INFO - opcua.client.ua_client - read
2026-09-14 21:22:01,503 - INFO - opcua.uaprotocol - received header: Header(type:b'MSG', chunk_type:b'F', body_size:52, channel:105)
2026-09-14 21:22:01,789 - INFO - opcua.client.ua_client - read
2026-09-14 21:22:01,793 - INFO - opcua.uaprotocol - received header: Header(type:b'MSG', chunk_type:b'F', body_size:62, channel:105)
2026-09-14 21:22:02,497 - INFO - opcua.client.ua_client - read
2026-09-14 21:22:02,503 - INFO - opcua.uaprotocol - received header: Header(type:b'MSG', chunk_type:b'F', body_size:52, channel:105)
2026-09-14 21:22:02,710 - INFO - opcua.client.ua_client - read
2026-09-14 21:22:02,713 - INFO - opcua.uaprotocol - received header: Header(type:b'MSG', chunk_type:b'F', body_size:52, channel:105)
2026-09-14 21:22:02,914 - INFO - opcua.client.ua_client - read
2026-09-14 21:22:02,918 - INFO - opcua.uaprotocol - received header: Header(type:b'MSG', chunk_type:b'F', body_size:52, channel:105)
2026-09-14 21:22:06,118 - INFO - opcua.client.ua_client - read
2026-09-14 21:22:06,122 - INFO - opcua.uaprotocol - received header: Header(type:b'MSG', chunk_type:b'F', body_size:52, channel:105)
2026-09-14 21:22:06,791 - INFO - opcua.client.ua_client - read
2026-09-14 21:22:06,796 - INFO - opcua.uaprotocol - received header: Header(type:b'MSG', chunk_type:b'F', body_size:62, channel:105)
2026-09-14 21:22:09,323 - INFO - opcua.client.ua_client - read
2026-09-14 21:22:09,327 - INFO - opcua.uaprotocol - received header: Header(type:b'MSG', chunk_type:b'F', body_size:52, channel:105)
2026-09-14 21:22:10,834 - INFO - opcua.client.ua_client - close_session
2026-09-14 21:22:10,925 - INFO - opcua.uaprotocol - received header: Header(type:b'MSG', chunk_type:b'F', body_size:40, channel:105)
2026-09-14 21:22:10,925 - INFO - opcua.client.ua_client.Socket - close_secure_channel
2026-09-14 21:22:10,925 - INFO - opcua.client.ua_client.Socket - Request to close socket received
2026-09-14 21:22:10,925 - INFO - opcua.client.ua_client.Socket - Socket closed, waiting for receiver thread to terminate...
2026-09-14 21:22:10,925 - INFO - opcua.client.ua_client.Socket - Socket has closed connection
2026-09-14 21:22:10,925 - INFO - opcua.client.ua_client.Socket - Cancelling request 18
2026-09-14 21:22:10,926 - INFO - opcua.client.ua_client.Socket - Thread ended
2026-09-14 21:22:10,926 - INFO - opcua.client.ua_client.Socket - Done closing socket: Receiving thread terminated, socket disconnected
2026-09-14 21:22:13,437 - INFO - opcua.client.ua_client.Socket - opening connection
2026-09-14 21:22:13,640 - INFO - opcua.client.ua_client.Socket - Thread started
2026-09-14 21:22:13,642 - INFO - opcua.uaprotocol - received header: Header(type:b'ACK', chunk_type:b'F', body_size:20, channel:0)
2026-09-14 21:22:13,642 - INFO - opcua.client.ua_client.Socket - open_secure_channel
2026-09-14 21:22:13,643 - INFO - opcua.uaprotocol - received header: Header(type:b'OPN', chunk_type:b'F', body_size:123, channel:106)
2026-09-14 21:22:13,643 - INFO - opcua.client.ua_client - create_session
2026-09-14 21:22:13,813 - INFO - opcua.uaprotocol - received header: Header(type:b'MSG', chunk_type:b'F', body_size:2464, channel:106)
2026-09-14 21:22:13,814 - INFO - opcua.client.ua_client - activate_session
2026-09-14 21:22:13,818 - INFO - opcua.uaprotocol - received header: Header(type:b'MSG', chunk_type:b'F', body_size:52, channel:106)
2026-09-14 21:22:13,818 - INFO - opcua.client.ua_client - read
2026-09-14 21:22:13,822 - INFO - opcua.uaprotocol - received header: Header(type:b'MSG', chunk_type:b'F', body_size:52, channel:106)
2026-09-14 21:22:14,023 - INFO - opcua.client.ua_client - read
2026-09-14 21:22:14,040 - INFO - opcua.uaprotocol - received header: Header(type:b'MSG', chunk_type:b'F', body_size:52, channel:106)
2026-09-14 21:22:15,231 - INFO - opcua.client.ua_client - read
2026-09-14 21:22:15,235 - INFO - opcua.uaprotocol - received header: Header(type:b'MSG', chunk_type:b'F', body_size:52, channel:106)
2026-09-14 21:22:16,310 - INFO - opcua.client.ua_client - read
2026-09-14 21:22:16,314 - INFO - opcua.uaprotocol - received header: Header(type:b'MSG', chunk_type:b'F', body_size:52, channel:106)
2026-09-14 21:22:17,023 - INFO - opcua.client.ua_client - read
2026-09-14 21:22:17,028 - INFO - opcua.uaprotocol - received header: Header(type:b'MSG', chunk_type:b'F', body_size:52, channel:106)
2026-09-14 21:22:17,308 - INFO - opcua.client.ua_client - read
2026-09-14 21:22:17,313 - INFO - opcua.uaprotocol - received header: Header(type:b'MSG', chunk_type:b'F', body_size:52, channel:106)
2026-09-14 21:22:18,361 - INFO - opcua.client.ua_client - read
2026-09-14 21:22:18,366 - INFO - opcua.uaprotocol - received header: Header(type:b'MSG', chunk_type:b'F', body_size:52, channel:106)
2026-09-14 21:22:19,244 - INFO - opcua.client.ua_client - read
2026-09-14 21:22:19,250 - INFO - opcua.uaprotocol - received header: Header(type:b'MSG', chunk_type:b'F', body_size:62, channel:106)
2026-09-14 21:22:19,680 - INFO - opcua.client.ua_client - read
2026-09-14 21:22:19,685 - INFO - opcua.uaprotocol - received header: Header(type:b'MSG', chunk_type:b'F', body_size:52, channel:106)
2026-09-14 21:22:20,229 - INFO - opcua.client.ua_client - read
2026-09-14 21:22:20,233 - INFO - opcua.uaprotocol - received header: Header(type:b'MSG', chunk_type:b'F', body_size:52, channel:106)
2026-09-14 21:22:20,820 - INFO - opcua.client.ua_client - read
2026-09-14 21:22:20,827 - INFO - opcua.uaprotocol - received header: Header(type:b'MSG', chunk_type:b'F', body_size:52, channel:106)
2026-09-14 21:22:23,434 - INFO - opcua.client.ua_client - read
2026-09-14 21:22:23,441 - INFO - opcua.uaprotocol - received header: Header(type:b'MSG', chunk_type:b'F', body_size:52, channel:106)
2026-09-14 21:22:24,251 - INFO - opcua.client.ua_client - read
2026-09-14 21:22:24,255 - INFO - opcua.uaprotocol - received header: Header(type:b'MSG', chunk_type:b'F', body_size:62, channel:106)
2026-09-14 21:22:26,642 - INFO - opcua.client.ua_client - read
2026-09-14 21:22:26,646 - INFO - opcua.uaprotocol - received header: Header(type:b'MSG', chunk_type:b'F', body_size:52, channel:106)
2026-09-14 21:22:29,252 - INFO - opcua.client.ua_client - read
2026-09-14 21:22:29,255 - INFO - opcua.uaprotocol - received header: Header(type:b'MSG', chunk_type:b'F', body_size:62, channel:106)
2026-09-14 21:22:29,852 - INFO - opcua.client.ua_client - read
2026-09-14 21:22:29,856 - INFO - opcua.uaprotocol - received header: Header(type:b'MSG', chunk_type:b'F', body_size:52, channel:106)
2026-09-14 21:22:32,185 - INFO - opcua.client.ua_client - read
2026-09-14 21:22:32,190 - INFO - opcua.uaprotocol - received header: Header(type:b'MSG', chunk_type:b'F', body_size:52, channel:106)
2026-09-14 21:22:33,057 - INFO - opcua.client.ua_client - read
2026-09-14 21:22:33,062 - INFO - opcua.uaprotocol - received header: Header(type:b'MSG', chunk_type:b'F', body_size:52, channel:106)
2026-09-14 21:22:33,262 - INFO - opcua.client.ua_client - read
2026-09-14 21:22:33,268 - INFO - opcua.uaprotocol - received header: Header(type:b'MSG', chunk_type:b'F', body_size:52, channel:106)
2026-09-14 21:22:34,067 - INFO - opcua.client.ua_client - read
2026-09-14 21:22:34,073 - INFO - opcua.uaprotocol - received header: Header(type:b'MSG', chunk_type:b'F', body_size:52, channel:106)
2026-09-14 21:22:34,285 - INFO - opcua.client.ua_client - read
2026-09-14 21:22:34,289 - INFO - opcua.uaprotocol - received header: Header(type:b'MSG', chunk_type:b'F', body_size:62, channel:106)
2026-09-14 21:22:34,814 - INFO - opcua.client.ua_client.Socket - open_secure_channel
2026-09-14 21:22:34,816 - INFO - opcua.uaprotocol - received header: Header(type:b'OPN', chunk_type:b'F', body_size:123, channel:106)
2026-09-14 21:22:34,816 - INFO - opcua.client.ua_client - read
2026-09-14 21:22:34,819 - INFO - opcua.uaprotocol - received header: Header(type:b'MSG', chunk_type:b'F', body_size:62, channel:106)
2026-09-14 21:22:34,988 - INFO - opcua.client.ua_client - read
2026-09-14 21:22:34,992 - INFO - opcua.uaprotocol - received header: Header(type:b'MSG', chunk_type:b'F', body_size:52, channel:106)
2026-09-14 21:22:35,875 - INFO - opcua.client.ua_client - read
2026-09-14 21:22:35,879 - INFO - opcua.uaprotocol - received header: Header(type:b'MSG', chunk_type:b'F', body_size:52, channel:106)
2026-09-14 21:22:36,262 - INFO - opcua.client.ua_client - read
2026-09-14 21:22:36,266 - INFO - opcua.uaprotocol - received header: Header(type:b'MSG', chunk_type:b'F', body_size:52, channel:106)
2026-09-14 21:22:36,812 - INFO - opcua.client.ua_client - read
2026-09-14 21:22:36,815 - INFO - opcua.uaprotocol - received header: Header(type:b'MSG', chunk_type:b'F', body_size:52, channel:106)
2026-09-14 21:22:37,717 - INFO - opcua.client.ua_client - read
2026-09-14 21:22:37,721 - INFO - opcua.uaprotocol - received header: Header(type:b'MSG', chunk_type:b'F', body_size:52, channel:106)
2026-09-14 21:22:38,601 - INFO - opcua.client.ua_client - read
2026-09-14 21:22:38,605 - INFO - opcua.uaprotocol - received header: Header(type:b'MSG', chunk_type:b'F', body_size:52, channel:106)
2026-09-14 21:22:39,289 - INFO - opcua.client.ua_client - read
2026-09-14 21:22:39,292 - INFO - opcua.uaprotocol - received header: Header(type:b'MSG', chunk_type:b'F', body_size:62, channel:106)
2026-09-14 21:22:39,426 - INFO - opcua.client.ua_client - read
2026-09-14 21:22:39,431 - INFO - opcua.uaprotocol - received header: Header(type:b'MSG', chunk_type:b'F', body_size:52, channel:106)
2026-09-14 21:22:39,634 - INFO - opcua.client.ua_client - read
2026-09-14 21:22:39,638 - INFO - opcua.uaprotocol - received header: Header(type:b'MSG', chunk_type:b'F', body_size:52, channel:106)
2026-09-14 21:22:40,314 - INFO - opcua.client.ua_client - read
2026-09-14 21:22:40,320 - INFO - opcua.uaprotocol - received header: Header(type:b'MSG', chunk_type:b'F', body_size:52, channel:106)
2026-09-14 21:22:40,335 - INFO - opcua.client.ua_client - read
2026-09-14 21:22:40,339 - INFO - opcua.uaprotocol - received header: Header(type:b'MSG', chunk_type:b'F', body_size:52, channel:106)
2026-09-14 21:22:41,211 - INFO - opcua.client.ua_client - read
2026-09-14 21:22:41,216 - INFO - opcua.uaprotocol - received header: Header(type:b'MSG', chunk_type:b'F', body_size:52, channel:106)
2026-09-14 21:22:42,005 - INFO - opcua.client.ua_client - read
2026-09-14 21:22:42,009 - INFO - opcua.uaprotocol - received header: Header(type:b'MSG', chunk_type:b'F', body_size:52, channel:106)
2026-09-14 21:22:43,455 - INFO - opcua.client.ua_client - read
2026-09-14 21:22:43,458 - INFO - opcua.uaprotocol - received header: Header(type:b'MSG', chunk_type:b'F', body_size:62, channel:106)
2026-09-14 21:22:44,483 - INFO - opcua.client.ua_client - close_session
2026-09-14 21:22:44,533 - INFO - opcua.uaprotocol - received header: Header(type:b'MSG', chunk_type:b'F', body_size:40, channel:106)
2026-09-14 21:22:44,533 - INFO - opcua.client.ua_client.Socket - close_secure_channel
2026-09-14 21:22:44,533 - INFO - opcua.client.ua_client.Socket - Request to close socket received
2026-09-14 21:22:44,534 - INFO - opcua.client.ua_client.Socket - Socket has closed connection
2026-09-14 21:22:44,534 - INFO - opcua.client.ua_client.Socket - Socket closed, waiting for receiver thread to terminate...
2026-09-14 21:22:44,534 - INFO - opcua.client.ua_client.Socket - Cancelling request 42
2026-09-14 21:22:44,534 - INFO - opcua.client.ua_client.Socket - Thread ended
2026-09-14 21:22:44,534 - INFO - opcua.client.ua_client.Socket - Done closing socket: Receiving thread terminated, socket disconnected
2026-09-14 21:23:46,103 - INFO - opcua.client.ua_client.Socket - opening connection
2026-09-14 21:23:46,240 - INFO - opcua.client.ua_client.Socket - Thread started
2026-09-14 21:23:46,242 - INFO - opcua.uaprotocol - received header: Header(type:b'ACK', chunk_type:b'F', body_size:20, channel:0)
2026-09-14 21:23:46,242 - INFO - opcua.client.ua_client.Socket - open_secure_channel
2026-09-14 21:23:46,244 - INFO - opcua.uaprotocol - received header: Header(type:b'OPN', chunk_type:b'F', body_size:123, channel:107)
2026-09-14 21:23:46,245 - INFO - opcua.client.ua_client - create_session
2026-09-14 21:23:46,648 - INFO - opcua.uaprotocol - received header: Header(type:b'MSG', chunk_type:b'F', body_size:2464, channel:107)
2026-09-14 21:23:46,648 - INFO - opcua.client.ua_client - activate_session
2026-09-14 21:23:46,653 - INFO - opcua.uaprotocol - received header: Header(type:b'MSG', chunk_type:b'F', body_size:52, channel:107)
2026-09-14 21:23:46,654 - INFO - opcua.client.ua_client - read
2026-09-14 21:23:46,658 - INFO - opcua.uaprotocol - received header: Header(type:b'MSG', chunk_type:b'F', body_size:52, channel:107)
2026-09-14 21:23:46,858 - INFO - opcua.client.ua_client - read
2026-09-14 21:23:46,862 - INFO - opcua.uaprotocol - received header: Header(type:b'MSG', chunk_type:b'F', body_size:52, channel:107)
2026-09-14 21:23:48,694 - INFO - opcua.client.ua_client - read
2026-09-14 21:23:48,698 - INFO - opcua.uaprotocol - received header: Header(type:b'MSG', chunk_type:b'F', body_size:52, channel:107)
2026-09-14 21:23:49,858 - INFO - opcua.client.ua_client - read
2026-09-14 21:23:49,862 - INFO - opcua.uaprotocol - received header: Header(type:b'MSG', chunk_type:b'F', body_size:52, channel:107)
2026-09-14 21:23:50,064 - INFO - opcua.client.ua_client - read
2026-09-14 21:23:50,068 - INFO - opcua.uaprotocol - received header: Header(type:b'MSG', chunk_type:b'F', body_size:52, channel:107)
2026-09-14 21:23:50,873 - INFO - opcua.client.ua_client - read
2026-09-14 21:23:50,877 - INFO - opcua.uaprotocol - received header: Header(type:b'MSG', chunk_type:b'F', body_size:52, channel:107)
2026-09-14 21:23:51,891 - INFO - opcua.client.ua_client - read
2026-09-14 21:23:51,894 - INFO - opcua.uaprotocol - received header: Header(type:b'MSG', chunk_type:b'F', body_size:52, channel:107)
2026-09-14 21:23:52,095 - INFO - opcua.client.ua_client - read
2026-09-14 21:23:52,115 - INFO - opcua.uaprotocol - received header: Header(type:b'MSG', chunk_type:b'F', body_size:62, channel:107)
2026-09-14 21:23:52,923 - INFO - opcua.client.ua_client - read
2026-09-14 21:23:52,927 - INFO - opcua.uaprotocol - received header: Header(type:b'MSG', chunk_type:b'F', body_size:52, channel:107)
2026-09-14 21:23:53,129 - INFO - opcua.client.ua_client - read
2026-09-14 21:23:53,133 - INFO - opcua.uaprotocol - received header: Header(type:b'MSG', chunk_type:b'F', body_size:52, channel:107)
2026-09-14 21:23:53,933 - INFO - opcua.client.ua_client - read
2026-09-14 21:23:53,937 - INFO - opcua.uaprotocol - received header: Header(type:b'MSG', chunk_type:b'F', body_size:52, channel:107)
2026-09-14 21:23:54,953 - INFO - opcua.client.ua_client - read
2026-09-14 21:23:54,957 - INFO - opcua.uaprotocol - received header: Header(type:b'MSG', chunk_type:b'F', body_size:52, channel:107)
2026-09-14 21:23:55,975 - INFO - opcua.client.ua_client - read
2026-09-14 21:23:55,979 - INFO - opcua.uaprotocol - received header: Header(type:b'MSG', chunk_type:b'F', body_size:52, channel:107)
2026-09-14 21:23:56,336 - INFO - opcua.client.ua_client - read
2026-09-14 21:23:56,342 - INFO - opcua.uaprotocol - received header: Header(type:b'MSG', chunk_type:b'F', body_size:52, channel:107)
2026-09-14 21:23:56,991 - INFO - opcua.client.ua_client - read
2026-09-14 21:23:56,995 - INFO - opcua.uaprotocol - received header: Header(type:b'MSG', chunk_type:b'F', body_size:52, channel:107)
2026-09-14 21:23:57,196 - INFO - opcua.client.ua_client - read
2026-09-14 21:23:57,201 - INFO - opcua.uaprotocol - received header: Header(type:b'MSG', chunk_type:b'F', body_size:62, channel:107)
2026-09-14 21:23:58,220 - INFO - opcua.client.ua_client - read
2026-09-14 21:23:58,223 - INFO - opcua.uaprotocol - received header: Header(type:b'MSG', chunk_type:b'F', body_size:52, channel:107)
2026-09-14 21:23:59,031 - INFO - opcua.client.ua_client - read
2026-09-14 21:23:59,035 - INFO - opcua.uaprotocol - received header: Header(type:b'MSG', chunk_type:b'F', body_size:52, channel:107)
2026-09-14 21:23:59,545 - INFO - opcua.client.ua_client - read
2026-09-14 21:23:59,549 - INFO - opcua.uaprotocol - received header: Header(type:b'MSG', chunk_type:b'F', body_size:52, channel:107)
2026-09-14 21:24:00,050 - INFO - opcua.client.ua_client - read
2026-09-14 21:24:00,054 - INFO - opcua.uaprotocol - received header: Header(type:b'MSG', chunk_type:b'F', body_size:52, channel:107)
2026-09-14 21:24:01,065 - INFO - opcua.client.ua_client - read
2026-09-14 21:24:01,069 - INFO - opcua.uaprotocol - received header: Header(type:b'MSG', chunk_type:b'F', body_size:52, channel:107)
2026-09-14 21:24:02,284 - INFO - opcua.client.ua_client - read
2026-09-14 21:24:02,288 - INFO - opcua.uaprotocol - received header: Header(type:b'MSG', chunk_type:b'F', body_size:62, channel:107)
2026-09-14 21:24:02,288 - INFO - opcua.client.ua_client - read
2026-09-14 21:24:02,291 - INFO - opcua.uaprotocol - received header: Header(type:b'MSG', chunk_type:b'F', body_size:52, channel:107)
2026-09-14 21:24:02,755 - INFO - opcua.client.ua_client - read
2026-09-14 21:24:02,759 - INFO - opcua.uaprotocol - received header: Header(type:b'MSG', chunk_type:b'F', body_size:52, channel:107)
2026-09-14 21:24:03,098 - INFO - opcua.client.ua_client - read
2026-09-14 21:24:03,103 - INFO - opcua.uaprotocol - received header: Header(type:b'MSG', chunk_type:b'F', body_size:52, channel:107)
2026-09-14 21:24:05,969 - INFO - opcua.client.ua_client - read
2026-09-14 21:24:05,973 - INFO - opcua.uaprotocol - received header: Header(type:b'MSG', chunk_type:b'F', body_size:52, channel:107)
2026-09-14 21:24:06,174 - INFO - opcua.client.ua_client - read
2026-09-14 21:24:06,178 - INFO - opcua.uaprotocol - received header: Header(type:b'MSG', chunk_type:b'F', body_size:52, channel:107)
2026-09-14 21:24:07,402 - INFO - opcua.client.ua_client - read
2026-09-14 21:24:07,405 - INFO - opcua.uaprotocol - received header: Header(type:b'MSG', chunk_type:b'F', body_size:62, channel:107)
2026-09-14 21:24:07,649 - INFO - opcua.client.ua_client.Socket - open_secure_channel
2026-09-14 21:24:07,651 - INFO - opcua.uaprotocol - received header: Header(type:b'OPN', chunk_type:b'F', body_size:123, channel:107)
2026-09-14 21:24:07,651 - INFO - opcua.client.ua_client - read
2026-09-14 21:24:07,654 - INFO - opcua.uaprotocol - received header: Header(type:b'MSG', chunk_type:b'F', body_size:62, channel:107)
2026-09-14 21:24:08,619 - INFO - opcua.client.ua_client - read
2026-09-14 21:24:08,623 - INFO - opcua.uaprotocol - received header: Header(type:b'MSG', chunk_type:b'F', body_size:52, channel:107)
2026-09-14 21:24:09,174 - INFO - opcua.client.ua_client - read
2026-09-14 21:24:09,179 - INFO - opcua.uaprotocol - received header: Header(type:b'MSG', chunk_type:b'F', body_size:52, channel:107)
2026-09-14 21:24:09,381 - INFO - opcua.client.ua_client - read
2026-09-14 21:24:09,385 - INFO - opcua.uaprotocol - received header: Header(type:b'MSG', chunk_type:b'F', body_size:52, channel:107)
2026-09-14 21:24:09,586 - INFO - opcua.client.ua_client - read
2026-09-14 21:24:09,596 - INFO - opcua.uaprotocol - received header: Header(type:b'MSG', chunk_type:b'F', body_size:52, channel:107)
2026-09-14 21:24:10,204 - INFO - opcua.client.ua_client - read
2026-09-14 21:24:10,217 - INFO - opcua.uaprotocol - received header: Header(type:b'MSG', chunk_type:b'F', body_size:52, channel:107)
2026-09-14 21:24:10,621 - INFO - opcua.client.ua_client - read
2026-09-14 21:24:10,626 - INFO - opcua.uaprotocol - received header: Header(type:b'MSG', chunk_type:b'F', body_size:52, channel:107)
2026-09-14 21:24:11,030 - INFO - opcua.client.ua_client - read
2026-09-14 21:24:11,034 - INFO - opcua.uaprotocol - received header: Header(type:b'MSG', chunk_type:b'F', body_size:52, channel:107)
2026-09-14 21:24:11,845 - INFO - opcua.client.ua_client - read
2026-09-14 21:24:11,849 - INFO - opcua.uaprotocol - received header: Header(type:b'MSG', chunk_type:b'F', body_size:52, channel:107)
2026-09-14 21:24:12,257 - INFO - opcua.client.ua_client - read
2026-09-14 21:24:12,261 - INFO - opcua.uaprotocol - received header: Header(type:b'MSG', chunk_type:b'F', body_size:52, channel:107)
2026-09-14 21:24:12,464 - INFO - opcua.client.ua_client - read
2026-09-14 21:24:12,468 - INFO - opcua.uaprotocol - received header: Header(type:b'MSG', chunk_type:b'F', body_size:52, channel:107)
2026-09-14 21:24:12,669 - INFO - opcua.client.ua_client - read
2026-09-14 21:24:12,673 - INFO - opcua.uaprotocol - received header: Header(type:b'MSG', chunk_type:b'F', body_size:62, channel:107)
2026-09-14 21:24:13,276 - INFO - opcua.client.ua_client - read
2026-09-14 21:24:13,280 - INFO - opcua.uaprotocol - received header: Header(type:b'MSG', chunk_type:b'F', body_size:52, channel:107)
2026-09-14 21:24:14,697 - INFO - opcua.client.ua_client - read
2026-09-14 21:24:14,701 - INFO - opcua.uaprotocol - received header: Header(type:b'MSG', chunk_type:b'F', body_size:52, channel:107)
2026-09-14 21:24:14,826 - INFO - opcua.client.ua_client - read
2026-09-14 21:24:14,829 - INFO - opcua.uaprotocol - received header: Header(type:b'MSG', chunk_type:b'F', body_size:52, channel:107)
2026-09-14 21:24:15,076 - INFO - opcua.client.ua_client - read
2026-09-14 21:24:15,080 - INFO - opcua.uaprotocol - received header: Header(type:b'MSG', chunk_type:b'F', body_size:52, channel:107)
2026-09-14 21:24:16,495 - INFO - opcua.client.ua_client - read
2026-09-14 21:24:16,499 - INFO - opcua.uaprotocol - received header: Header(type:b'MSG', chunk_type:b'F', body_size:52, channel:107)
2026-09-14 21:24:16,700 - INFO - opcua.client.ua_client - read
2026-09-14 21:24:16,704 - INFO - opcua.uaprotocol - received header: Header(type:b'MSG', chunk_type:b'F', body_size:62, channel:107)
2026-09-14 21:24:17,622 - INFO - opcua.client.ua_client - close_session
2026-09-14 21:24:17,660 - INFO - opcua.uaprotocol - received header: Header(type:b'MSG', chunk_type:b'F', body_size:40, channel:107)
2026-09-14 21:24:17,660 - INFO - opcua.client.ua_client.Socket - close_secure_channel
2026-09-14 21:24:17,660 - INFO - opcua.client.ua_client.Socket - Request to close socket received
2026-09-14 21:24:17,660 - INFO - opcua.client.ua_client.Socket - Socket closed, waiting for receiver thread to terminate...
2026-09-14 21:24:17,660 - INFO - opcua.client.ua_client.Socket - Socket has closed connection
2026-09-14 21:24:17,660 - INFO - opcua.client.ua_client.Socket - Cancelling request 52
2026-09-14 21:24:17,660 - INFO - opcua.client.ua_client.Socket - Thread ended
2026-09-14 21:24:17,660 - INFO - opcua.client.ua_client.Socket - Done closing socket: Receiving thread terminated, socket disconnected
2026-09-14 21:24:19,390 - INFO - opcua.client.ua_client.Socket - opening connection
2026-09-14 21:24:19,585 - INFO - opcua.client.ua_client.Socket - Thread started
2026-09-14 21:24:19,588 - INFO - opcua.uaprotocol - received header: Header(type:b'ACK', chunk_type:b'F', body_size:20, channel:0)
2026-09-14 21:24:19,588 - INFO - opcua.client.ua_client.Socket - open_secure_channel
2026-09-14 21:24:19,590 - INFO - opcua.uaprotocol - received header: Header(type:b'OPN', chunk_type:b'F', body_size:123, channel:108)
2026-09-14 21:24:19,590 - INFO - opcua.client.ua_client - create_session
2026-09-14 21:24:20,159 - INFO - opcua.uaprotocol - received header: Header(type:b'MSG', chunk_type:b'F', body_size:2464, channel:108)
2026-09-14 21:24:20,159 - INFO - opcua.client.ua_client - activate_session
2026-09-14 21:24:20,170 - INFO - opcua.uaprotocol - received header: Header(type:b'MSG', chunk_type:b'F', body_size:52, channel:108)
2026-09-14 21:24:20,171 - INFO - opcua.client.ua_client - read
2026-09-14 21:24:20,194 - INFO - opcua.uaprotocol - received header: Header(type:b'MSG', chunk_type:b'F', body_size:52, channel:108)
2026-09-14 21:24:20,395 - INFO - opcua.client.ua_client - read
2026-09-14 21:24:20,399 - INFO - opcua.uaprotocol - received header: Header(type:b'MSG', chunk_type:b'F', body_size:52, channel:108)
2026-09-14 21:24:21,816 - INFO - opcua.client.ua_client - read
2026-09-14 21:24:21,821 - INFO - opcua.uaprotocol - received header: Header(type:b'MSG', chunk_type:b'F', body_size:52, channel:108)
2026-09-14 21:24:22,425 - INFO - opcua.client.ua_client - read
2026-09-14 21:24:22,430 - INFO - opcua.uaprotocol - received header: Header(type:b'MSG', chunk_type:b'F', body_size:52, channel:108)
2026-09-14 21:24:23,395 - INFO - opcua.client.ua_client - read
2026-09-14 21:24:23,400 - INFO - opcua.uaprotocol - received header: Header(type:b'MSG', chunk_type:b'F', body_size:52, channel:108)
2026-09-14 21:24:23,603 - INFO - opcua.client.ua_client - read
2026-09-14 21:24:23,608 - INFO - opcua.uaprotocol - received header: Header(type:b'MSG', chunk_type:b'F', body_size:52, channel:108)
2026-09-14 21:24:24,213 - INFO - opcua.client.ua_client - read
2026-09-14 21:24:24,250 - INFO - opcua.uaprotocol - received header: Header(type:b'MSG', chunk_type:b'F', body_size:52, channel:108)
2026-09-14 21:24:25,057 - INFO - opcua.client.ua_client - read
2026-09-14 21:24:25,061 - INFO - opcua.uaprotocol - received header: Header(type:b'MSG', chunk_type:b'F', body_size:52, channel:108)
2026-09-14 21:24:25,664 - INFO - opcua.client.ua_client - read
2026-09-14 21:24:25,668 - INFO - opcua.uaprotocol - received header: Header(type:b'MSG', chunk_type:b'F', body_size:62, channel:108)
2026-09-14 21:24:26,072 - INFO - opcua.client.ua_client - read
2026-09-14 21:24:26,076 - INFO - opcua.uaprotocol - received header: Header(type:b'MSG', chunk_type:b'F', body_size:52, channel:108)
2026-09-14 21:24:26,603 - INFO - opcua.client.ua_client - read
2026-09-14 21:24:26,609 - INFO - opcua.uaprotocol - received header: Header(type:b'MSG', chunk_type:b'F', body_size:52, channel:108)
2026-09-14 21:24:27,086 - INFO - opcua.client.ua_client - read
2026-09-14 21:24:27,090 - INFO - opcua.uaprotocol - received header: Header(type:b'MSG', chunk_type:b'F', body_size:52, channel:108)
2026-09-14 21:24:27,902 - INFO - opcua.client.ua_client - read
2026-09-14 21:24:27,907 - INFO - opcua.uaprotocol - received header: Header(type:b'MSG', chunk_type:b'F', body_size:52, channel:108)
2026-09-14 21:24:28,716 - INFO - opcua.client.ua_client - read
2026-09-14 21:24:28,719 - INFO - opcua.uaprotocol - received header: Header(type:b'MSG', chunk_type:b'F', body_size:52, channel:108)
2026-09-14 21:24:29,730 - INFO - opcua.client.ua_client - read
2026-09-14 21:24:29,734 - INFO - opcua.uaprotocol - received header: Header(type:b'MSG', chunk_type:b'F', body_size:52, channel:108)
2026-09-14 21:24:29,936 - INFO - opcua.client.ua_client - read
2026-09-14 21:24:29,940 - INFO - opcua.uaprotocol - received header: Header(type:b'MSG', chunk_type:b'F', body_size:52, channel:108)
2026-09-14 21:24:30,540 - INFO - opcua.client.ua_client - read
2026-09-14 21:24:30,543 - INFO - opcua.uaprotocol - received header: Header(type:b'MSG', chunk_type:b'F', body_size:52, channel:108)
2026-09-14 21:24:30,744 - INFO - opcua.client.ua_client - read
2026-09-14 21:24:30,747 - INFO - opcua.uaprotocol - received header: Header(type:b'MSG', chunk_type:b'F', body_size:62, channel:108)
2026-09-14 21:24:31,561 - INFO - opcua.client.ua_client - read
2026-09-14 21:24:31,565 - INFO - opcua.uaprotocol - received header: Header(type:b'MSG', chunk_type:b'F', body_size:52, channel:108)
2026-09-14 21:24:32,374 - INFO - opcua.client.ua_client - read
2026-09-14 21:24:32,387 - INFO - opcua.uaprotocol - received header: Header(type:b'MSG', chunk_type:b'F', body_size:52, channel:108)
2026-09-14 21:24:33,141 - INFO - opcua.client.ua_client - read
2026-09-14 21:24:33,145 - INFO - opcua.uaprotocol - received header: Header(type:b'MSG', chunk_type:b'F', body_size:52, channel:108)
2026-09-14 21:24:33,346 - INFO - opcua.client.ua_client - read
2026-09-14 21:24:33,350 - INFO - opcua.uaprotocol - received header: Header(type:b'MSG', chunk_type:b'F', body_size:52, channel:108)
2026-09-14 21:24:33,953 - INFO - opcua.client.ua_client - read
2026-09-14 21:24:33,959 - INFO - opcua.uaprotocol - received header: Header(type:b'MSG', chunk_type:b'F', body_size:52, channel:108)
2026-09-14 21:24:34,773 - INFO - opcua.client.ua_client - read
2026-09-14 21:24:34,777 - INFO - opcua.uaprotocol - received header: Header(type:b'MSG', chunk_type:b'F', body_size:52, channel:108)
2026-09-14 21:24:35,578 - INFO - opcua.client.ua_client - read
2026-09-14 21:24:35,582 - INFO - opcua.uaprotocol - received header: Header(type:b'MSG', chunk_type:b'F', body_size:52, channel:108)
2026-09-14 21:24:35,783 - INFO - opcua.client.ua_client - read
2026-09-14 21:24:35,786 - INFO - opcua.uaprotocol - received header: Header(type:b'MSG', chunk_type:b'F', body_size:62, channel:108)
2026-09-14 21:24:36,187 - INFO - opcua.client.ua_client - read
2026-09-14 21:24:36,192 - INFO - opcua.uaprotocol - received header: Header(type:b'MSG', chunk_type:b'F', body_size:52, channel:108)
2026-09-14 21:24:36,393 - INFO - opcua.client.ua_client - read
2026-09-14 21:24:36,397 - INFO - opcua.uaprotocol - received header: Header(type:b'MSG', chunk_type:b'F', body_size:52, channel:108)
2026-09-14 21:24:36,994 - INFO - opcua.client.ua_client - read
2026-09-14 21:24:37,001 - INFO - opcua.uaprotocol - received header: Header(type:b'MSG', chunk_type:b'F', body_size:52, channel:108)
2026-09-14 21:24:37,810 - INFO - opcua.client.ua_client - read
2026-09-14 21:24:37,815 - INFO - opcua.uaprotocol - received header: Header(type:b'MSG', chunk_type:b'F', body_size:52, channel:108)
2026-09-14 21:24:38,618 - INFO - opcua.client.ua_client - read
2026-09-14 21:24:38,622 - INFO - opcua.uaprotocol - received header: Header(type:b'MSG', chunk_type:b'F', body_size:52, channel:108)
2026-09-14 21:24:39,423 - INFO - opcua.client.ua_client - read
2026-09-14 21:24:39,427 - INFO - opcua.uaprotocol - received header: Header(type:b'MSG', chunk_type:b'F', body_size:52, channel:108)
2026-09-14 21:24:39,627 - INFO - opcua.client.ua_client - read
2026-09-14 21:24:39,631 - INFO - opcua.uaprotocol - received header: Header(type:b'MSG', chunk_type:b'F', body_size:52, channel:108)
2026-09-14 21:24:40,028 - INFO - opcua.client.ua_client - read
2026-09-14 21:24:40,033 - INFO - opcua.uaprotocol - received header: Header(type:b'MSG', chunk_type:b'F', body_size:52, channel:108)
2026-09-14 21:24:40,838 - INFO - opcua.client.ua_client - read
2026-09-14 21:24:40,842 - INFO - opcua.uaprotocol - received header: Header(type:b'MSG', chunk_type:b'F', body_size:62, channel:108)
2026-09-14 21:24:40,842 - INFO - opcua.client.ua_client - read
2026-09-14 21:24:40,846 - INFO - opcua.uaprotocol - received header: Header(type:b'MSG', chunk_type:b'F', body_size:52, channel:108)
2026-09-14 21:24:41,166 - INFO - opcua.client.ua_client.Socket - open_secure_channel
2026-09-14 21:24:41,168 - INFO - opcua.uaprotocol - received header: Header(type:b'OPN', chunk_type:b'F', body_size:123, channel:108)
2026-09-14 21:24:41,168 - INFO - opcua.client.ua_client - read
2026-09-14 21:24:41,172 - INFO - opcua.uaprotocol - received header: Header(type:b'MSG', chunk_type:b'F', body_size:62, channel:108)
2026-09-14 21:24:41,658 - INFO - opcua.client.ua_client - read
2026-09-14 21:24:41,664 - INFO - opcua.uaprotocol - received header: Header(type:b'MSG', chunk_type:b'F', body_size:52, channel:108)
2026-09-14 21:24:42,832 - INFO - opcua.client.ua_client - read
2026-09-14 21:24:42,837 - INFO - opcua.uaprotocol - received header: Header(type:b'MSG', chunk_type:b'F', body_size:52, channel:108)
2026-09-14 21:24:45,949 - INFO - opcua.client.ua_client - read
2026-09-14 21:24:45,952 - INFO - opcua.uaprotocol - received header: Header(type:b'MSG', chunk_type:b'F', body_size:62, channel:108)
2026-09-14 21:24:46,038 - INFO - opcua.client.ua_client - read
2026-09-14 21:24:46,043 - INFO - opcua.uaprotocol - received header: Header(type:b'MSG', chunk_type:b'F', body_size:52, channel:108)
2026-09-14 21:24:48,384 - INFO - opcua.client.ua_client - read
2026-09-14 21:24:48,389 - INFO - opcua.uaprotocol - received header: Header(type:b'MSG', chunk_type:b'F', body_size:52, channel:108)
2026-09-14 21:24:50,174 - INFO - opcua.client.ua_client - read
2026-09-14 21:24:50,178 - INFO - opcua.uaprotocol - received header: Header(type:b'MSG', chunk_type:b'F', body_size:62, channel:108)
2026-09-14 21:24:51,595 - INFO - opcua.client.ua_client - read
2026-09-14 21:24:51,599 - INFO - opcua.uaprotocol - received header: Header(type:b'MSG', chunk_type:b'F', body_size:52, channel:108)
2026-09-14 21:24:54,807 - INFO - opcua.client.ua_client - read
2026-09-14 21:24:54,811 - INFO - opcua.uaprotocol - received header: Header(type:b'MSG', chunk_type:b'F', body_size:52, channel:108)
2026-09-14 21:24:55,241 - INFO - opcua.client.ua_client - read
2026-09-14 21:24:55,247 - INFO - opcua.uaprotocol - received header: Header(type:b'MSG', chunk_type:b'F', body_size:62, channel:108)
2026-09-14 21:24:58,012 - INFO - opcua.client.ua_client - read
2026-09-14 21:24:58,016 - INFO - opcua.uaprotocol - received header: Header(type:b'MSG', chunk_type:b'F', body_size:52, channel:108)
2026-09-14 21:25:00,321 - INFO - opcua.client.ua_client - read
2026-09-14 21:25:00,325 - INFO - opcua.uaprotocol - received header: Header(type:b'MSG', chunk_type:b'F', body_size:62, channel:108)
2026-09-14 21:25:01,217 - INFO - opcua.client.ua_client - read
2026-09-14 21:25:01,221 - INFO - opcua.uaprotocol - received header: Header(type:b'MSG', chunk_type:b'F', body_size:52, channel:108)
2026-09-14 21:25:02,173 - INFO - opcua.client.ua_client.Socket - open_secure_channel
2026-09-14 21:25:02,175 - INFO - opcua.uaprotocol - received header: Header(type:b'OPN', chunk_type:b'F', body_size:123, channel:108)
2026-09-14 21:25:02,175 - INFO - opcua.client.ua_client - read
2026-09-14 21:25:02,178 - INFO - opcua.uaprotocol - received header: Header(type:b'MSG', chunk_type:b'F', body_size:62, channel:108)
2026-09-14 21:25:04,425 - INFO - opcua.client.ua_client - read
2026-09-14 21:25:04,429 - INFO - opcua.uaprotocol - received header: Header(type:b'MSG', chunk_type:b'F', body_size:52, channel:108)
2026-09-14 21:25:05,398 - INFO - opcua.client.ua_client - read
2026-09-14 21:25:05,403 - INFO - opcua.uaprotocol - received header: Header(type:b'MSG', chunk_type:b'F', body_size:62, channel:108)
2026-09-14 21:25:07,630 - INFO - opcua.client.ua_client - read
2026-09-14 21:25:07,634 - INFO - opcua.uaprotocol - received header: Header(type:b'MSG', chunk_type:b'F', body_size:52, channel:108)
2026-09-14 21:25:10,458 - INFO - opcua.client.ua_client - read
2026-09-14 21:25:10,462 - INFO - opcua.uaprotocol - received header: Header(type:b'MSG', chunk_type:b'F', body_size:62, channel:108)
2026-09-14 21:25:10,836 - INFO - opcua.client.ua_client - read
2026-09-14 21:25:10,841 - INFO - opcua.uaprotocol - received header: Header(type:b'MSG', chunk_type:b'F', body_size:52, channel:108)
2026-09-14 21:25:14,048 - INFO - opcua.client.ua_client - read
2026-09-14 21:25:14,053 - INFO - opcua.uaprotocol - received header: Header(type:b'MSG', chunk_type:b'F', body_size:52, channel:108)
2026-09-14 21:25:15,493 - INFO - opcua.client.ua_client - read
2026-09-14 21:25:15,496 - INFO - opcua.uaprotocol - received header: Header(type:b'MSG', chunk_type:b'F', body_size:62, channel:108)
2026-09-14 21:25:16,750 - INFO - opcua.client.ua_client - close_session
2026-09-14 21:25:16,830 - INFO - opcua.uaprotocol - received header: Header(type:b'MSG', chunk_type:b'F', body_size:40, channel:108)
2026-09-14 21:25:16,830 - INFO - opcua.client.ua_client.Socket - close_secure_channel
2026-09-14 21:25:16,831 - INFO - opcua.client.ua_client.Socket - Request to close socket received
2026-09-14 21:25:16,831 - INFO - opcua.client.ua_client.Socket - Socket closed, waiting for receiver thread to terminate...
2026-09-14 21:25:16,831 - INFO - opcua.client.ua_client.Socket - Socket has closed connection
2026-09-14 21:25:16,831 - INFO - opcua.client.ua_client.Socket - Cancelling request 64
2026-09-14 21:25:16,831 - INFO - opcua.client.ua_client.Socket - Thread ended
2026-09-14 21:25:16,831 - INFO - opcua.client.ua_client.Socket - Done closing socket: Receiving thread terminated, socket disconnected
2026-09-14 21:42:36,720 - INFO - opcua.client.ua_client.Socket - opening connection
2026-09-14 21:42:36,744 - INFO - opcua.client.ua_client.Socket - Thread started
2026-09-14 21:42:36,745 - INFO - opcua.uaprotocol - received header: Header(type:b'ACK', chunk_type:b'F', body_size:20, channel:0)
2026-09-14 21:42:36,745 - INFO - opcua.client.ua_client.Socket - open_secure_channel
2026-09-14 21:42:36,747 - INFO - opcua.uaprotocol - received header: Header(type:b'OPN', chunk_type:b'F', body_size:123, channel:109)
2026-09-14 21:42:36,747 - INFO - opcua.client.ua_client - create_session
2026-09-14 21:42:36,911 - INFO - opcua.uaprotocol - received header: Header(type:b'MSG', chunk_type:b'F', body_size:2464, channel:109)
2026-09-14 21:42:36,912 - INFO - opcua.client.ua_client - activate_session
2026-09-14 21:42:36,917 - INFO - opcua.uaprotocol - received header: Header(type:b'MSG', chunk_type:b'F', body_size:52, channel:109)
2026-09-14 21:42:36,917 - INFO - opcua.client.ua_client - read
2026-09-14 21:42:36,921 - INFO - opcua.uaprotocol - received header: Header(type:b'MSG', chunk_type:b'F', body_size:52, channel:109)
2026-09-14 21:42:37,122 - INFO - opcua.client.ua_client - read
2026-09-14 21:42:37,126 - INFO - opcua.uaprotocol - received header: Header(type:b'MSG', chunk_type:b'F', body_size:52, channel:109)
2026-09-14 21:42:38,424 - INFO - opcua.client.ua_client - close_session
2026-09-14 21:42:38,461 - INFO - opcua.uaprotocol - received header: Header(type:b'MSG', chunk_type:b'F', body_size:40, channel:109)
2026-09-14 21:42:38,461 - INFO - opcua.client.ua_client.Socket - close_secure_channel
2026-09-14 21:42:38,461 - INFO - opcua.client.ua_client.Socket - Request to close socket received
2026-09-14 21:42:38,461 - INFO - opcua.client.ua_client.Socket - Socket closed, waiting for receiver thread to terminate...
2026-09-14 21:42:38,461 - INFO - opcua.client.ua_client.Socket - Socket has closed connection
2026-09-14 21:42:38,461 - INFO - opcua.client.ua_client.Socket - Cancelling request 7
2026-09-14 21:42:38,461 - INFO - opcua.client.ua_client.Socket - Thread ended
2026-09-14 21:42:38,462 - INFO - opcua.client.ua_client.Socket - Done closing socket: Receiving thread terminated, socket disconnected
2026-09-14 21:44:55,939 - INFO - opcua.client.ua_client.Socket - opening connection
2026-09-14 21:44:56,071 - INFO - opcua.client.ua_client.Socket - Thread started
2026-09-14 21:44:56,072 - INFO - opcua.uaprotocol - received header: Header(type:b'ACK', chunk_type:b'F', body_size:20, channel:0)
2026-09-14 21:44:56,072 - INFO - opcua.client.ua_client.Socket - open_secure_channel
2026-09-14 21:44:56,075 - INFO - opcua.uaprotocol - received header: Header(type:b'OPN', chunk_type:b'F', body_size:123, channel:110)
2026-09-14 21:44:56,075 - INFO - opcua.client.ua_client - create_session
2026-09-14 21:44:56,242 - INFO - opcua.uaprotocol - received header: Header(type:b'MSG', chunk_type:b'F', body_size:2464, channel:110)
2026-09-14 21:44:56,243 - INFO - opcua.client.ua_client - activate_session
2026-09-14 21:44:56,247 - INFO - opcua.uaprotocol - received header: Header(type:b'MSG', chunk_type:b'F', body_size:52, channel:110)
2026-09-14 21:44:56,248 - INFO - opcua.client.ua_client - read
2026-09-14 21:44:56,254 - INFO - opcua.uaprotocol - received header: Header(type:b'MSG', chunk_type:b'F', body_size:52, channel:110)
2026-09-14 21:44:56,455 - INFO - opcua.client.ua_client - read
2026-09-14 21:44:56,459 - INFO - opcua.uaprotocol - received header: Header(type:b'MSG', chunk_type:b'F', body_size:52, channel:110)
2026-09-14 21:44:57,418 - INFO - opcua.client.ua_client - close_session
2026-09-14 21:44:57,456 - INFO - opcua.uaprotocol - received header: Header(type:b'MSG', chunk_type:b'F', body_size:40, channel:110)
2026-09-14 21:44:57,456 - INFO - opcua.client.ua_client.Socket - close_secure_channel
2026-09-14 21:44:57,456 - INFO - opcua.client.ua_client.Socket - Request to close socket received
2026-09-14 21:44:57,456 - INFO - opcua.client.ua_client.Socket - Socket closed, waiting for receiver thread to terminate...
2026-09-14 21:44:57,456 - INFO - opcua.client.ua_client.Socket - Socket has closed connection
2026-09-14 21:44:57,456 - INFO - opcua.client.ua_client.Socket - Cancelling request 7
2026-09-14 21:44:57,457 - INFO - opcua.client.ua_client.Socket - Thread ended
2026-09-14 21:44:57,457 - INFO - opcua.client.ua_client.Socket - Done closing socket: Receiving thread terminated, socket disconnected
2026-09-14 21:46:14,131 - INFO - opcua.client.ua_client.Socket - opening connection
2026-09-14 21:46:14,203 - INFO - opcua.client.ua_client.Socket - Thread started
2026-09-14 21:46:14,204 - INFO - opcua.uaprotocol - received header: Header(type:b'ACK', chunk_type:b'F', body_size:20, channel:0)
2026-09-14 21:46:14,204 - INFO - opcua.client.ua_client.Socket - open_secure_channel
2026-09-14 21:46:14,206 - INFO - opcua.uaprotocol - received header: Header(type:b'OPN', chunk_type:b'F', body_size:123, channel:111)
2026-09-14 21:46:14,206 - INFO - opcua.client.ua_client - create_session
2026-09-14 21:46:14,376 - INFO - opcua.uaprotocol - received header: Header(type:b'MSG', chunk_type:b'F', body_size:2464, channel:111)
2026-09-14 21:46:14,376 - INFO - opcua.client.ua_client - activate_session
2026-09-14 21:46:14,380 - INFO - opcua.uaprotocol - received header: Header(type:b'MSG', chunk_type:b'F', body_size:52, channel:111)
2026-09-14 21:46:14,380 - INFO - opcua.client.ua_client - read
2026-09-14 21:46:14,384 - INFO - opcua.uaprotocol - received header: Header(type:b'MSG', chunk_type:b'F', body_size:52, channel:111)
2026-09-14 21:46:14,585 - INFO - opcua.client.ua_client - read
2026-09-14 21:46:14,598 - INFO - opcua.uaprotocol - received header: Header(type:b'MSG', chunk_type:b'F', body_size:52, channel:111)
2026-09-14 21:46:17,585 - INFO - opcua.client.ua_client - read
2026-09-14 21:46:17,589 - INFO - opcua.uaprotocol - received header: Header(type:b'MSG', chunk_type:b'F', body_size:52, channel:111)
2026-09-14 21:46:18,048 - INFO - opcua.client.ua_client - close_session
2026-09-14 21:46:18,098 - INFO - opcua.uaprotocol - received header: Header(type:b'MSG', chunk_type:b'F', body_size:40, channel:111)
2026-09-14 21:46:18,098 - INFO - opcua.client.ua_client.Socket - close_secure_channel
2026-09-14 21:46:18,099 - INFO - opcua.client.ua_client.Socket - Request to close socket received
2026-09-14 21:46:18,099 - INFO - opcua.client.ua_client.Socket - Socket closed, waiting for receiver thread to terminate...
2026-09-14 21:46:18,099 - INFO - opcua.client.ua_client.Socket - Socket has closed connection
2026-09-14 21:46:18,099 - INFO - opcua.client.ua_client.Socket - Cancelling request 8
2026-09-14 21:46:18,099 - INFO - opcua.client.ua_client.Socket - Thread ended
2026-09-14 21:46:18,099 - INFO - opcua.client.ua_client.Socket - Done closing socket: Receiving thread terminated, socket disconnected
2026-09-14 21:50:32,293 - INFO - opcua.client.ua_client.Socket - opening connection
2026-09-14 21:50:32,402 - INFO - opcua.client.ua_client.Socket - Thread started
2026-09-14 21:50:32,403 - INFO - opcua.uaprotocol - received header: Header(type:b'ACK', chunk_type:b'F', body_size:20, channel:0)
2026-09-14 21:50:32,403 - INFO - opcua.client.ua_client.Socket - open_secure_channel
2026-09-14 21:50:32,405 - INFO - opcua.uaprotocol - received header: Header(type:b'OPN', chunk_type:b'F', body_size:123, channel:112)
2026-09-14 21:50:32,405 - INFO - opcua.client.ua_client - create_session
2026-09-14 21:50:32,616 - INFO - opcua.uaprotocol - received header: Header(type:b'MSG', chunk_type:b'F', body_size:2464, channel:112)
2026-09-14 21:50:32,617 - INFO - opcua.client.ua_client - activate_session
2026-09-14 21:50:32,620 - INFO - opcua.uaprotocol - received header: Header(type:b'MSG', chunk_type:b'F', body_size:52, channel:112)
2026-09-14 21:50:32,621 - INFO - opcua.client.ua_client - read
2026-09-14 21:50:32,626 - INFO - opcua.uaprotocol - received header: Header(type:b'MSG', chunk_type:b'F', body_size:52, channel:112)
2026-09-14 21:50:32,829 - INFO - opcua.client.ua_client - read
2026-09-14 21:50:32,833 - INFO - opcua.uaprotocol - received header: Header(type:b'MSG', chunk_type:b'F', body_size:52, channel:112)
2026-09-14 21:50:35,833 - INFO - opcua.client.ua_client - read
2026-09-14 21:50:35,839 - INFO - opcua.uaprotocol - received header: Header(type:b'MSG', chunk_type:b'F', body_size:52, channel:112)
2026-09-14 21:50:38,106 - INFO - opcua.client.ua_client - read
2026-09-14 21:50:38,116 - INFO - opcua.uaprotocol - received header: Header(type:b'MSG', chunk_type:b'F', body_size:62, channel:112)
2026-09-14 21:50:39,042 - INFO - opcua.client.ua_client - read
2026-09-14 21:50:39,048 - INFO - opcua.uaprotocol - received header: Header(type:b'MSG', chunk_type:b'F', body_size:52, channel:112)
2026-09-14 21:50:42,253 - INFO - opcua.client.ua_client - read
2026-09-14 21:50:42,256 - INFO - opcua.uaprotocol - received header: Header(type:b'MSG', chunk_type:b'F', body_size:52, channel:112)
2026-09-14 21:50:43,167 - INFO - opcua.client.ua_client - read
2026-09-14 21:50:43,171 - INFO - opcua.uaprotocol - received header: Header(type:b'MSG', chunk_type:b'F', body_size:62, channel:112)
2026-09-14 21:50:45,463 - INFO - opcua.client.ua_client - read
2026-09-14 21:50:45,467 - INFO - opcua.uaprotocol - received header: Header(type:b'MSG', chunk_type:b'F', body_size:52, channel:112)
2026-09-14 21:50:48,262 - INFO - opcua.client.ua_client - read
2026-09-14 21:50:48,266 - INFO - opcua.uaprotocol - received header: Header(type:b'MSG', chunk_type:b'F', body_size:62, channel:112)
2026-09-14 21:50:48,671 - INFO - opcua.client.ua_client - read
2026-09-14 21:50:48,675 - INFO - opcua.uaprotocol - received header: Header(type:b'MSG', chunk_type:b'F', body_size:52, channel:112)
2026-09-14 21:50:51,878 - INFO - opcua.client.ua_client - read
2026-09-14 21:50:51,882 - INFO - opcua.uaprotocol - received header: Header(type:b'MSG', chunk_type:b'F', body_size:52, channel:112)
2026-09-14 21:50:53,330 - INFO - opcua.client.ua_client - read
2026-09-14 21:50:53,334 - INFO - opcua.uaprotocol - received header: Header(type:b'MSG', chunk_type:b'F', body_size:62, channel:112)
2026-09-14 21:50:53,618 - INFO - opcua.client.ua_client.Socket - open_secure_channel
2026-09-14 21:50:53,619 - INFO - opcua.uaprotocol - received header: Header(type:b'OPN', chunk_type:b'F', body_size:123, channel:112)
2026-09-14 21:50:53,619 - INFO - opcua.client.ua_client - read
2026-09-14 21:50:53,622 - INFO - opcua.uaprotocol - received header: Header(type:b'MSG', chunk_type:b'F', body_size:62, channel:112)
2026-09-14 21:50:55,085 - INFO - opcua.client.ua_client - read
2026-09-14 21:50:55,090 - INFO - opcua.uaprotocol - received header: Header(type:b'MSG', chunk_type:b'F', body_size:52, channel:112)
2026-09-14 21:50:57,425 - INFO - opcua.client.ua_client - read
2026-09-14 21:50:57,430 - INFO - opcua.uaprotocol - received header: Header(type:b'MSG', chunk_type:b'F', body_size:52, channel:112)
2026-09-14 21:50:57,630 - INFO - opcua.client.ua_client - read
2026-09-14 21:50:57,634 - INFO - opcua.uaprotocol - received header: Header(type:b'MSG', chunk_type:b'F', body_size:62, channel:112)
2026-09-14 21:51:00,637 - INFO - opcua.client.ua_client - read
2026-09-14 21:51:00,642 - INFO - opcua.uaprotocol - received header: Header(type:b'MSG', chunk_type:b'F', body_size:52, channel:112)
2026-09-14 21:51:02,660 - INFO - opcua.client.ua_client - read
2026-09-14 21:51:02,663 - INFO - opcua.uaprotocol - received header: Header(type:b'MSG', chunk_type:b'F', body_size:62, channel:112)
2026-09-14 21:51:03,845 - INFO - opcua.client.ua_client - read
2026-09-14 21:51:03,849 - INFO - opcua.uaprotocol - received header: Header(type:b'MSG', chunk_type:b'F', body_size:52, channel:112)
2026-09-14 21:51:07,053 - INFO - opcua.client.ua_client - read
2026-09-14 21:51:07,057 - INFO - opcua.uaprotocol - received header: Header(type:b'MSG', chunk_type:b'F', body_size:52, channel:112)
2026-09-14 21:51:07,717 - INFO - opcua.client.ua_client - read
2026-09-14 21:51:07,721 - INFO - opcua.uaprotocol - received header: Header(type:b'MSG', chunk_type:b'F', body_size:62, channel:112)
2026-09-14 21:51:10,266 - INFO - opcua.client.ua_client - read
2026-09-14 21:51:10,270 - INFO - opcua.uaprotocol - received header: Header(type:b'MSG', chunk_type:b'F', body_size:52, channel:112)
2026-09-14 21:51:12,781 - INFO - opcua.client.ua_client - read
2026-09-14 21:51:12,785 - INFO - opcua.uaprotocol - received header: Header(type:b'MSG', chunk_type:b'F', body_size:62, channel:112)
2026-09-14 21:51:13,473 - INFO - opcua.client.ua_client - read
2026-09-14 21:51:13,478 - INFO - opcua.uaprotocol - received header: Header(type:b'MSG', chunk_type:b'F', body_size:52, channel:112)
2026-09-14 21:51:14,623 - INFO - opcua.client.ua_client.Socket - open_secure_channel
2026-09-14 21:51:14,625 - INFO - opcua.uaprotocol - received header: Header(type:b'OPN', chunk_type:b'F', body_size:123, channel:112)
2026-09-14 21:51:14,625 - INFO - opcua.client.ua_client - read
2026-09-14 21:51:14,629 - INFO - opcua.uaprotocol - received header: Header(type:b'MSG', chunk_type:b'F', body_size:62, channel:112)
2026-09-14 21:51:16,686 - INFO - opcua.client.ua_client - read
2026-09-14 21:51:16,691 - INFO - opcua.uaprotocol - received header: Header(type:b'MSG', chunk_type:b'F', body_size:52, channel:112)
2026-09-14 21:51:17,861 - INFO - opcua.client.ua_client - read
2026-09-14 21:51:17,864 - INFO - opcua.uaprotocol - received header: Header(type:b'MSG', chunk_type:b'F', body_size:62, channel:112)
2026-09-14 21:51:19,910 - INFO - opcua.client.ua_client - read
2026-09-14 21:51:19,914 - INFO - opcua.uaprotocol - received header: Header(type:b'MSG', chunk_type:b'F', body_size:52, channel:112)
2026-09-14 21:51:22,901 - INFO - opcua.client.ua_client - read
2026-09-14 21:51:22,906 - INFO - opcua.uaprotocol - received header: Header(type:b'MSG', chunk_type:b'F', body_size:62, channel:112)
2026-09-14 21:51:23,116 - INFO - opcua.client.ua_client - read
2026-09-14 21:51:23,119 - INFO - opcua.uaprotocol - received header: Header(type:b'MSG', chunk_type:b'F', body_size:52, channel:112)
2026-09-14 21:51:26,326 - INFO - opcua.client.ua_client - read
2026-09-14 21:51:26,330 - INFO - opcua.uaprotocol - received header: Header(type:b'MSG', chunk_type:b'F', body_size:52, channel:112)
2026-09-14 21:51:27,056 - INFO - opcua.client.ua_client - read
2026-09-14 21:51:27,061 - INFO - opcua.uaprotocol - received header: Header(type:b'MSG', chunk_type:b'F', body_size:62, channel:112)
2026-09-14 21:51:28,665 - INFO - opcua.client.ua_client - read
2026-09-14 21:51:28,669 - INFO - opcua.uaprotocol - received header: Header(type:b'MSG', chunk_type:b'F', body_size:52, channel:112)
2026-09-14 21:51:31,875 - INFO - opcua.client.ua_client - read
2026-09-14 21:51:31,884 - INFO - opcua.uaprotocol - received header: Header(type:b'MSG', chunk_type:b'F', body_size:52, channel:112)
2026-09-14 21:51:32,102 - INFO - opcua.client.ua_client - read
2026-09-14 21:51:32,108 - INFO - opcua.uaprotocol - received header: Header(type:b'MSG', chunk_type:b'F', body_size:62, channel:112)
2026-09-14 21:51:35,091 - INFO - opcua.client.ua_client - read
2026-09-14 21:51:35,096 - INFO - opcua.uaprotocol - received header: Header(type:b'MSG', chunk_type:b'F', body_size:52, channel:112)
2026-09-14 21:51:35,629 - INFO - opcua.client.ua_client.Socket - open_secure_channel
2026-09-14 21:51:35,631 - INFO - opcua.uaprotocol - received header: Header(type:b'OPN', chunk_type:b'F', body_size:123, channel:112)
2026-09-14 21:51:35,631 - INFO - opcua.client.ua_client - read
2026-09-14 21:51:35,635 - INFO - opcua.uaprotocol - received header: Header(type:b'MSG', chunk_type:b'F', body_size:62, channel:112)
2026-09-14 21:51:37,123 - INFO - opcua.client.ua_client - read
2026-09-14 21:51:37,126 - INFO - opcua.uaprotocol - received header: Header(type:b'MSG', chunk_type:b'F', body_size:62, channel:112)
2026-09-14 21:51:38,302 - INFO - opcua.client.ua_client - read
2026-09-14 21:51:38,306 - INFO - opcua.uaprotocol - received header: Header(type:b'MSG', chunk_type:b'F', body_size:52, channel:112)
2026-09-14 21:51:41,525 - INFO - opcua.client.ua_client - read
2026-09-14 21:51:41,529 - INFO - opcua.uaprotocol - received header: Header(type:b'MSG', chunk_type:b'F', body_size:52, channel:112)
2026-09-14 21:51:42,132 - INFO - opcua.client.ua_client - read
2026-09-14 21:51:42,135 - INFO - opcua.uaprotocol - received header: Header(type:b'MSG', chunk_type:b'F', body_size:62, channel:112)
2026-09-14 21:51:44,739 - INFO - opcua.client.ua_client - read
2026-09-14 21:51:44,743 - INFO - opcua.uaprotocol - received header: Header(type:b'MSG', chunk_type:b'F', body_size:52, channel:112)
2026-09-14 21:51:47,162 - INFO - opcua.client.ua_client - read
2026-09-14 21:51:47,166 - INFO - opcua.uaprotocol - received header: Header(type:b'MSG', chunk_type:b'F', body_size:62, channel:112)
2026-09-14 21:51:47,946 - INFO - opcua.client.ua_client - read
2026-09-14 21:51:47,952 - INFO - opcua.uaprotocol - received header: Header(type:b'MSG', chunk_type:b'F', body_size:52, channel:112)
2026-09-14 21:51:51,156 - INFO - opcua.client.ua_client - read
2026-09-14 21:51:51,160 - INFO - opcua.uaprotocol - received header: Header(type:b'MSG', chunk_type:b'F', body_size:52, channel:112)
2026-09-14 21:51:52,219 - INFO - opcua.client.ua_client - read
2026-09-14 21:51:52,222 - INFO - opcua.uaprotocol - received header: Header(type:b'MSG', chunk_type:b'F', body_size:62, channel:112)
2026-09-14 21:51:54,365 - INFO - opcua.client.ua_client - read
2026-09-14 21:51:54,369 - INFO - opcua.uaprotocol - received header: Header(type:b'MSG', chunk_type:b'F', body_size:52, channel:112)
2026-09-14 21:51:56,637 - INFO - opcua.client.ua_client.Socket - open_secure_channel
2026-09-14 21:51:56,638 - INFO - opcua.uaprotocol - received header: Header(type:b'OPN', chunk_type:b'F', body_size:123, channel:112)
2026-09-14 21:51:56,639 - INFO - opcua.client.ua_client - read
2026-09-14 21:51:56,641 - INFO - opcua.uaprotocol - received header: Header(type:b'MSG', chunk_type:b'F', body_size:62, channel:112)
2026-09-14 21:51:57,257 - INFO - opcua.client.ua_client - read
2026-09-14 21:51:57,261 - INFO - opcua.uaprotocol - received header: Header(type:b'MSG', chunk_type:b'F', body_size:62, channel:112)
2026-09-14 21:51:57,574 - INFO - opcua.client.ua_client - read
2026-09-14 21:51:57,577 - INFO - opcua.uaprotocol - received header: Header(type:b'MSG', chunk_type:b'F', body_size:52, channel:112)
2026-09-14 21:51:59,911 - INFO - opcua.client.ua_client - read
2026-09-14 21:51:59,915 - INFO - opcua.uaprotocol - received header: Header(type:b'MSG', chunk_type:b'F', body_size:52, channel:112)
2026-09-14 21:52:01,426 - INFO - opcua.client.ua_client - read
2026-09-14 21:52:01,429 - INFO - opcua.uaprotocol - received header: Header(type:b'MSG', chunk_type:b'F', body_size:62, channel:112)
2026-09-14 21:52:03,118 - INFO - opcua.client.ua_client - read
2026-09-14 21:52:03,122 - INFO - opcua.uaprotocol - received header: Header(type:b'MSG', chunk_type:b'F', body_size:52, channel:112)
2026-09-14 21:52:06,325 - INFO - opcua.client.ua_client - read
2026-09-14 21:52:06,329 - INFO - opcua.uaprotocol - received header: Header(type:b'MSG', chunk_type:b'F', body_size:52, channel:112)
2026-09-14 21:52:06,532 - INFO - opcua.client.ua_client - read
2026-09-14 21:52:06,535 - INFO - opcua.uaprotocol - received header: Header(type:b'MSG', chunk_type:b'F', body_size:62, channel:112)
2026-09-14 21:52:09,541 - INFO - opcua.client.ua_client - read
2026-09-14 21:52:09,545 - INFO - opcua.uaprotocol - received header: Header(type:b'MSG', chunk_type:b'F', body_size:52, channel:112)
2026-09-14 21:52:11,552 - INFO - opcua.client.ua_client - read
2026-09-14 21:52:11,555 - INFO - opcua.uaprotocol - received header: Header(type:b'MSG', chunk_type:b'F', body_size:62, channel:112)
2026-09-14 21:52:12,754 - INFO - opcua.client.ua_client - read
2026-09-14 21:52:12,758 - INFO - opcua.uaprotocol - received header: Header(type:b'MSG', chunk_type:b'F', body_size:52, channel:112)
2026-09-14 21:52:15,961 - INFO - opcua.client.ua_client - read
2026-09-14 21:52:15,965 - INFO - opcua.uaprotocol - received header: Header(type:b'MSG', chunk_type:b'F', body_size:52, channel:112)
2026-09-14 21:52:16,593 - INFO - opcua.client.ua_client - read
2026-09-14 21:52:16,597 - INFO - opcua.uaprotocol - received header: Header(type:b'MSG', chunk_type:b'F', body_size:62, channel:112)
2026-09-14 21:52:17,645 - INFO - opcua.client.ua_client.Socket - open_secure_channel
2026-09-14 21:52:17,647 - INFO - opcua.uaprotocol - received header: Header(type:b'OPN', chunk_type:b'F', body_size:123, channel:112)
2026-09-14 21:52:17,647 - INFO - opcua.client.ua_client - read
2026-09-14 21:52:17,650 - INFO - opcua.uaprotocol - received header: Header(type:b'MSG', chunk_type:b'F', body_size:62, channel:112)
2026-09-14 21:52:19,168 - INFO - opcua.client.ua_client - read
2026-09-14 21:52:19,172 - INFO - opcua.uaprotocol - received header: Header(type:b'MSG', chunk_type:b'F', body_size:52, channel:112)
2026-09-14 21:52:21,643 - INFO - opcua.client.ua_client - read
2026-09-14 21:52:21,646 - INFO - opcua.uaprotocol - received header: Header(type:b'MSG', chunk_type:b'F', body_size:62, channel:112)
2026-09-14 21:52:22,375 - INFO - opcua.client.ua_client - read
2026-09-14 21:52:22,379 - INFO - opcua.uaprotocol - received header: Header(type:b'MSG', chunk_type:b'F', body_size:52, channel:112)
2026-09-14 21:52:25,583 - INFO - opcua.client.ua_client - read
2026-09-14 21:52:25,587 - INFO - opcua.uaprotocol - received header: Header(type:b'MSG', chunk_type:b'F', body_size:52, channel:112)
2026-09-14 21:52:26,723 - INFO - opcua.client.ua_client - read
2026-09-14 21:52:26,726 - INFO - opcua.uaprotocol - received header: Header(type:b'MSG', chunk_type:b'F', body_size:62, channel:112)
2026-09-14 21:52:28,795 - INFO - opcua.client.ua_client - read
2026-09-14 21:52:28,799 - INFO - opcua.uaprotocol - received header: Header(type:b'MSG', chunk_type:b'F', body_size:52, channel:112)
2026-09-14 21:52:30,911 - INFO - opcua.client.ua_client - read
2026-09-14 21:52:30,916 - INFO - opcua.uaprotocol - received header: Header(type:b'MSG', chunk_type:b'F', body_size:62, channel:112)
2026-09-14 21:52:31,139 - INFO - opcua.client.ua_client - read
2026-09-14 21:52:31,144 - INFO - opcua.uaprotocol - received header: Header(type:b'MSG', chunk_type:b'F', body_size:52, channel:112)
2026-09-14 21:52:34,349 - INFO - opcua.client.ua_client - read
2026-09-14 21:52:34,353 - INFO - opcua.uaprotocol - received header: Header(type:b'MSG', chunk_type:b'F', body_size:52, channel:112)
2026-09-14 21:52:35,959 - INFO - opcua.client.ua_client - read
2026-09-14 21:52:35,962 - INFO - opcua.uaprotocol - received header: Header(type:b'MSG', chunk_type:b'F', body_size:62, channel:112)
2026-09-14 21:52:37,562 - INFO - opcua.client.ua_client - read
2026-09-14 21:52:37,565 - INFO - opcua.uaprotocol - received header: Header(type:b'MSG', chunk_type:b'F', body_size:52, channel:112)
2026-09-14 21:52:38,652 - INFO - opcua.client.ua_client.Socket - open_secure_channel
2026-09-14 21:52:38,654 - INFO - opcua.uaprotocol - received header: Header(type:b'OPN', chunk_type:b'F', body_size:123, channel:112)
2026-09-14 21:52:38,654 - INFO - opcua.client.ua_client - read
2026-09-14 21:52:38,657 - INFO - opcua.uaprotocol - received header: Header(type:b'MSG', chunk_type:b'F', body_size:62, channel:112)
2026-09-14 21:52:40,777 - INFO - opcua.client.ua_client - read
2026-09-14 21:52:40,782 - INFO - opcua.uaprotocol - received header: Header(type:b'MSG', chunk_type:b'F', body_size:52, channel:112)
2026-09-14 21:52:41,002 - INFO - opcua.client.ua_client - read
2026-09-14 21:52:41,005 - INFO - opcua.uaprotocol - received header: Header(type:b'MSG', chunk_type:b'F', body_size:62, channel:112)
2026-09-14 21:52:43,990 - INFO - opcua.client.ua_client - read
2026-09-14 21:52:43,994 - INFO - opcua.uaprotocol - received header: Header(type:b'MSG', chunk_type:b'F', body_size:52, channel:112)
2026-09-14 21:52:46,024 - INFO - opcua.client.ua_client - read
2026-09-14 21:52:46,028 - INFO - opcua.uaprotocol - received header: Header(type:b'MSG', chunk_type:b'F', body_size:62, channel:112)
2026-09-14 21:52:47,196 - INFO - opcua.client.ua_client - read
2026-09-14 21:52:47,200 - INFO - opcua.uaprotocol - received header: Header(type:b'MSG', chunk_type:b'F', body_size:52, channel:112)
2026-09-14 21:52:50,403 - INFO - opcua.client.ua_client - read
2026-09-14 21:52:50,407 - INFO - opcua.uaprotocol - received header: Header(type:b'MSG', chunk_type:b'F', body_size:52, channel:112)
2026-09-14 21:52:51,080 - INFO - opcua.client.ua_client - read
2026-09-14 21:52:51,084 - INFO - opcua.uaprotocol - received header: Header(type:b'MSG', chunk_type:b'F', body_size:62, channel:112)
2026-09-14 21:52:53,610 - INFO - opcua.client.ua_client - read
2026-09-14 21:52:53,615 - INFO - opcua.uaprotocol - received header: Header(type:b'MSG', chunk_type:b'F', body_size:52, channel:112)
2026-09-14 21:52:56,154 - INFO - opcua.client.ua_client - read
2026-09-14 21:52:56,157 - INFO - opcua.uaprotocol - received header: Header(type:b'MSG', chunk_type:b'F', body_size:62, channel:112)
2026-09-14 21:52:56,816 - INFO - opcua.client.ua_client - read
2026-09-14 21:52:56,820 - INFO - opcua.uaprotocol - received header: Header(type:b'MSG', chunk_type:b'F', body_size:52, channel:112)
2026-09-14 21:52:59,658 - INFO - opcua.client.ua_client.Socket - open_secure_channel
2026-09-14 21:52:59,660 - INFO - opcua.uaprotocol - received header: Header(type:b'OPN', chunk_type:b'F', body_size:123, channel:112)
2026-09-14 21:52:59,660 - INFO - opcua.client.ua_client - read
2026-09-14 21:52:59,663 - INFO - opcua.uaprotocol - received header: Header(type:b'MSG', chunk_type:b'F', body_size:62, channel:112)
2026-09-14 21:53:00,023 - INFO - opcua.client.ua_client - read
2026-09-14 21:53:00,026 - INFO - opcua.uaprotocol - received header: Header(type:b'MSG', chunk_type:b'F', body_size:52, channel:112)
2026-09-14 21:53:01,223 - INFO - opcua.client.ua_client - read
2026-09-14 21:53:01,226 - INFO - opcua.uaprotocol - received header: Header(type:b'MSG', chunk_type:b'F', body_size:62, channel:112)
2026-09-14 21:53:02,356 - INFO - opcua.client.ua_client - read
2026-09-14 21:53:02,359 - INFO - opcua.uaprotocol - received header: Header(type:b'MSG', chunk_type:b'F', body_size:52, channel:112)
2026-09-14 21:53:05,405 - INFO - opcua.client.ua_client - read
2026-09-14 21:53:05,409 - INFO - opcua.uaprotocol - received header: Header(type:b'MSG', chunk_type:b'F', body_size:62, channel:112)
2026-09-14 21:53:05,563 - INFO - opcua.client.ua_client - read
2026-09-14 21:53:05,567 - INFO - opcua.uaprotocol - received header: Header(type:b'MSG', chunk_type:b'F', body_size:52, channel:112)
2026-09-14 21:53:08,780 - INFO - opcua.client.ua_client - read
2026-09-14 21:53:08,786 - INFO - opcua.uaprotocol - received header: Header(type:b'MSG', chunk_type:b'F', body_size:52, channel:112)
2026-09-14 21:53:10,483 - INFO - opcua.client.ua_client - read
2026-09-14 21:53:10,488 - INFO - opcua.uaprotocol - received header: Header(type:b'MSG', chunk_type:b'F', body_size:62, channel:112)
2026-09-14 21:53:11,991 - INFO - opcua.client.ua_client - read
2026-09-14 21:53:11,996 - INFO - opcua.uaprotocol - received header: Header(type:b'MSG', chunk_type:b'F', body_size:52, channel:112)
2026-09-14 21:53:15,203 - INFO - opcua.client.ua_client - read
2026-09-14 21:53:15,208 - INFO - opcua.uaprotocol - received header: Header(type:b'MSG', chunk_type:b'F', body_size:52, channel:112)
2026-09-14 21:53:15,543 - INFO - opcua.client.ua_client - read
2026-09-14 21:53:15,547 - INFO - opcua.uaprotocol - received header: Header(type:b'MSG', chunk_type:b'F', body_size:62, channel:112)
2026-09-14 21:53:18,414 - INFO - opcua.client.ua_client - read
2026-09-14 21:53:18,418 - INFO - opcua.uaprotocol - received header: Header(type:b'MSG', chunk_type:b'F', body_size:52, channel:112)
2026-09-14 21:53:20,616 - INFO - opcua.client.ua_client - read
2026-09-14 21:53:20,620 - INFO - opcua.uaprotocol - received header: Header(type:b'MSG', chunk_type:b'F', body_size:62, channel:112)
2026-09-14 21:53:20,665 - INFO - opcua.client.ua_client.Socket - open_secure_channel
2026-09-14 21:53:20,666 - INFO - opcua.uaprotocol - received header: Header(type:b'OPN', chunk_type:b'F', body_size:123, channel:112)
2026-09-14 21:53:20,666 - INFO - opcua.client.ua_client - read
2026-09-14 21:53:20,671 - INFO - opcua.uaprotocol - received header: Header(type:b'MSG', chunk_type:b'F', body_size:62, channel:112)
2026-09-14 21:53:21,622 - INFO - opcua.client.ua_client - read
2026-09-14 21:53:21,628 - INFO - opcua.uaprotocol - received header: Header(type:b'MSG', chunk_type:b'F', body_size:52, channel:112)
2026-09-14 21:53:24,848 - INFO - opcua.client.ua_client - read
2026-09-14 21:53:24,852 - INFO - opcua.uaprotocol - received header: Header(type:b'MSG', chunk_type:b'F', body_size:52, channel:112)
2026-09-14 21:53:25,659 - INFO - opcua.client.ua_client - read
2026-09-14 21:53:25,663 - INFO - opcua.uaprotocol - received header: Header(type:b'MSG', chunk_type:b'F', body_size:62, channel:112)
2026-09-14 21:53:28,056 - INFO - opcua.client.ua_client - read
2026-09-14 21:53:28,060 - INFO - opcua.uaprotocol - received header: Header(type:b'MSG', chunk_type:b'F', body_size:52, channel:112)
2026-09-14 21:53:30,731 - INFO - opcua.client.ua_client - read
2026-09-14 21:53:30,735 - INFO - opcua.uaprotocol - received header: Header(type:b'MSG', chunk_type:b'F', body_size:62, channel:112)
2026-09-14 21:53:31,266 - INFO - opcua.client.ua_client - read
2026-09-14 21:53:31,270 - INFO - opcua.uaprotocol - received header: Header(type:b'MSG', chunk_type:b'F', body_size:52, channel:112)
2026-09-14 21:53:33,599 - INFO - opcua.client.ua_client - read
2026-09-14 21:53:33,603 - INFO - opcua.uaprotocol - received header: Header(type:b'MSG', chunk_type:b'F', body_size:52, channel:112)
2026-09-14 21:53:34,928 - INFO - opcua.client.ua_client - read
2026-09-14 21:53:34,932 - INFO - opcua.uaprotocol - received header: Header(type:b'MSG', chunk_type:b'F', body_size:62, channel:112)
2026-09-14 21:53:36,811 - INFO - opcua.client.ua_client - read
2026-09-14 21:53:36,815 - INFO - opcua.uaprotocol - received header: Header(type:b'MSG', chunk_type:b'F', body_size:52, channel:112)
2026-09-14 21:53:39,975 - INFO - opcua.client.ua_client - read
2026-09-14 21:53:39,979 - INFO - opcua.uaprotocol - received header: Header(type:b'MSG', chunk_type:b'F', body_size:62, channel:112)
2026-09-14 21:53:40,018 - INFO - opcua.client.ua_client - read
2026-09-14 21:53:40,022 - INFO - opcua.uaprotocol - received header: Header(type:b'MSG', chunk_type:b'F', body_size:52, channel:112)
2026-09-14 21:53:41,671 - INFO - opcua.client.ua_client.Socket - open_secure_channel
2026-09-14 21:53:41,673 - INFO - opcua.uaprotocol - received header: Header(type:b'OPN', chunk_type:b'F', body_size:123, channel:112)
2026-09-14 21:53:41,673 - INFO - opcua.client.ua_client - read
2026-09-14 21:53:41,677 - INFO - opcua.uaprotocol - received header: Header(type:b'MSG', chunk_type:b'F', body_size:62, channel:112)
2026-09-14 21:53:43,227 - INFO - opcua.client.ua_client - read
2026-09-14 21:53:43,231 - INFO - opcua.uaprotocol - received header: Header(type:b'MSG', chunk_type:b'F', body_size:52, channel:112)
2026-09-14 21:53:45,026 - INFO - opcua.client.ua_client - read
2026-09-14 21:53:45,029 - INFO - opcua.uaprotocol - received header: Header(type:b'MSG', chunk_type:b'F', body_size:62, channel:112)
2026-09-14 21:53:46,434 - INFO - opcua.client.ua_client - read
2026-09-14 21:53:46,439 - INFO - opcua.uaprotocol - received header: Header(type:b'MSG', chunk_type:b'F', body_size:52, channel:112)
2026-09-14 21:53:49,642 - INFO - opcua.client.ua_client - read
2026-09-14 21:53:49,647 - INFO - opcua.uaprotocol - received header: Header(type:b'MSG', chunk_type:b'F', body_size:52, channel:112)
2026-09-14 21:53:50,072 - INFO - opcua.client.ua_client - read
2026-09-14 21:53:50,076 - INFO - opcua.uaprotocol - received header: Header(type:b'MSG', chunk_type:b'F', body_size:62, channel:112)
2026-09-14 21:53:52,850 - INFO - opcua.client.ua_client - read
2026-09-14 21:53:52,854 - INFO - opcua.uaprotocol - received header: Header(type:b'MSG', chunk_type:b'F', body_size:52, channel:112)
2026-09-14 21:53:55,134 - INFO - opcua.client.ua_client - read
2026-09-14 21:53:55,138 - INFO - opcua.uaprotocol - received header: Header(type:b'MSG', chunk_type:b'F', body_size:62, channel:112)
2026-09-14 21:53:56,056 - INFO - opcua.client.ua_client - read
2026-09-14 21:53:56,060 - INFO - opcua.uaprotocol - received header: Header(type:b'MSG', chunk_type:b'F', body_size:52, channel:112)
2026-09-14 21:53:59,262 - INFO - opcua.client.ua_client - read
2026-09-14 21:53:59,265 - INFO - opcua.uaprotocol - received header: Header(type:b'MSG', chunk_type:b'F', body_size:52, channel:112)
2026-09-14 21:54:00,228 - INFO - opcua.client.ua_client - read
2026-09-14 21:54:00,231 - INFO - opcua.uaprotocol - received header: Header(type:b'MSG', chunk_type:b'F', body_size:62, channel:112)
2026-09-14 21:54:02,467 - INFO - opcua.client.ua_client - read
2026-09-14 21:54:02,472 - INFO - opcua.uaprotocol - received header: Header(type:b'MSG', chunk_type:b'F', body_size:52, channel:112)
2026-09-14 21:54:02,677 - INFO - opcua.client.ua_client.Socket - open_secure_channel
2026-09-14 21:54:02,679 - INFO - opcua.uaprotocol - received header: Header(type:b'OPN', chunk_type:b'F', body_size:123, channel:112)
2026-09-14 21:54:02,679 - INFO - opcua.client.ua_client - read
2026-09-14 21:54:02,682 - INFO - opcua.uaprotocol - received header: Header(type:b'MSG', chunk_type:b'F', body_size:62, channel:112)
2026-09-14 21:54:04,413 - INFO - opcua.client.ua_client - read
2026-09-14 21:54:04,418 - INFO - opcua.uaprotocol - received header: Header(type:b'MSG', chunk_type:b'F', body_size:62, channel:112)
2026-09-14 21:54:04,771 - INFO - opcua.client.ua_client - read
2026-09-14 21:54:04,774 - INFO - opcua.uaprotocol - received header: Header(type:b'MSG', chunk_type:b'F', body_size:52, channel:112)
2026-09-14 21:54:07,975 - INFO - opcua.client.ua_client - read
2026-09-14 21:54:07,979 - INFO - opcua.uaprotocol - received header: Header(type:b'MSG', chunk_type:b'F', body_size:52, channel:112)
2026-09-14 21:54:09,487 - INFO - opcua.client.ua_client - read
2026-09-14 21:54:09,491 - INFO - opcua.uaprotocol - received header: Header(type:b'MSG', chunk_type:b'F', body_size:62, channel:112)
2026-09-14 21:54:11,182 - INFO - opcua.client.ua_client - read
2026-09-14 21:54:11,186 - INFO - opcua.uaprotocol - received header: Header(type:b'MSG', chunk_type:b'F', body_size:52, channel:112)
2026-09-14 21:54:14,387 - INFO - opcua.client.ua_client - read
2026-09-14 21:54:14,394 - INFO - opcua.uaprotocol - received header: Header(type:b'MSG', chunk_type:b'F', body_size:52, channel:112)
2026-09-14 21:54:14,594 - INFO - opcua.client.ua_client - read
2026-09-14 21:54:14,598 - INFO - opcua.uaprotocol - received header: Header(type:b'MSG', chunk_type:b'F', body_size:62, channel:112)
2026-09-14 21:54:17,594 - INFO - opcua.client.ua_client - read
2026-09-14 21:54:17,599 - INFO - opcua.uaprotocol - received header: Header(type:b'MSG', chunk_type:b'F', body_size:52, channel:112)
2026-09-14 21:54:19,645 - INFO - opcua.client.ua_client - read
2026-09-14 21:54:19,650 - INFO - opcua.uaprotocol - received header: Header(type:b'MSG', chunk_type:b'F', body_size:62, channel:112)
2026-09-14 21:54:20,799 - INFO - opcua.client.ua_client - read
2026-09-14 21:54:20,804 - INFO - opcua.uaprotocol - received header: Header(type:b'MSG', chunk_type:b'F', body_size:52, channel:112)
2026-09-14 21:54:23,684 - INFO - opcua.client.ua_client.Socket - open_secure_channel
2026-09-14 21:54:23,686 - INFO - opcua.uaprotocol - received header: Header(type:b'OPN', chunk_type:b'F', body_size:123, channel:112)
2026-09-14 21:54:23,686 - INFO - opcua.client.ua_client - read
2026-09-14 21:54:23,690 - INFO - opcua.uaprotocol - received header: Header(type:b'MSG', chunk_type:b'F', body_size:62, channel:112)
2026-09-14 21:54:24,009 - INFO - opcua.client.ua_client - read
2026-09-14 21:54:24,014 - INFO - opcua.uaprotocol - received header: Header(type:b'MSG', chunk_type:b'F', body_size:52, channel:112)
2026-09-14 21:54:24,666 - INFO - opcua.client.ua_client - read
2026-09-14 21:54:24,670 - INFO - opcua.uaprotocol - received header: Header(type:b'MSG', chunk_type:b'F', body_size:62, channel:112)
2026-09-14 21:54:27,215 - INFO - opcua.client.ua_client - read
2026-09-14 21:54:27,219 - INFO - opcua.uaprotocol - received header: Header(type:b'MSG', chunk_type:b'F', body_size:52, channel:112)
2026-09-14 21:54:29,716 - INFO - opcua.client.ua_client - read
2026-09-14 21:54:29,720 - INFO - opcua.uaprotocol - received header: Header(type:b'MSG', chunk_type:b'F', body_size:62, channel:112)
2026-09-14 21:54:30,421 - INFO - opcua.client.ua_client - read
2026-09-14 21:54:30,425 - INFO - opcua.uaprotocol - received header: Header(type:b'MSG', chunk_type:b'F', body_size:52, channel:112)
2026-09-14 21:54:33,631 - INFO - opcua.client.ua_client - read
2026-09-14 21:54:33,635 - INFO - opcua.uaprotocol - received header: Header(type:b'MSG', chunk_type:b'F', body_size:52, channel:112)
2026-09-14 21:54:34,750 - INFO - opcua.client.ua_client - read
2026-09-14 21:54:34,753 - INFO - opcua.uaprotocol - received header: Header(type:b'MSG', chunk_type:b'F', body_size:62, channel:112)
2026-09-14 21:54:35,977 - INFO - opcua.client.ua_client - read
2026-09-14 21:54:35,981 - INFO - opcua.uaprotocol - received header: Header(type:b'MSG', chunk_type:b'F', body_size:52, channel:112)
2026-09-14 21:54:38,924 - INFO - opcua.client.ua_client - read
2026-09-14 21:54:38,928 - INFO - opcua.uaprotocol - received header: Header(type:b'MSG', chunk_type:b'F', body_size:62, channel:112)
2026-09-14 21:54:39,185 - INFO - opcua.client.ua_client - read
2026-09-14 21:54:39,189 - INFO - opcua.uaprotocol - received header: Header(type:b'MSG', chunk_type:b'F', body_size:52, channel:112)
2026-09-14 21:54:42,390 - INFO - opcua.client.ua_client - read
2026-09-14 21:54:42,398 - INFO - opcua.uaprotocol - received header: Header(type:b'MSG', chunk_type:b'F', body_size:52, channel:112)
2026-09-14 21:54:44,006 - INFO - opcua.client.ua_client - read
2026-09-14 21:54:44,010 - INFO - opcua.uaprotocol - received header: Header(type:b'MSG', chunk_type:b'F', body_size:62, channel:112)
2026-09-14 21:54:44,690 - INFO - opcua.client.ua_client.Socket - open_secure_channel
2026-09-14 21:54:44,692 - INFO - opcua.uaprotocol - received header: Header(type:b'OPN', chunk_type:b'F', body_size:123, channel:112)
2026-09-14 21:54:44,692 - INFO - opcua.client.ua_client - read
2026-09-14 21:54:44,695 - INFO - opcua.uaprotocol - received header: Header(type:b'MSG', chunk_type:b'F', body_size:62, channel:112)
2026-09-14 21:54:45,599 - INFO - opcua.client.ua_client - read
2026-09-14 21:54:45,603 - INFO - opcua.uaprotocol - received header: Header(type:b'MSG', chunk_type:b'F', body_size:52, channel:112)
2026-09-14 21:54:48,803 - INFO - opcua.client.ua_client - read
2026-09-14 21:54:48,807 - INFO - opcua.uaprotocol - received header: Header(type:b'MSG', chunk_type:b'F', body_size:52, channel:112)
2026-09-14 21:54:49,024 - INFO - opcua.client.ua_client - read
2026-09-14 21:54:49,029 - INFO - opcua.uaprotocol - received header: Header(type:b'MSG', chunk_type:b'F', body_size:62, channel:112)
2026-09-14 21:54:52,010 - INFO - opcua.client.ua_client - read
2026-09-14 21:54:52,014 - INFO - opcua.uaprotocol - received header: Header(type:b'MSG', chunk_type:b'F', body_size:52, channel:112)
2026-09-14 21:54:54,076 - INFO - opcua.client.ua_client - read
2026-09-14 21:54:54,081 - INFO - opcua.uaprotocol - received header: Header(type:b'MSG', chunk_type:b'F', body_size:62, channel:112)
2026-09-14 21:54:55,216 - INFO - opcua.client.ua_client - read
2026-09-14 21:54:55,220 - INFO - opcua.uaprotocol - received header: Header(type:b'MSG', chunk_type:b'F', body_size:52, channel:112)
2026-09-14 21:54:58,421 - INFO - opcua.client.ua_client - read
2026-09-14 21:54:58,425 - INFO - opcua.uaprotocol - received header: Header(type:b'MSG', chunk_type:b'F', body_size:52, channel:112)
2026-09-14 21:54:59,094 - INFO - opcua.client.ua_client - read
2026-09-14 21:54:59,098 - INFO - opcua.uaprotocol - received header: Header(type:b'MSG', chunk_type:b'F', body_size:62, channel:112)
2026-09-14 21:55:01,626 - INFO - opcua.client.ua_client - read
2026-09-14 21:55:01,631 - INFO - opcua.uaprotocol - received header: Header(type:b'MSG', chunk_type:b'F', body_size:52, channel:112)
2026-09-14 21:55:04,129 - INFO - opcua.client.ua_client - read
2026-09-14 21:55:04,133 - INFO - opcua.uaprotocol - received header: Header(type:b'MSG', chunk_type:b'F', body_size:62, channel:112)
2026-09-14 21:55:04,833 - INFO - opcua.client.ua_client - read
2026-09-14 21:55:04,837 - INFO - opcua.uaprotocol - received header: Header(type:b'MSG', chunk_type:b'F', body_size:52, channel:112)
2026-09-14 21:55:05,696 - INFO - opcua.client.ua_client.Socket - open_secure_channel
2026-09-14 21:55:05,698 - INFO - opcua.uaprotocol - received header: Header(type:b'OPN', chunk_type:b'F', body_size:123, channel:112)
2026-09-14 21:55:05,698 - INFO - opcua.client.ua_client - read
2026-09-14 21:55:05,702 - INFO - opcua.uaprotocol - received header: Header(type:b'MSG', chunk_type:b'F', body_size:62, channel:112)
2026-09-14 21:55:07,165 - INFO - opcua.client.ua_client - read
2026-09-14 21:55:07,169 - INFO - opcua.uaprotocol - received header: Header(type:b'MSG', chunk_type:b'F', body_size:52, channel:112)
2026-09-14 21:55:08,301 - INFO - opcua.client.ua_client - read
2026-09-14 21:55:08,305 - INFO - opcua.uaprotocol - received header: Header(type:b'MSG', chunk_type:b'F', body_size:62, channel:112)
2026-09-14 21:55:10,374 - INFO - opcua.client.ua_client - read
2026-09-14 21:55:10,378 - INFO - opcua.uaprotocol - received header: Header(type:b'MSG', chunk_type:b'F', body_size:52, channel:112)
2026-09-14 21:55:13,358 - INFO - opcua.client.ua_client - read
2026-09-14 21:55:13,362 - INFO - opcua.uaprotocol - received header: Header(type:b'MSG', chunk_type:b'F', body_size:62, channel:112)
2026-09-14 21:55:13,583 - INFO - opcua.client.ua_client - read
2026-09-14 21:55:13,588 - INFO - opcua.uaprotocol - received header: Header(type:b'MSG', chunk_type:b'F', body_size:52, channel:112)
2026-09-14 21:55:16,792 - INFO - opcua.client.ua_client - read
2026-09-14 21:55:16,797 - INFO - opcua.uaprotocol - received header: Header(type:b'MSG', chunk_type:b'F', body_size:52, channel:112)
2026-09-14 21:55:18,377 - INFO - opcua.client.ua_client - read
2026-09-14 21:55:18,380 - INFO - opcua.uaprotocol - received header: Header(type:b'MSG', chunk_type:b'F', body_size:62, channel:112)
2026-09-14 21:55:20,012 - INFO - opcua.client.ua_client - read
2026-09-14 21:55:20,016 - INFO - opcua.uaprotocol - received header: Header(type:b'MSG', chunk_type:b'F', body_size:52, channel:112)
2026-09-14 21:55:23,219 - INFO - opcua.client.ua_client - read
2026-09-14 21:55:23,223 - INFO - opcua.uaprotocol - received header: Header(type:b'MSG', chunk_type:b'F', body_size:52, channel:112)
2026-09-14 21:55:23,424 - INFO - opcua.client.ua_client - read
2026-09-14 21:55:23,427 - INFO - opcua.uaprotocol - received header: Header(type:b'MSG', chunk_type:b'F', body_size:62, channel:112)
2026-09-14 21:55:26,431 - INFO - opcua.client.ua_client - read
2026-09-14 21:55:26,436 - INFO - opcua.uaprotocol - received header: Header(type:b'MSG', chunk_type:b'F', body_size:52, channel:112)
2026-09-14 21:55:26,704 - INFO - opcua.client.ua_client.Socket - open_secure_channel
2026-09-14 21:55:26,707 - INFO - opcua.uaprotocol - received header: Header(type:b'OPN', chunk_type:b'F', body_size:123, channel:112)
2026-09-14 21:55:26,707 - INFO - opcua.client.ua_client - read
2026-09-14 21:55:26,710 - INFO - opcua.uaprotocol - received header: Header(type:b'MSG', chunk_type:b'F', body_size:62, channel:112)
2026-09-14 21:55:28,445 - INFO - opcua.client.ua_client - read
2026-09-14 21:55:28,449 - INFO - opcua.uaprotocol - received header: Header(type:b'MSG', chunk_type:b'F', body_size:62, channel:112)
2026-09-14 21:55:29,639 - INFO - opcua.client.ua_client - read
2026-09-14 21:55:29,642 - INFO - opcua.uaprotocol - received header: Header(type:b'MSG', chunk_type:b'F', body_size:52, channel:112)
2026-09-14 21:55:32,846 - INFO - opcua.client.ua_client - read
2026-09-14 21:55:32,850 - INFO - opcua.uaprotocol - received header: Header(type:b'MSG', chunk_type:b'F', body_size:52, channel:112)
2026-09-14 21:55:33,532 - INFO - opcua.client.ua_client - read
2026-09-14 21:55:33,535 - INFO - opcua.uaprotocol - received header: Header(type:b'MSG', chunk_type:b'F', body_size:62, channel:112)
2026-09-14 21:55:36,053 - INFO - opcua.client.ua_client - read
2026-09-14 21:55:36,059 - INFO - opcua.uaprotocol - received header: Header(type:b'MSG', chunk_type:b'F', body_size:52, channel:112)
2026-09-14 21:55:37,724 - INFO - opcua.client.ua_client - read
2026-09-14 21:55:37,727 - INFO - opcua.uaprotocol - received header: Header(type:b'MSG', chunk_type:b'F', body_size:62, channel:112)
2026-09-14 21:55:38,398 - INFO - opcua.client.ua_client - read
2026-09-14 21:55:38,405 - INFO - opcua.uaprotocol - received header: Header(type:b'MSG', chunk_type:b'F', body_size:52, channel:112)
2026-09-14 21:55:41,606 - INFO - opcua.client.ua_client - read
2026-09-14 21:55:41,612 - INFO - opcua.uaprotocol - received header: Header(type:b'MSG', chunk_type:b'F', body_size:52, channel:112)
2026-09-14 21:55:42,772 - INFO - opcua.client.ua_client - read
2026-09-14 21:55:42,777 - INFO - opcua.uaprotocol - received header: Header(type:b'MSG', chunk_type:b'F', body_size:62, channel:112)
2026-09-14 21:55:44,815 - INFO - opcua.client.ua_client - read
2026-09-14 21:55:44,819 - INFO - opcua.uaprotocol - received header: Header(type:b'MSG', chunk_type:b'F', body_size:52, channel:112)
2026-09-14 21:55:47,710 - INFO - opcua.client.ua_client.Socket - open_secure_channel
2026-09-14 21:55:47,712 - INFO - opcua.uaprotocol - received header: Header(type:b'OPN', chunk_type:b'F', body_size:123, channel:112)
2026-09-14 21:55:47,712 - INFO - opcua.client.ua_client - read
2026-09-14 21:55:47,715 - INFO - opcua.uaprotocol - received header: Header(type:b'MSG', chunk_type:b'F', body_size:62, channel:112)
2026-09-14 21:55:47,796 - INFO - opcua.client.ua_client - read
2026-09-14 21:55:47,799 - INFO - opcua.uaprotocol - received header: Header(type:b'MSG', chunk_type:b'F', body_size:62, channel:112)
2026-09-14 21:55:48,022 - INFO - opcua.client.ua_client - read
2026-09-14 21:55:48,028 - INFO - opcua.uaprotocol - received header: Header(type:b'MSG', chunk_type:b'F', body_size:52, channel:112)
2026-09-14 21:55:51,230 - INFO - opcua.client.ua_client - read
2026-09-14 21:55:51,235 - INFO - opcua.uaprotocol - received header: Header(type:b'MSG', chunk_type:b'F', body_size:52, channel:112)
2026-09-14 21:55:52,867 - INFO - opcua.client.ua_client - read
2026-09-14 21:55:52,871 - INFO - opcua.uaprotocol - received header: Header(type:b'MSG', chunk_type:b'F', body_size:62, channel:112)
2026-09-14 21:55:54,435 - INFO - opcua.client.ua_client - read
2026-09-14 21:55:54,440 - INFO - opcua.uaprotocol - received header: Header(type:b'MSG', chunk_type:b'F', body_size:52, channel:112)
2026-09-14 21:55:57,640 - INFO - opcua.client.ua_client - read
2026-09-14 21:55:57,644 - INFO - opcua.uaprotocol - received header: Header(type:b'MSG', chunk_type:b'F', body_size:52, channel:112)
2026-09-14 21:55:57,938 - INFO - opcua.client.ua_client - read
2026-09-14 21:55:57,942 - INFO - opcua.uaprotocol - received header: Header(type:b'MSG', chunk_type:b'F', body_size:62, channel:112)
2026-09-14 21:56:00,845 - INFO - opcua.client.ua_client - read
2026-09-14 21:56:00,849 - INFO - opcua.uaprotocol - received header: Header(type:b'MSG', chunk_type:b'F', body_size:52, channel:112)
2026-09-14 21:56:02,952 - INFO - opcua.client.ua_client - read
2026-09-14 21:56:02,956 - INFO - opcua.uaprotocol - received header: Header(type:b'MSG', chunk_type:b'F', body_size:62, channel:112)
2026-09-14 21:56:04,050 - INFO - opcua.client.ua_client - read
2026-09-14 21:56:04,054 - INFO - opcua.uaprotocol - received header: Header(type:b'MSG', chunk_type:b'F', body_size:52, channel:112)
2026-09-14 21:56:07,259 - INFO - opcua.client.ua_client - read
2026-09-14 21:56:07,262 - INFO - opcua.uaprotocol - received header: Header(type:b'MSG', chunk_type:b'F', body_size:52, channel:112)
2026-09-14 21:56:07,969 - INFO - opcua.client.ua_client - read
2026-09-14 21:56:07,972 - INFO - opcua.uaprotocol - received header: Header(type:b'MSG', chunk_type:b'F', body_size:62, channel:112)
2026-09-14 21:56:08,716 - INFO - opcua.client.ua_client.Socket - open_secure_channel
2026-09-14 21:56:08,718 - INFO - opcua.uaprotocol - received header: Header(type:b'OPN', chunk_type:b'F', body_size:123, channel:112)
2026-09-14 21:56:08,718 - INFO - opcua.client.ua_client - read
2026-09-14 21:56:08,721 - INFO - opcua.uaprotocol - received header: Header(type:b'MSG', chunk_type:b'F', body_size:62, channel:112)
2026-09-14 21:56:09,595 - INFO - opcua.client.ua_client - read
2026-09-14 21:56:09,600 - INFO - opcua.uaprotocol - received header: Header(type:b'MSG', chunk_type:b'F', body_size:52, channel:112)
2026-09-14 21:56:12,125 - INFO - opcua.client.ua_client - read
2026-09-14 21:56:12,129 - INFO - opcua.uaprotocol - received header: Header(type:b'MSG', chunk_type:b'F', body_size:62, channel:112)
2026-09-14 21:56:12,802 - INFO - opcua.client.ua_client - read
2026-09-14 21:56:12,807 - INFO - opcua.uaprotocol - received header: Header(type:b'MSG', chunk_type:b'F', body_size:52, channel:112)
2026-09-14 21:56:16,007 - INFO - opcua.client.ua_client - read
2026-09-14 21:56:16,012 - INFO - opcua.uaprotocol - received header: Header(type:b'MSG', chunk_type:b'F', body_size:52, channel:112)
2026-09-14 21:56:17,166 - INFO - opcua.client.ua_client - read
2026-09-14 21:56:17,170 - INFO - opcua.uaprotocol - received header: Header(type:b'MSG', chunk_type:b'F', body_size:62, channel:112)
2026-09-14 21:56:19,214 - INFO - opcua.client.ua_client - read
2026-09-14 21:56:19,219 - INFO - opcua.uaprotocol - received header: Header(type:b'MSG', chunk_type:b'F', body_size:52, channel:112)
2026-09-14 21:56:22,218 - INFO - opcua.client.ua_client - read
2026-09-14 21:56:22,222 - INFO - opcua.uaprotocol - received header: Header(type:b'MSG', chunk_type:b'F', body_size:62, channel:112)
2026-09-14 21:56:22,423 - INFO - opcua.client.ua_client - read
2026-09-14 21:56:22,427 - INFO - opcua.uaprotocol - received header: Header(type:b'MSG', chunk_type:b'F', body_size:52, channel:112)
2026-09-14 21:56:25,631 - INFO - opcua.client.ua_client - read
2026-09-14 21:56:25,635 - INFO - opcua.uaprotocol - received header: Header(type:b'MSG', chunk_type:b'F', body_size:52, channel:112)
2026-09-14 21:56:27,253 - INFO - opcua.client.ua_client - read
2026-09-14 21:56:27,257 - INFO - opcua.uaprotocol - received header: Header(type:b'MSG', chunk_type:b'F', body_size:62, channel:112)
2026-09-14 21:56:28,838 - INFO - opcua.client.ua_client - read
2026-09-14 21:56:28,844 - INFO - opcua.uaprotocol - received header: Header(type:b'MSG', chunk_type:b'F', body_size:52, channel:112)
2026-09-14 21:56:29,721 - INFO - opcua.client.ua_client.Socket - open_secure_channel
2026-09-14 21:56:29,723 - INFO - opcua.uaprotocol - received header: Header(type:b'OPN', chunk_type:b'F', body_size:123, channel:112)
2026-09-14 21:56:29,723 - INFO - opcua.client.ua_client - read
2026-09-14 21:56:29,727 - INFO - opcua.uaprotocol - received header: Header(type:b'MSG', chunk_type:b'F', body_size:62, channel:112)
2026-09-14 21:56:32,046 - INFO - opcua.client.ua_client - read
2026-09-14 21:56:32,050 - INFO - opcua.uaprotocol - received header: Header(type:b'MSG', chunk_type:b'F', body_size:52, channel:112)
2026-09-14 21:56:32,322 - INFO - opcua.client.ua_client - read
2026-09-14 21:56:32,326 - INFO - opcua.uaprotocol - received header: Header(type:b'MSG', chunk_type:b'F', body_size:62, channel:112)
2026-09-14 21:56:35,255 - INFO - opcua.client.ua_client - read
2026-09-14 21:56:35,260 - INFO - opcua.uaprotocol - received header: Header(type:b'MSG', chunk_type:b'F', body_size:52, channel:112)
2026-09-14 21:56:37,358 - INFO - opcua.client.ua_client - read
2026-09-14 21:56:37,362 - INFO - opcua.uaprotocol - received header: Header(type:b'MSG', chunk_type:b'F', body_size:62, channel:112)
2026-09-14 21:56:38,465 - INFO - opcua.client.ua_client - read
2026-09-14 21:56:38,469 - INFO - opcua.uaprotocol - received header: Header(type:b'MSG', chunk_type:b'F', body_size:52, channel:112)
2026-09-14 21:56:40,799 - INFO - opcua.client.ua_client - read
2026-09-14 21:56:40,803 - INFO - opcua.uaprotocol - received header: Header(type:b'MSG', chunk_type:b'F', body_size:52, channel:112)
2026-09-14 21:56:41,499 - INFO - opcua.client.ua_client - read
2026-09-14 21:56:41,521 - INFO - opcua.uaprotocol - received header: Header(type:b'MSG', chunk_type:b'F', body_size:62, channel:112)
2026-09-14 21:56:44,005 - INFO - opcua.client.ua_client - read
2026-09-14 21:56:44,009 - INFO - opcua.uaprotocol - received header: Header(type:b'MSG', chunk_type:b'F', body_size:52, channel:112)
2026-09-14 21:56:46,570 - INFO - opcua.client.ua_client - read
2026-09-14 21:56:46,575 - INFO - opcua.uaprotocol - received header: Header(type:b'MSG', chunk_type:b'F', body_size:62, channel:112)
2026-09-14 21:56:47,211 - INFO - opcua.client.ua_client - read
2026-09-14 21:56:47,215 - INFO - opcua.uaprotocol - received header: Header(type:b'MSG', chunk_type:b'F', body_size:52, channel:112)
2026-09-14 21:56:50,427 - INFO - opcua.client.ua_client - read
2026-09-14 21:56:50,431 - INFO - opcua.uaprotocol - received header: Header(type:b'MSG', chunk_type:b'F', body_size:52, channel:112)
2026-09-14 21:56:50,728 - INFO - opcua.client.ua_client.Socket - open_secure_channel
2026-09-14 21:56:50,730 - INFO - opcua.uaprotocol - received header: Header(type:b'OPN', chunk_type:b'F', body_size:123, channel:112)
2026-09-14 21:56:50,730 - INFO - opcua.client.ua_client - read
2026-09-14 21:56:50,733 - INFO - opcua.uaprotocol - received header: Header(type:b'MSG', chunk_type:b'F', body_size:62, channel:112)
2026-09-14 21:56:51,632 - INFO - opcua.client.ua_client - read
2026-09-14 21:56:51,636 - INFO - opcua.uaprotocol - received header: Header(type:b'MSG', chunk_type:b'F', body_size:62, channel:112)
2026-09-14 21:56:53,642 - INFO - opcua.client.ua_client - read
2026-09-14 21:56:53,645 - INFO - opcua.uaprotocol - received header: Header(type:b'MSG', chunk_type:b'F', body_size:52, channel:112)
2026-09-14 21:56:56,668 - INFO - opcua.client.ua_client - read
2026-09-14 21:56:56,673 - INFO - opcua.uaprotocol - received header: Header(type:b'MSG', chunk_type:b'F', body_size:62, channel:112)
2026-09-14 21:56:56,846 - INFO - opcua.client.ua_client - read
2026-09-14 21:56:56,851 - INFO - opcua.uaprotocol - received header: Header(type:b'MSG', chunk_type:b'F', body_size:52, channel:112)
2026-09-14 21:57:00,054 - INFO - opcua.client.ua_client - read
2026-09-14 21:57:00,058 - INFO - opcua.uaprotocol - received header: Header(type:b'MSG', chunk_type:b'F', body_size:52, channel:112)
2026-09-14 21:57:01,683 - INFO - opcua.client.ua_client - read
2026-09-14 21:57:01,687 - INFO - opcua.uaprotocol - received header: Header(type:b'MSG', chunk_type:b'F', body_size:62, channel:112)
2026-09-14 21:57:03,262 - INFO - opcua.client.ua_client - read
2026-09-14 21:57:03,267 - INFO - opcua.uaprotocol - received header: Header(type:b'MSG', chunk_type:b'F', body_size:52, channel:112)
2026-09-14 21:57:06,479 - INFO - opcua.client.ua_client - read
2026-09-14 21:57:06,485 - INFO - opcua.uaprotocol - received header: Header(type:b'MSG', chunk_type:b'F', body_size:52, channel:112)
2026-09-14 21:57:06,695 - INFO - opcua.client.ua_client - read
2026-09-14 21:57:06,699 - INFO - opcua.uaprotocol - received header: Header(type:b'MSG', chunk_type:b'F', body_size:62, channel:112)
2026-09-14 21:57:09,687 - INFO - opcua.client.ua_client - read
2026-09-14 21:57:09,690 - INFO - opcua.uaprotocol - received header: Header(type:b'MSG', chunk_type:b'F', body_size:52, channel:112)
2026-09-14 21:57:11,732 - INFO - opcua.client.ua_client - read
2026-09-14 21:57:11,734 - INFO - opcua.client.ua_client.Socket - open_secure_channel
2026-09-14 21:57:11,738 - INFO - opcua.uaprotocol - received header: Header(type:b'MSG', chunk_type:b'F', body_size:62, channel:112)
2026-09-14 21:57:11,739 - INFO - opcua.uaprotocol - received header: Header(type:b'OPN', chunk_type:b'F', body_size:123, channel:112)
2026-09-14 21:57:11,739 - INFO - opcua.client.ua_client - read
2026-09-14 21:57:11,746 - INFO - opcua.uaprotocol - received header: Header(type:b'MSG', chunk_type:b'F', body_size:62, channel:112)
2026-09-14 21:57:12,028 - INFO - opcua.client.ua_client - read
2026-09-14 21:57:12,035 - INFO - opcua.uaprotocol - received header: Header(type:b'MSG', chunk_type:b'F', body_size:52, channel:112)
2026-09-14 21:57:15,235 - INFO - opcua.client.ua_client - read
2026-09-14 21:57:15,240 - INFO - opcua.uaprotocol - received header: Header(type:b'MSG', chunk_type:b'F', body_size:52, channel:112)
2026-09-14 21:57:15,926 - INFO - opcua.client.ua_client - read
2026-09-14 21:57:15,930 - INFO - opcua.uaprotocol - received header: Header(type:b'MSG', chunk_type:b'F', body_size:62, channel:112)
2026-09-14 21:57:18,442 - INFO - opcua.client.ua_client - read
2026-09-14 21:57:18,446 - INFO - opcua.uaprotocol - received header: Header(type:b'MSG', chunk_type:b'F', body_size:52, channel:112)
2026-09-14 21:57:20,984 - INFO - opcua.client.ua_client - read
2026-09-14 21:57:20,987 - INFO - opcua.uaprotocol - received header: Header(type:b'MSG', chunk_type:b'F', body_size:62, channel:112)
2026-09-14 21:57:21,650 - INFO - opcua.client.ua_client - read
2026-09-14 21:57:21,655 - INFO - opcua.uaprotocol - received header: Header(type:b'MSG', chunk_type:b'F', body_size:52, channel:112)
2026-09-14 21:57:24,861 - INFO - opcua.client.ua_client - read
2026-09-14 21:57:24,866 - INFO - opcua.uaprotocol - received header: Header(type:b'MSG', chunk_type:b'F', body_size:52, channel:112)
2026-09-14 21:57:26,009 - INFO - opcua.client.ua_client - read
2026-09-14 21:57:26,014 - INFO - opcua.uaprotocol - received header: Header(type:b'MSG', chunk_type:b'F', body_size:62, channel:112)
2026-09-14 21:57:28,072 - INFO - opcua.client.ua_client - read
2026-09-14 21:57:28,075 - INFO - opcua.uaprotocol - received header: Header(type:b'MSG', chunk_type:b'F', body_size:52, channel:112)
2026-09-14 21:57:31,037 - INFO - opcua.client.ua_client - read
2026-09-14 21:57:31,040 - INFO - opcua.uaprotocol - received header: Header(type:b'MSG', chunk_type:b'F', body_size:62, channel:112)
2026-09-14 21:57:31,278 - INFO - opcua.client.ua_client - read
2026-09-14 21:57:31,281 - INFO - opcua.uaprotocol - received header: Header(type:b'MSG', chunk_type:b'F', body_size:52, channel:112)
2026-09-14 21:57:32,746 - INFO - opcua.client.ua_client.Socket - open_secure_channel
2026-09-14 21:57:32,750 - INFO - opcua.uaprotocol - received header: Header(type:b'OPN', chunk_type:b'F', body_size:123, channel:112)
2026-09-14 21:57:32,750 - INFO - opcua.client.ua_client - read
2026-09-14 21:57:32,753 - INFO - opcua.uaprotocol - received header: Header(type:b'MSG', chunk_type:b'F', body_size:62, channel:112)
2026-09-14 21:57:34,484 - INFO - opcua.client.ua_client - read
2026-09-14 21:57:34,489 - INFO - opcua.uaprotocol - received header: Header(type:b'MSG', chunk_type:b'F', body_size:52, channel:112)
2026-09-14 21:57:36,081 - INFO - opcua.client.ua_client - read
2026-09-14 21:57:36,086 - INFO - opcua.uaprotocol - received header: Header(type:b'MSG', chunk_type:b'F', body_size:62, channel:112)
2026-09-14 21:57:37,694 - INFO - opcua.client.ua_client - read
2026-09-14 21:57:37,698 - INFO - opcua.uaprotocol - received header: Header(type:b'MSG', chunk_type:b'F', body_size:52, channel:112)
2026-09-14 21:57:40,901 - INFO - opcua.client.ua_client - read
2026-09-14 21:57:40,905 - INFO - opcua.uaprotocol - received header: Header(type:b'MSG', chunk_type:b'F', body_size:52, channel:112)
2026-09-14 21:57:41,139 - INFO - opcua.client.ua_client - read
2026-09-14 21:57:41,143 - INFO - opcua.uaprotocol - received header: Header(type:b'MSG', chunk_type:b'F', body_size:62, channel:112)
2026-09-14 21:57:43,253 - INFO - opcua.client.ua_client - read
2026-09-14 21:57:43,258 - INFO - opcua.uaprotocol - received header: Header(type:b'MSG', chunk_type:b'F', body_size:52, channel:112)
2026-09-14 21:57:45,298 - INFO - opcua.client.ua_client - read
2026-09-14 21:57:45,302 - INFO - opcua.uaprotocol - received header: Header(type:b'MSG', chunk_type:b'F', body_size:62, channel:112)
2026-09-14 21:57:46,462 - INFO - opcua.client.ua_client - read
2026-09-14 21:57:46,468 - INFO - opcua.uaprotocol - received header: Header(type:b'MSG', chunk_type:b'F', body_size:52, channel:112)
2026-09-14 21:57:49,670 - INFO - opcua.client.ua_client - read
2026-09-14 21:57:49,676 - INFO - opcua.uaprotocol - received header: Header(type:b'MSG', chunk_type:b'F', body_size:52, channel:112)
2026-09-14 21:57:50,345 - INFO - opcua.client.ua_client - read
2026-09-14 21:57:50,350 - INFO - opcua.uaprotocol - received header: Header(type:b'MSG', chunk_type:b'F', body_size:62, channel:112)
2026-09-14 21:57:52,884 - INFO - opcua.client.ua_client - read
2026-09-14 21:57:52,888 - INFO - opcua.uaprotocol - received header: Header(type:b'MSG', chunk_type:b'F', body_size:52, channel:112)
2026-09-14 21:57:53,755 - INFO - opcua.client.ua_client.Socket - open_secure_channel
2026-09-14 21:57:53,756 - INFO - opcua.uaprotocol - received header: Header(type:b'OPN', chunk_type:b'F', body_size:123, channel:112)
2026-09-14 21:57:53,756 - INFO - opcua.client.ua_client - read
2026-09-14 21:57:53,760 - INFO - opcua.uaprotocol - received header: Header(type:b'MSG', chunk_type:b'F', body_size:62, channel:112)
2026-09-14 21:57:55,439 - INFO - opcua.client.ua_client - read
2026-09-14 21:57:55,443 - INFO - opcua.uaprotocol - received header: Header(type:b'MSG', chunk_type:b'F', body_size:62, channel:112)
2026-09-14 21:57:56,093 - INFO - opcua.client.ua_client - read
2026-09-14 21:57:56,097 - INFO - opcua.uaprotocol - received header: Header(type:b'MSG', chunk_type:b'F', body_size:52, channel:112)
2026-09-14 21:57:59,303 - INFO - opcua.client.ua_client - read
2026-09-14 21:57:59,308 - INFO - opcua.uaprotocol - received header: Header(type:b'MSG', chunk_type:b'F', body_size:52, channel:112)
2026-09-14 21:58:00,501 - INFO - opcua.client.ua_client - read
2026-09-14 21:58:00,505 - INFO - opcua.uaprotocol - received header: Header(type:b'MSG', chunk_type:b'F', body_size:62, channel:112)
2026-09-14 21:58:02,517 - INFO - opcua.client.ua_client - read
2026-09-14 21:58:02,521 - INFO - opcua.uaprotocol - received header: Header(type:b'MSG', chunk_type:b'F', body_size:52, channel:112)
2026-09-14 21:58:05,549 - INFO - opcua.client.ua_client - read
2026-09-14 21:58:05,553 - INFO - opcua.uaprotocol - received header: Header(type:b'MSG', chunk_type:b'F', body_size:62, channel:112)
2026-09-14 21:58:05,724 - INFO - opcua.client.ua_client - read
2026-09-14 21:58:05,728 - INFO - opcua.uaprotocol - received header: Header(type:b'MSG', chunk_type:b'F', body_size:52, channel:112)
2026-09-14 21:58:08,941 - INFO - opcua.client.ua_client - read
2026-09-14 21:58:08,945 - INFO - opcua.uaprotocol - received header: Header(type:b'MSG', chunk_type:b'F', body_size:52, channel:112)
2026-09-14 21:58:10,574 - INFO - opcua.client.ua_client - read
2026-09-14 21:58:10,577 - INFO - opcua.uaprotocol - received header: Header(type:b'MSG', chunk_type:b'F', body_size:62, channel:112)
2026-09-14 21:58:12,148 - INFO - opcua.client.ua_client - read
2026-09-14 21:58:12,152 - INFO - opcua.uaprotocol - received header: Header(type:b'MSG', chunk_type:b'F', body_size:52, channel:112)
2026-09-14 21:58:14,760 - INFO - opcua.client.ua_client.Socket - open_secure_channel
2026-09-14 21:58:14,763 - INFO - opcua.uaprotocol - received header: Header(type:b'OPN', chunk_type:b'F', body_size:123, channel:112)
2026-09-14 21:58:14,763 - INFO - opcua.client.ua_client - read
2026-09-14 21:58:14,766 - INFO - opcua.uaprotocol - received header: Header(type:b'MSG', chunk_type:b'F', body_size:62, channel:112)
2026-09-14 21:58:14,462 - INFO - opcua.client.ua_client - read
2026-09-14 21:58:14,466 - INFO - opcua.uaprotocol - received header: Header(type:b'MSG', chunk_type:b'F', body_size:52, channel:112)
2026-09-14 21:58:14,705 - INFO - opcua.client.ua_client - read
2026-09-14 21:58:14,708 - INFO - opcua.uaprotocol - received header: Header(type:b'MSG', chunk_type:b'F', body_size:62, channel:112)
2026-09-14 21:58:17,673 - INFO - opcua.client.ua_client - read
2026-09-14 21:58:17,677 - INFO - opcua.uaprotocol - received header: Header(type:b'MSG', chunk_type:b'F', body_size:52, channel:112)
2026-09-14 21:58:19,735 - INFO - opcua.client.ua_client - read
2026-09-14 21:58:19,740 - INFO - opcua.uaprotocol - received header: Header(type:b'MSG', chunk_type:b'F', body_size:62, channel:112)
2026-09-14 21:58:20,881 - INFO - opcua.client.ua_client - read
2026-09-14 21:58:20,884 - INFO - opcua.uaprotocol - received header: Header(type:b'MSG', chunk_type:b'F', body_size:52, channel:112)
2026-09-14 21:58:24,089 - INFO - opcua.client.ua_client - read
2026-09-14 21:58:24,095 - INFO - opcua.uaprotocol - received header: Header(type:b'MSG', chunk_type:b'F', body_size:52, channel:112)
2026-09-14 21:58:24,791 - INFO - opcua.client.ua_client - read
2026-09-14 21:58:24,795 - INFO - opcua.uaprotocol - received header: Header(type:b'MSG', chunk_type:b'F', body_size:62, channel:112)
2026-09-14 21:58:27,297 - INFO - opcua.client.ua_client - read
2026-09-14 21:58:27,301 - INFO - opcua.uaprotocol - received header: Header(type:b'MSG', chunk_type:b'F', body_size:52, channel:112)
2026-09-14 21:58:29,913 - INFO - opcua.client.ua_client - read
2026-09-14 21:58:29,919 - INFO - opcua.uaprotocol - received header: Header(type:b'MSG', chunk_type:b'F', body_size:62, channel:112)
2026-09-14 21:58:30,507 - INFO - opcua.client.ua_client - read
2026-09-14 21:58:30,513 - INFO - opcua.uaprotocol - received header: Header(type:b'MSG', chunk_type:b'F', body_size:52, channel:112)
2026-09-14 21:58:33,722 - INFO - opcua.client.ua_client - read
2026-09-14 21:58:33,726 - INFO - opcua.uaprotocol - received header: Header(type:b'MSG', chunk_type:b'F', body_size:52, channel:112)
2026-09-14 21:58:35,026 - INFO - opcua.client.ua_client - read
2026-09-14 21:58:35,032 - INFO - opcua.uaprotocol - received header: Header(type:b'MSG', chunk_type:b'F', body_size:62, channel:112)
2026-09-14 21:58:35,767 - INFO - opcua.client.ua_client.Socket - open_secure_channel
2026-09-14 21:58:35,768 - INFO - opcua.uaprotocol - received header: Header(type:b'OPN', chunk_type:b'F', body_size:123, channel:112)
2026-09-14 21:58:35,768 - INFO - opcua.client.ua_client - read
2026-09-14 21:58:35,772 - INFO - opcua.uaprotocol - received header: Header(type:b'MSG', chunk_type:b'F', body_size:62, channel:112)
2026-09-14 21:58:36,930 - INFO - opcua.client.ua_client - read
2026-09-14 21:58:36,934 - INFO - opcua.uaprotocol - received header: Header(type:b'MSG', chunk_type:b'F', body_size:52, channel:112)
2026-09-14 21:58:40,136 - INFO - opcua.client.ua_client - read
2026-09-14 21:58:40,141 - INFO - opcua.uaprotocol - received header: Header(type:b'MSG', chunk_type:b'F', body_size:62, channel:112)
2026-09-14 21:58:40,142 - INFO - opcua.client.ua_client - read
2026-09-14 21:58:40,146 - INFO - opcua.uaprotocol - received header: Header(type:b'MSG', chunk_type:b'F', body_size:52, channel:112)
2026-09-14 21:58:43,349 - INFO - opcua.client.ua_client - read
2026-09-14 21:58:43,354 - INFO - opcua.uaprotocol - received header: Header(type:b'MSG', chunk_type:b'F', body_size:52, channel:112)
2026-09-14 21:58:45,236 - INFO - opcua.client.ua_client - read
2026-09-14 21:58:45,239 - INFO - opcua.uaprotocol - received header: Header(type:b'MSG', chunk_type:b'F', body_size:62, channel:112)
2026-09-14 21:58:45,662 - INFO - opcua.client.ua_client - read
2026-09-14 21:58:45,666 - INFO - opcua.uaprotocol - received header: Header(type:b'MSG', chunk_type:b'F', body_size:52, channel:112)
2026-09-14 21:58:48,867 - INFO - opcua.client.ua_client - read
2026-09-14 21:58:48,871 - INFO - opcua.uaprotocol - received header: Header(type:b'MSG', chunk_type:b'F', body_size:52, channel:112)
2026-09-14 21:58:49,409 - INFO - opcua.client.ua_client - read
2026-09-14 21:58:49,412 - INFO - opcua.uaprotocol - received header: Header(type:b'MSG', chunk_type:b'F', body_size:62, channel:112)
2026-09-14 21:58:52,073 - INFO - opcua.client.ua_client - read
2026-09-14 21:58:52,077 - INFO - opcua.uaprotocol - received header: Header(type:b'MSG', chunk_type:b'F', body_size:52, channel:112)
2026-09-14 21:58:54,429 - INFO - opcua.client.ua_client - read
2026-09-14 21:58:54,433 - INFO - opcua.uaprotocol - received header: Header(type:b'MSG', chunk_type:b'F', body_size:62, channel:112)
2026-09-14 21:58:55,277 - INFO - opcua.client.ua_client - read
2026-09-14 21:58:55,281 - INFO - opcua.uaprotocol - received header: Header(type:b'MSG', chunk_type:b'F', body_size:52, channel:112)
2026-09-14 21:58:56,772 - INFO - opcua.client.ua_client.Socket - open_secure_channel
2026-09-14 21:58:56,774 - INFO - opcua.uaprotocol - received header: Header(type:b'OPN', chunk_type:b'F', body_size:123, channel:112)
2026-09-14 21:58:56,774 - INFO - opcua.client.ua_client - read
2026-09-14 21:58:56,777 - INFO - opcua.uaprotocol - received header: Header(type:b'MSG', chunk_type:b'F', body_size:62, channel:112)
2026-09-14 21:58:58,493 - INFO - opcua.client.ua_client - read
2026-09-14 21:58:58,497 - INFO - opcua.uaprotocol - received header: Header(type:b'MSG', chunk_type:b'F', body_size:52, channel:112)
2026-09-14 21:58:59,525 - INFO - opcua.client.ua_client - read
2026-09-14 21:58:59,528 - INFO - opcua.uaprotocol - received header: Header(type:b'MSG', chunk_type:b'F', body_size:62, channel:112)
2026-09-14 21:59:01,701 - INFO - opcua.client.ua_client - read
2026-09-14 21:59:01,705 - INFO - opcua.uaprotocol - received header: Header(type:b'MSG', chunk_type:b'F', body_size:52, channel:112)
2026-09-14 21:59:04,632 - INFO - opcua.client.ua_client - read
2026-09-14 21:59:04,635 - INFO - opcua.uaprotocol - received header: Header(type:b'MSG', chunk_type:b'F', body_size:62, channel:112)
2026-09-14 21:59:04,910 - INFO - opcua.client.ua_client - read
2026-09-14 21:59:04,914 - INFO - opcua.uaprotocol - received header: Header(type:b'MSG', chunk_type:b'F', body_size:52, channel:112)
2026-09-14 21:59:08,118 - INFO - opcua.client.ua_client - read
2026-09-14 21:59:08,122 - INFO - opcua.uaprotocol - received header: Header(type:b'MSG', chunk_type:b'F', body_size:52, channel:112)
2026-09-14 21:59:09,723 - INFO - opcua.client.ua_client - read
2026-09-14 21:59:09,726 - INFO - opcua.uaprotocol - received header: Header(type:b'MSG', chunk_type:b'F', body_size:62, channel:112)
2026-09-14 21:59:11,324 - INFO - opcua.client.ua_client - read
2026-09-14 21:59:11,329 - INFO - opcua.uaprotocol - received header: Header(type:b'MSG', chunk_type:b'F', body_size:52, channel:112)
2026-09-14 21:59:14,531 - INFO - opcua.client.ua_client - read
2026-09-14 21:59:14,536 - INFO - opcua.uaprotocol - received header: Header(type:b'MSG', chunk_type:b'F', body_size:52, channel:112)
2026-09-14 21:59:14,777 - INFO - opcua.client.ua_client - read
2026-09-14 21:59:14,781 - INFO - opcua.uaprotocol - received header: Header(type:b'MSG', chunk_type:b'F', body_size:62, channel:112)
2026-09-14 21:59:17,738 - INFO - opcua.client.ua_client - read
2026-09-14 21:59:17,742 - INFO - opcua.uaprotocol - received header: Header(type:b'MSG', chunk_type:b'F', body_size:52, channel:112)
2026-09-14 21:59:17,777 - INFO - opcua.client.ua_client.Socket - open_secure_channel
2026-09-14 21:59:17,779 - INFO - opcua.uaprotocol - received header: Header(type:b'OPN', chunk_type:b'F', body_size:123, channel:112)
2026-09-14 21:59:17,779 - INFO - opcua.client.ua_client - read
2026-09-14 21:59:17,781 - INFO - opcua.uaprotocol - received header: Header(type:b'MSG', chunk_type:b'F', body_size:62, channel:112)
2026-09-14 21:59:18,972 - INFO - opcua.client.ua_client - read
2026-09-14 21:59:18,975 - INFO - opcua.uaprotocol - received header: Header(type:b'MSG', chunk_type:b'F', body_size:62, channel:112)
2026-09-14 21:59:20,069 - INFO - opcua.client.ua_client - read
2026-09-14 21:59:20,073 - INFO - opcua.uaprotocol - received header: Header(type:b'MSG', chunk_type:b'F', body_size:52, channel:112)
2026-09-14 21:59:23,275 - INFO - opcua.client.ua_client - read
2026-09-14 21:59:23,279 - INFO - opcua.uaprotocol - received header: Header(type:b'MSG', chunk_type:b'F', body_size:52, channel:112)
2026-09-14 21:59:24,030 - INFO - opcua.client.ua_client - read
2026-09-14 21:59:24,035 - INFO - opcua.uaprotocol - received header: Header(type:b'MSG', chunk_type:b'F', body_size:62, channel:112)
2026-09-14 21:59:26,484 - INFO - opcua.client.ua_client - read
2026-09-14 21:59:26,488 - INFO - opcua.uaprotocol - received header: Header(type:b'MSG', chunk_type:b'F', body_size:52, channel:112)
2026-09-14 21:59:29,113 - INFO - opcua.client.ua_client - read
2026-09-14 21:59:29,116 - INFO - opcua.uaprotocol - received header: Header(type:b'MSG', chunk_type:b'F', body_size:62, channel:112)
2026-09-14 21:59:29,689 - INFO - opcua.client.ua_client - read
2026-09-14 21:59:29,693 - INFO - opcua.uaprotocol - received header: Header(type:b'MSG', chunk_type:b'F', body_size:52, channel:112)
2026-09-14 21:59:32,897 - INFO - opcua.client.ua_client - read
2026-09-14 21:59:32,904 - INFO - opcua.uaprotocol - received header: Header(type:b'MSG', chunk_type:b'F', body_size:52, channel:112)
2026-09-14 21:59:34,202 - INFO - opcua.client.ua_client - read
2026-09-14 21:59:34,207 - INFO - opcua.uaprotocol - received header: Header(type:b'MSG', chunk_type:b'F', body_size:62, channel:112)
2026-09-14 21:59:36,108 - INFO - opcua.client.ua_client - read
2026-09-14 21:59:36,112 - INFO - opcua.uaprotocol - received header: Header(type:b'MSG', chunk_type:b'F', body_size:52, channel:112)
2026-09-14 21:59:38,782 - INFO - opcua.client.ua_client.Socket - open_secure_channel
2026-09-14 21:59:38,784 - INFO - opcua.uaprotocol - received header: Header(type:b'OPN', chunk_type:b'F', body_size:123, channel:112)
2026-09-14 21:59:38,784 - INFO - opcua.client.ua_client - read
2026-09-14 21:59:38,787 - INFO - opcua.uaprotocol - received header: Header(type:b'MSG', chunk_type:b'F', body_size:62, channel:112)
2026-09-14 21:59:39,269 - INFO - opcua.client.ua_client - read
2026-09-14 21:59:39,273 - INFO - opcua.uaprotocol - received header: Header(type:b'MSG', chunk_type:b'F', body_size:62, channel:112)
2026-09-14 21:59:39,314 - INFO - opcua.client.ua_client - read
2026-09-14 21:59:39,318 - INFO - opcua.uaprotocol - received header: Header(type:b'MSG', chunk_type:b'F', body_size:52, channel:112)
2026-09-14 21:59:42,520 - INFO - opcua.client.ua_client - read
2026-09-14 21:59:42,525 - INFO - opcua.uaprotocol - received header: Header(type:b'MSG', chunk_type:b'F', body_size:52, channel:112)
2026-09-14 21:59:44,353 - INFO - opcua.client.ua_client - read
2026-09-14 21:59:44,356 - INFO - opcua.uaprotocol - received header: Header(type:b'MSG', chunk_type:b'F', body_size:62, channel:112)
2026-09-14 21:59:45,726 - INFO - opcua.client.ua_client - read
2026-09-14 21:59:45,730 - INFO - opcua.uaprotocol - received header: Header(type:b'MSG', chunk_type:b'F', body_size:52, channel:112)
2026-09-14 21:59:48,931 - INFO - opcua.client.ua_client - read
2026-09-14 21:59:48,936 - INFO - opcua.uaprotocol - received header: Header(type:b'MSG', chunk_type:b'F', body_size:52, channel:112)
2026-09-14 21:59:48,548 - INFO - opcua.client.ua_client - read
2026-09-14 21:59:48,552 - INFO - opcua.uaprotocol - received header: Header(type:b'MSG', chunk_type:b'F', body_size:62, channel:112)
2026-09-14 21:59:51,279 - INFO - opcua.client.ua_client - read
2026-09-14 21:59:51,283 - INFO - opcua.uaprotocol - received header: Header(type:b'MSG', chunk_type:b'F', body_size:52, channel:112)
2026-09-14 21:59:53,625 - INFO - opcua.client.ua_client - read
2026-09-14 21:59:53,630 - INFO - opcua.uaprotocol - received header: Header(type:b'MSG', chunk_type:b'F', body_size:62, channel:112)
2026-09-14 21:59:54,483 - INFO - opcua.client.ua_client - read
2026-09-14 21:59:54,487 - INFO - opcua.uaprotocol - received header: Header(type:b'MSG', chunk_type:b'F', body_size:52, channel:112)
2026-09-14 21:59:57,689 - INFO - opcua.client.ua_client - read
2026-09-14 21:59:57,693 - INFO - opcua.uaprotocol - received header: Header(type:b'MSG', chunk_type:b'F', body_size:52, channel:112)
2026-09-14 21:59:58,648 - INFO - opcua.client.ua_client - read
2026-09-14 21:59:58,652 - INFO - opcua.uaprotocol - received header: Header(type:b'MSG', chunk_type:b'F', body_size:62, channel:112)
2026-09-14 21:59:59,790 - INFO - opcua.client.ua_client.Socket - open_secure_channel
2026-09-14 21:59:59,791 - INFO - opcua.uaprotocol - received header: Header(type:b'OPN', chunk_type:b'F', body_size:123, channel:112)
2026-09-14 21:59:59,791 - INFO - opcua.client.ua_client - read
2026-09-14 21:59:59,795 - INFO - opcua.uaprotocol - received header: Header(type:b'MSG', chunk_type:b'F', body_size:62, channel:112)
2026-09-14 22:00:00,894 - INFO - opcua.client.ua_client - read
2026-09-14 22:00:00,898 - INFO - opcua.uaprotocol - received header: Header(type:b'MSG', chunk_type:b'F', body_size:52, channel:112)
2026-09-14 22:00:03,714 - INFO - opcua.client.ua_client - read
2026-09-14 22:00:03,719 - INFO - opcua.uaprotocol - received header: Header(type:b'MSG', chunk_type:b'F', body_size:62, channel:112)
2026-09-14 22:00:04,105 - INFO - opcua.client.ua_client - read
2026-09-14 22:00:04,109 - INFO - opcua.uaprotocol - received header: Header(type:b'MSG', chunk_type:b'F', body_size:52, channel:112)
2026-09-14 22:00:07,311 - INFO - opcua.client.ua_client - read
2026-09-14 22:00:07,315 - INFO - opcua.uaprotocol - received header: Header(type:b'MSG', chunk_type:b'F', body_size:52, channel:112)
2026-09-14 22:00:08,791 - INFO - opcua.client.ua_client - read
2026-09-14 22:00:08,795 - INFO - opcua.uaprotocol - received header: Header(type:b'MSG', chunk_type:b'F', body_size:62, channel:112)
2026-09-14 22:00:10,520 - INFO - opcua.client.ua_client - read
2026-09-14 22:00:10,524 - INFO - opcua.uaprotocol - received header: Header(type:b'MSG', chunk_type:b'F', body_size:52, channel:112)
2026-09-14 22:00:13,727 - INFO - opcua.client.ua_client - read
2026-09-14 22:00:13,731 - INFO - opcua.uaprotocol - received header: Header(type:b'MSG', chunk_type:b'F', body_size:52, channel:112)
2026-09-14 22:00:13,931 - INFO - opcua.client.ua_client - read
2026-09-14 22:00:13,934 - INFO - opcua.uaprotocol - received header: Header(type:b'MSG', chunk_type:b'F', body_size:62, channel:112)
2026-09-14 22:00:16,932 - INFO - opcua.client.ua_client - read
2026-09-14 22:00:16,936 - INFO - opcua.uaprotocol - received header: Header(type:b'MSG', chunk_type:b'F', body_size:52, channel:112)
2026-09-14 22:00:17,303 - INFO - opcua.client.ua_client - close_session
2026-09-14 22:00:17,345 - INFO - opcua.uaprotocol - received header: Header(type:b'MSG', chunk_type:b'F', body_size:40, channel:112)
2026-09-14 22:00:17,346 - INFO - opcua.client.ua_client.Socket - close_secure_channel
2026-09-14 22:00:17,346 - INFO - opcua.client.ua_client.Socket - Request to close socket received
2026-09-14 22:00:17,346 - INFO - opcua.client.ua_client.Socket - Socket closed, waiting for receiver thread to terminate...
2026-09-14 22:00:17,346 - INFO - opcua.client.ua_client.Socket - Socket has closed connection
2026-09-14 22:00:17,346 - INFO - opcua.client.ua_client.Socket - Cancelling request 366
2026-09-14 22:00:17,346 - INFO - opcua.client.ua_client.Socket - Thread ended
2026-09-14 22:00:17,346 - INFO - opcua.client.ua_client.Socket - Done closing socket: Receiving thread terminated, socket disconnected
2026-09-14 22:05:05,809 - INFO - opcua.client.ua_client.Socket - opening connection
2026-09-14 22:05:05,963 - INFO - opcua.client.ua_client.Socket - Thread started
2026-09-14 22:05:05,964 - INFO - opcua.uaprotocol - received header: Header(type:b'ACK', chunk_type:b'F', body_size:20, channel:0)
2026-09-14 22:05:05,964 - INFO - opcua.client.ua_client.Socket - open_secure_channel
2026-09-14 22:05:05,967 - INFO - opcua.uaprotocol - received header: Header(type:b'OPN', chunk_type:b'F', body_size:123, channel:113)
2026-09-14 22:05:05,967 - INFO - opcua.client.ua_client - create_session
2026-09-14 22:05:06,322 - INFO - opcua.uaprotocol - received header: Header(type:b'MSG', chunk_type:b'F', body_size:2464, channel:113)
2026-09-14 22:05:06,323 - INFO - opcua.client.ua_client - activate_session
2026-09-14 22:05:06,326 - INFO - opcua.uaprotocol - received header: Header(type:b'MSG', chunk_type:b'F', body_size:52, channel:113)
2026-09-14 22:05:06,326 - INFO - opcua.client.ua_client - read
2026-09-14 22:05:06,332 - INFO - opcua.uaprotocol - received header: Header(type:b'MSG', chunk_type:b'F', body_size:52, channel:113)
2026-09-14 22:05:06,532 - INFO - opcua.client.ua_client - read
2026-09-14 22:05:06,537 - INFO - opcua.uaprotocol - received header: Header(type:b'MSG', chunk_type:b'F', body_size:52, channel:113)
2026-09-14 22:05:09,534 - INFO - opcua.client.ua_client - read
2026-09-14 22:05:09,540 - INFO - opcua.uaprotocol - received header: Header(type:b'MSG', chunk_type:b'F', body_size:52, channel:113)
2026-09-14 22:05:11,816 - INFO - opcua.client.ua_client - read
2026-09-14 22:05:11,822 - INFO - opcua.uaprotocol - received header: Header(type:b'MSG', chunk_type:b'F', body_size:62, channel:113)
2026-09-14 22:05:12,746 - INFO - opcua.client.ua_client - read
2026-09-14 22:05:12,750 - INFO - opcua.uaprotocol - received header: Header(type:b'MSG', chunk_type:b'F', body_size:52, channel:113)
2026-09-14 22:05:15,954 - INFO - opcua.client.ua_client - read
2026-09-14 22:05:15,957 - INFO - opcua.uaprotocol - received header: Header(type:b'MSG', chunk_type:b'F', body_size:52, channel:113)
2026-09-14 22:05:16,913 - INFO - opcua.client.ua_client - read
2026-09-14 22:05:16,916 - INFO - opcua.uaprotocol - received header: Header(type:b'MSG', chunk_type:b'F', body_size:62, channel:113)
2026-09-14 22:05:19,158 - INFO - opcua.client.ua_client - read
2026-09-14 22:05:19,163 - INFO - opcua.uaprotocol - received header: Header(type:b'MSG', chunk_type:b'F', body_size:52, channel:113)
2026-09-14 22:05:19,879 - INFO - opcua.client.ua_client - close_session
2026-09-14 22:05:19,935 - INFO - opcua.uaprotocol - received header: Header(type:b'MSG', chunk_type:b'F', body_size:40, channel:113)
2026-09-14 22:05:19,935 - INFO - opcua.client.ua_client.Socket - close_secure_channel
2026-09-14 22:05:19,935 - INFO - opcua.client.ua_client.Socket - Request to close socket received
2026-09-14 22:05:19,935 - INFO - opcua.client.ua_client.Socket - Socket closed, waiting for receiver thread to terminate...
2026-09-14 22:05:19,935 - INFO - opcua.client.ua_client.Socket - Socket has closed connection
2026-09-14 22:05:19,935 - INFO - opcua.client.ua_client.Socket - Cancelling request 13
2026-09-14 22:05:19,935 - INFO - opcua.client.ua_client.Socket - Thread ended
2026-09-14 22:05:19,935 - INFO - opcua.client.ua_client.Socket - Done closing socket: Receiving thread terminated, socket disconnected
2026-09-14 22:07:31,239 - INFO - opcua.client.ua_client.Socket - opening connection
2026-09-14 22:07:31,365 - INFO - opcua.client.ua_client.Socket - Thread started
2026-09-14 22:07:31,367 - INFO - opcua.uaprotocol - received header: Header(type:b'ACK', chunk_type:b'F', body_size:20, channel:0)
2026-09-14 22:07:31,367 - INFO - opcua.client.ua_client.Socket - open_secure_channel
2026-09-14 22:07:31,369 - INFO - opcua.uaprotocol - received header: Header(type:b'OPN', chunk_type:b'F', body_size:123, channel:114)
2026-09-14 22:07:31,370 - INFO - opcua.client.ua_client - create_session
2026-09-14 22:07:31,535 - INFO - opcua.uaprotocol - received header: Header(type:b'MSG', chunk_type:b'F', body_size:2464, channel:114)
2026-09-14 22:07:31,536 - INFO - opcua.client.ua_client - activate_session
2026-09-14 22:07:31,539 - INFO - opcua.uaprotocol - received header: Header(type:b'MSG', chunk_type:b'F', body_size:52, channel:114)
2026-09-14 22:07:31,539 - INFO - opcua.client.ua_client - read
2026-09-14 22:07:31,544 - INFO - opcua.uaprotocol - received header: Header(type:b'MSG', chunk_type:b'F', body_size:52, channel:114)
2026-09-14 22:07:31,745 - INFO - opcua.client.ua_client - read
2026-09-14 22:07:31,749 - INFO - opcua.uaprotocol - received header: Header(type:b'MSG', chunk_type:b'F', body_size:52, channel:114)
2026-09-14 22:07:33,272 - INFO - opcua.client.ua_client - close_session
2026-09-14 22:07:33,335 - INFO - opcua.uaprotocol - received header: Header(type:b'MSG', chunk_type:b'F', body_size:40, channel:114)
2026-09-14 22:07:33,335 - INFO - opcua.client.ua_client.Socket - close_secure_channel
2026-09-14 22:07:33,335 - INFO - opcua.client.ua_client.Socket - Request to close socket received
2026-09-14 22:07:33,335 - INFO - opcua.client.ua_client.Socket - Socket closed, waiting for receiver thread to terminate...
2026-09-14 22:07:33,335 - INFO - opcua.client.ua_client.Socket - Socket has closed connection
2026-09-14 22:07:33,335 - INFO - opcua.client.ua_client.Socket - Cancelling request 7
2026-09-14 22:07:33,335 - INFO - opcua.client.ua_client.Socket - Thread ended
2026-09-14 22:07:33,335 - INFO - opcua.client.ua_client.Socket - Done closing socket: Receiving thread terminated, socket disconnected
2026-09-14 22:12:23,865 - INFO - opcua.client.ua_client.Socket - opening connection
2026-09-14 22:12:24,100 - INFO - opcua.client.ua_client.Socket - Thread started
2026-09-14 22:12:24,101 - INFO - opcua.uaprotocol - received header: Header(type:b'ACK', chunk_type:b'F', body_size:20, channel:0)
2026-09-14 22:12:24,102 - INFO - opcua.client.ua_client.Socket - open_secure_channel
2026-09-14 22:12:24,103 - INFO - opcua.uaprotocol - received header: Header(type:b'OPN', chunk_type:b'F', body_size:123, channel:115)
2026-09-14 22:12:24,103 - INFO - opcua.client.ua_client - create_session
2026-09-14 22:12:24,500 - INFO - opcua.uaprotocol - received header: Header(type:b'MSG', chunk_type:b'F', body_size:2464, channel:115)
2026-09-14 22:12:24,500 - INFO - opcua.client.ua_client - activate_session
2026-09-14 22:12:24,509 - INFO - opcua.uaprotocol - received header: Header(type:b'MSG', chunk_type:b'F', body_size:52, channel:115)
2026-09-14 22:12:24,509 - INFO - opcua.client.ua_client - read
2026-09-14 22:12:24,530 - INFO - opcua.uaprotocol - received header: Header(type:b'MSG', chunk_type:b'F', body_size:52, channel:115)
2026-09-14 22:12:24,733 - INFO - opcua.client.ua_client - read
2026-09-14 22:12:24,740 - INFO - opcua.uaprotocol - received header: Header(type:b'MSG', chunk_type:b'F', body_size:52, channel:115)
2026-09-14 22:12:27,733 - INFO - opcua.client.ua_client - read
2026-09-14 22:12:27,737 - INFO - opcua.uaprotocol - received header: Header(type:b'MSG', chunk_type:b'F', body_size:52, channel:115)
2026-09-14 22:12:28,697 - INFO - opcua.client.ua_client - close_session
2026-09-14 22:12:28,736 - INFO - opcua.uaprotocol - received header: Header(type:b'MSG', chunk_type:b'F', body_size:40, channel:115)
2026-09-14 22:12:28,737 - INFO - opcua.client.ua_client.Socket - close_secure_channel
2026-09-14 22:12:28,737 - INFO - opcua.client.ua_client.Socket - Request to close socket received
2026-09-14 22:12:28,737 - INFO - opcua.client.ua_client.Socket - Socket closed, waiting for receiver thread to terminate...
2026-09-14 22:12:28,737 - INFO - opcua.client.ua_client.Socket - Socket has closed connection
2026-09-14 22:12:28,737 - INFO - opcua.client.ua_client.Socket - Cancelling request 8
2026-09-14 22:12:28,737 - INFO - opcua.client.ua_client.Socket - Thread ended
2026-09-14 22:12:28,737 - INFO - opcua.client.ua_client.Socket - Done closing socket: Receiving thread terminated, socket disconnected
2026-09-14 22:13:42,943 - INFO - opcua.client.ua_client.Socket - opening connection
2026-09-14 22:13:42,997 - INFO - opcua.client.ua_client.Socket - Thread started
2026-09-14 22:13:42,999 - INFO - opcua.uaprotocol - received header: Header(type:b'ACK', chunk_type:b'F', body_size:20, channel:0)
2026-09-14 22:13:42,999 - INFO - opcua.client.ua_client.Socket - open_secure_channel
2026-09-14 22:13:43,001 - INFO - opcua.uaprotocol - received header: Header(type:b'OPN', chunk_type:b'F', body_size:123, channel:116)
2026-09-14 22:13:43,001 - INFO - opcua.client.ua_client - create_session
2026-09-14 22:13:43,438 - INFO - opcua.uaprotocol - received header: Header(type:b'MSG', chunk_type:b'F', body_size:2464, channel:116)
2026-09-14 22:13:43,439 - INFO - opcua.client.ua_client - activate_session
2026-09-14 22:13:43,445 - INFO - opcua.uaprotocol - received header: Header(type:b'MSG', chunk_type:b'F', body_size:52, channel:116)
2026-09-14 22:13:43,445 - INFO - opcua.client.ua_client - read
2026-09-14 22:13:43,465 - INFO - opcua.uaprotocol - received header: Header(type:b'MSG', chunk_type:b'F', body_size:52, channel:116)
2026-09-14 22:13:43,666 - INFO - opcua.client.ua_client - read
2026-09-14 22:13:43,672 - INFO - opcua.uaprotocol - received header: Header(type:b'MSG', chunk_type:b'F', body_size:52, channel:116)
2026-09-14 22:13:46,670 - INFO - opcua.client.ua_client - read
2026-09-14 22:13:46,674 - INFO - opcua.uaprotocol - received header: Header(type:b'MSG', chunk_type:b'F', body_size:52, channel:116)
2026-09-14 22:13:48,938 - INFO - opcua.client.ua_client - read
2026-09-14 22:13:48,942 - INFO - opcua.uaprotocol - received header: Header(type:b'MSG', chunk_type:b'F', body_size:62, channel:116)
2026-09-14 22:13:49,876 - INFO - opcua.client.ua_client - read
2026-09-14 22:13:49,879 - INFO - opcua.uaprotocol - received header: Header(type:b'MSG', chunk_type:b'F', body_size:52, channel:116)
2026-09-14 22:13:53,084 - INFO - opcua.client.ua_client - read
2026-09-14 22:13:53,088 - INFO - opcua.uaprotocol - received header: Header(type:b'MSG', chunk_type:b'F', body_size:52, channel:116)
2026-09-14 22:13:54,006 - INFO - opcua.client.ua_client - read
2026-09-14 22:13:54,010 - INFO - opcua.uaprotocol - received header: Header(type:b'MSG', chunk_type:b'F', body_size:62, channel:116)
2026-09-14 22:13:56,290 - INFO - opcua.client.ua_client - read
2026-09-14 22:13:56,294 - INFO - opcua.uaprotocol - received header: Header(type:b'MSG', chunk_type:b'F', body_size:52, channel:116)
2026-09-14 22:13:58,178 - INFO - opcua.client.ua_client - read
2026-09-14 22:13:58,181 - INFO - opcua.uaprotocol - received header: Header(type:b'MSG', chunk_type:b'F', body_size:62, channel:116)
2026-09-14 22:13:58,434 - INFO - opcua.client.ua_client - close_session
2026-09-14 22:13:58,473 - INFO - opcua.uaprotocol - received header: Header(type:b'MSG', chunk_type:b'F', body_size:40, channel:116)
2026-09-14 22:13:58,473 - INFO - opcua.client.ua_client.Socket - close_secure_channel
2026-09-14 22:13:58,473 - INFO - opcua.client.ua_client.Socket - Request to close socket received
2026-09-14 22:13:58,473 - INFO - opcua.client.ua_client.Socket - Socket closed, waiting for receiver thread to terminate...
2026-09-14 22:13:58,473 - INFO - opcua.client.ua_client.Socket - Socket has closed connection
2026-09-14 22:13:58,474 - INFO - opcua.client.ua_client.Socket - Cancelling request 14
2026-09-14 22:13:58,474 - INFO - opcua.client.ua_client.Socket - Thread ended
2026-09-14 22:13:58,474 - INFO - opcua.client.ua_client.Socket - Done closing socket: Receiving thread terminated, socket disconnected
2026-09-14 22:13:59,781 - INFO - opcua.client.ua_client.Socket - opening connection
2026-09-14 22:13:59,899 - INFO - opcua.client.ua_client.Socket - Thread started
2026-09-14 22:13:59,900 - INFO - opcua.uaprotocol - received header: Header(type:b'ACK', chunk_type:b'F', body_size:20, channel:0)
2026-09-14 22:13:59,901 - INFO - opcua.client.ua_client.Socket - open_secure_channel
2026-09-14 22:13:59,902 - INFO - opcua.uaprotocol - received header: Header(type:b'OPN', chunk_type:b'F', body_size:123, channel:117)
2026-09-14 22:13:59,903 - INFO - opcua.client.ua_client - create_session
2026-09-14 22:14:00,077 - INFO - opcua.uaprotocol - received header: Header(type:b'MSG', chunk_type:b'F', body_size:2464, channel:117)
2026-09-14 22:14:00,078 - INFO - opcua.client.ua_client - activate_session
2026-09-14 22:14:00,081 - INFO - opcua.uaprotocol - received header: Header(type:b'MSG', chunk_type:b'F', body_size:52, channel:117)
2026-09-14 22:14:00,082 - INFO - opcua.client.ua_client - read
2026-09-14 22:14:00,086 - INFO - opcua.uaprotocol - received header: Header(type:b'MSG', chunk_type:b'F', body_size:52, channel:117)
2026-09-14 22:14:00,286 - INFO - opcua.client.ua_client - read
2026-09-14 22:14:00,291 - INFO - opcua.uaprotocol - received header: Header(type:b'MSG', chunk_type:b'F', body_size:52, channel:117)
2026-09-14 22:14:03,286 - INFO - opcua.client.ua_client - read
2026-09-14 22:14:03,290 - INFO - opcua.uaprotocol - received header: Header(type:b'MSG', chunk_type:b'F', body_size:52, channel:117)
2026-09-14 22:14:05,562 - INFO - opcua.client.ua_client - read
2026-09-14 22:14:05,586 - INFO - opcua.uaprotocol - received header: Header(type:b'MSG', chunk_type:b'F', body_size:62, channel:117)
2026-09-14 22:14:06,491 - INFO - opcua.client.ua_client - read
2026-09-14 22:14:06,497 - INFO - opcua.uaprotocol - received header: Header(type:b'MSG', chunk_type:b'F', body_size:52, channel:117)
2026-09-14 22:14:09,700 - INFO - opcua.client.ua_client - read
2026-09-14 22:14:09,704 - INFO - opcua.uaprotocol - received header: Header(type:b'MSG', chunk_type:b'F', body_size:52, channel:117)
2026-09-14 22:14:10,636 - INFO - opcua.client.ua_client - read
2026-09-14 22:14:10,639 - INFO - opcua.uaprotocol - received header: Header(type:b'MSG', chunk_type:b'F', body_size:62, channel:117)
2026-09-14 22:14:12,905 - INFO - opcua.client.ua_client - read
2026-09-14 22:14:12,909 - INFO - opcua.uaprotocol - received header: Header(type:b'MSG', chunk_type:b'F', body_size:52, channel:117)
2026-09-14 22:14:15,679 - INFO - opcua.client.ua_client - read
2026-09-14 22:14:15,683 - INFO - opcua.uaprotocol - received header: Header(type:b'MSG', chunk_type:b'F', body_size:62, channel:117)
2026-09-14 22:14:16,112 - INFO - opcua.client.ua_client - read
2026-09-14 22:14:16,116 - INFO - opcua.uaprotocol - received header: Header(type:b'MSG', chunk_type:b'F', body_size:52, channel:117)
2026-09-14 22:14:19,318 - INFO - opcua.client.ua_client - read
2026-09-14 22:14:19,322 - INFO - opcua.uaprotocol - received header: Header(type:b'MSG', chunk_type:b'F', body_size:52, channel:117)
2026-09-14 22:14:20,750 - INFO - opcua.client.ua_client - read
2026-09-14 22:14:20,753 - INFO - opcua.uaprotocol - received header: Header(type:b'MSG', chunk_type:b'F', body_size:62, channel:117)
2026-09-14 22:14:21,081 - INFO - opcua.client.ua_client.Socket - open_secure_channel
2026-09-14 22:14:21,083 - INFO - opcua.uaprotocol - received header: Header(type:b'OPN', chunk_type:b'F', body_size:123, channel:117)
2026-09-14 22:14:21,083 - INFO - opcua.client.ua_client - read
2026-09-14 22:14:21,086 - INFO - opcua.uaprotocol - received header: Header(type:b'MSG', chunk_type:b'F', body_size:62, channel:117)
2026-09-14 22:14:22,524 - INFO - opcua.client.ua_client - read
2026-09-14 22:14:22,527 - INFO - opcua.uaprotocol - received header: Header(type:b'MSG', chunk_type:b'F', body_size:52, channel:117)
2026-09-14 22:14:25,736 - INFO - opcua.client.ua_client - read
2026-09-14 22:14:25,740 - INFO - opcua.uaprotocol - received header: Header(type:b'MSG', chunk_type:b'F', body_size:52, channel:117)
2026-09-14 22:14:25,940 - INFO - opcua.client.ua_client - read
2026-09-14 22:14:25,944 - INFO - opcua.uaprotocol - received header: Header(type:b'MSG', chunk_type:b'F', body_size:62, channel:117)
2026-09-14 22:14:28,063 - INFO - opcua.client.ua_client - read
2026-09-14 22:14:28,067 - INFO - opcua.uaprotocol - received header: Header(type:b'MSG', chunk_type:b'F', body_size:52, channel:117)
2026-09-14 22:14:30,090 - INFO - opcua.client.ua_client - read
2026-09-14 22:14:30,093 - INFO - opcua.uaprotocol - received header: Header(type:b'MSG', chunk_type:b'F', body_size:62, channel:117)
2026-09-14 22:14:31,268 - INFO - opcua.client.ua_client - read
2026-09-14 22:14:31,272 - INFO - opcua.uaprotocol - received header: Header(type:b'MSG', chunk_type:b'F', body_size:52, channel:117)
2026-09-14 22:14:34,473 - INFO - opcua.client.ua_client - read
2026-09-14 22:14:34,477 - INFO - opcua.uaprotocol - received header: Header(type:b'MSG', chunk_type:b'F', body_size:52, channel:117)
2026-09-14 22:14:35,170 - INFO - opcua.client.ua_client - read
2026-09-14 22:14:35,182 - INFO - opcua.uaprotocol - received header: Header(type:b'MSG', chunk_type:b'F', body_size:62, channel:117)
2026-09-14 22:14:37,678 - INFO - opcua.client.ua_client - read
2026-09-14 22:14:37,682 - INFO - opcua.uaprotocol - received header: Header(type:b'MSG', chunk_type:b'F', body_size:52, channel:117)
2026-09-14 22:14:40,260 - INFO - opcua.client.ua_client - read
2026-09-14 22:14:40,263 - INFO - opcua.uaprotocol - received header: Header(type:b'MSG', chunk_type:b'F', body_size:62, channel:117)
2026-09-14 22:14:40,884 - INFO - opcua.client.ua_client - read
2026-09-14 22:14:40,888 - INFO - opcua.uaprotocol - received header: Header(type:b'MSG', chunk_type:b'F', body_size:52, channel:117)
2026-09-14 22:14:42,088 - INFO - opcua.client.ua_client.Socket - open_secure_channel
2026-09-14 22:14:42,089 - INFO - opcua.uaprotocol - received header: Header(type:b'OPN', chunk_type:b'F', body_size:123, channel:117)
2026-09-14 22:14:42,089 - INFO - opcua.client.ua_client - read
2026-09-14 22:14:42,092 - INFO - opcua.uaprotocol - received header: Header(type:b'MSG', chunk_type:b'F', body_size:62, channel:117)
2026-09-14 22:14:44,090 - INFO - opcua.client.ua_client - read
2026-09-14 22:14:44,094 - INFO - opcua.uaprotocol - received header: Header(type:b'MSG', chunk_type:b'F', body_size:52, channel:117)
2026-09-14 22:14:45,312 - INFO - opcua.client.ua_client - read
2026-09-14 22:14:45,315 - INFO - opcua.uaprotocol - received header: Header(type:b'MSG', chunk_type:b'F', body_size:62, channel:117)
2026-09-14 22:14:47,295 - INFO - opcua.client.ua_client - read
2026-09-14 22:14:47,299 - INFO - opcua.uaprotocol - received header: Header(type:b'MSG', chunk_type:b'F', body_size:52, channel:117)
2026-09-14 22:14:50,386 - INFO - opcua.client.ua_client - read
2026-09-14 22:14:50,391 - INFO - opcua.uaprotocol - received header: Header(type:b'MSG', chunk_type:b'F', body_size:62, channel:117)
2026-09-14 22:14:50,500 - INFO - opcua.client.ua_client - read
2026-09-14 22:14:50,504 - INFO - opcua.uaprotocol - received header: Header(type:b'MSG', chunk_type:b'F', body_size:52, channel:117)
2026-09-14 22:14:53,708 - INFO - opcua.client.ua_client - read
2026-09-14 22:14:53,713 - INFO - opcua.uaprotocol - received header: Header(type:b'MSG', chunk_type:b'F', body_size:52, channel:117)
2026-09-14 22:14:55,443 - INFO - opcua.client.ua_client - read
2026-09-14 22:14:55,448 - INFO - opcua.uaprotocol - received header: Header(type:b'MSG', chunk_type:b'F', body_size:62, channel:117)
2026-09-14 22:14:56,917 - INFO - opcua.client.ua_client - read
2026-09-14 22:14:56,920 - INFO - opcua.uaprotocol - received header: Header(type:b'MSG', chunk_type:b'F', body_size:52, channel:117)
2026-09-14 22:14:59,258 - INFO - opcua.client.ua_client - read
2026-09-14 22:14:59,262 - INFO - opcua.uaprotocol - received header: Header(type:b'MSG', chunk_type:b'F', body_size:52, channel:117)
2026-09-14 22:14:59,645 - INFO - opcua.client.ua_client - read
2026-09-14 22:14:59,650 - INFO - opcua.uaprotocol - received header: Header(type:b'MSG', chunk_type:b'F', body_size:62, channel:117)
2026-09-14 22:15:02,466 - INFO - opcua.client.ua_client - read
2026-09-14 22:15:02,470 - INFO - opcua.uaprotocol - received header: Header(type:b'MSG', chunk_type:b'F', body_size:52, channel:117)
2026-09-14 22:15:03,094 - INFO - opcua.client.ua_client.Socket - open_secure_channel
2026-09-14 22:15:03,095 - INFO - opcua.uaprotocol - received header: Header(type:b'OPN', chunk_type:b'F', body_size:123, channel:117)
2026-09-14 22:15:03,096 - INFO - opcua.client.ua_client - read
2026-09-14 22:15:03,100 - INFO - opcua.uaprotocol - received header: Header(type:b'MSG', chunk_type:b'F', body_size:62, channel:117)
2026-09-14 22:15:04,706 - INFO - opcua.client.ua_client - read
2026-09-14 22:15:04,712 - INFO - opcua.uaprotocol - received header: Header(type:b'MSG', chunk_type:b'F', body_size:62, channel:117)
2026-09-14 22:15:05,673 - INFO - opcua.client.ua_client - read
2026-09-14 22:15:05,678 - INFO - opcua.uaprotocol - received header: Header(type:b'MSG', chunk_type:b'F', body_size:52, channel:117)
2026-09-14 22:15:08,882 - INFO - opcua.client.ua_client - read
2026-09-14 22:15:08,886 - INFO - opcua.uaprotocol - received header: Header(type:b'MSG', chunk_type:b'F', body_size:52, channel:117)
2026-09-14 22:15:09,738 - INFO - opcua.client.ua_client - read
2026-09-14 22:15:09,742 - INFO - opcua.uaprotocol - received header: Header(type:b'MSG', chunk_type:b'F', body_size:62, channel:117)
2026-09-14 22:15:12,091 - INFO - opcua.client.ua_client - read
2026-09-14 22:15:12,095 - INFO - opcua.uaprotocol - received header: Header(type:b'MSG', chunk_type:b'F', body_size:52, channel:117)
2026-09-14 22:15:14,796 - INFO - opcua.client.ua_client - read
2026-09-14 22:15:14,800 - INFO - opcua.uaprotocol - received header: Header(type:b'MSG', chunk_type:b'F', body_size:62, channel:117)
2026-09-14 22:15:15,297 - INFO - opcua.client.ua_client - read
2026-09-14 22:15:15,303 - INFO - opcua.uaprotocol - received header: Header(type:b'MSG', chunk_type:b'F', body_size:52, channel:117)
2026-09-14 22:15:18,504 - INFO - opcua.client.ua_client - read
2026-09-14 22:15:18,508 - INFO - opcua.uaprotocol - received header: Header(type:b'MSG', chunk_type:b'F', body_size:52, channel:117)
2026-09-14 22:15:19,827 - INFO - opcua.client.ua_client - read
2026-09-14 22:15:19,831 - INFO - opcua.uaprotocol - received header: Header(type:b'MSG', chunk_type:b'F', body_size:62, channel:117)
2026-09-14 22:15:21,710 - INFO - opcua.client.ua_client - read
2026-09-14 22:15:21,715 - INFO - opcua.uaprotocol - received header: Header(type:b'MSG', chunk_type:b'F', body_size:52, channel:117)
2026-09-14 22:15:24,102 - INFO - opcua.client.ua_client.Socket - open_secure_channel
2026-09-14 22:15:24,105 - INFO - opcua.uaprotocol - received header: Header(type:b'OPN', chunk_type:b'F', body_size:123, channel:117)
2026-09-14 22:15:24,105 - INFO - opcua.client.ua_client - read
2026-09-14 22:15:24,108 - INFO - opcua.uaprotocol - received header: Header(type:b'MSG', chunk_type:b'F', body_size:62, channel:117)
2026-09-14 22:15:24,876 - INFO - opcua.client.ua_client - read
2026-09-14 22:15:24,880 - INFO - opcua.uaprotocol - received header: Header(type:b'MSG', chunk_type:b'F', body_size:62, channel:117)
2026-09-14 22:15:24,916 - INFO - opcua.client.ua_client - read
2026-09-14 22:15:24,921 - INFO - opcua.uaprotocol - received header: Header(type:b'MSG', chunk_type:b'F', body_size:52, channel:117)
2026-09-14 22:15:28,126 - INFO - opcua.client.ua_client - read
2026-09-14 22:15:28,130 - INFO - opcua.uaprotocol - received header: Header(type:b'MSG', chunk_type:b'F', body_size:52, channel:117)
2026-09-14 22:15:29,914 - INFO - opcua.client.ua_client - read
2026-09-14 22:15:29,918 - INFO - opcua.uaprotocol - received header: Header(type:b'MSG', chunk_type:b'F', body_size:62, channel:117)
2026-09-14 22:15:30,082 - INFO - opcua.client.ua_client - close_session
2026-09-14 22:15:30,120 - INFO - opcua.uaprotocol - received header: Header(type:b'MSG', chunk_type:b'F', body_size:40, channel:117)
2026-09-14 22:15:30,121 - INFO - opcua.client.ua_client.Socket - close_secure_channel
2026-09-14 22:15:30,121 - INFO - opcua.client.ua_client.Socket - Request to close socket received
2026-09-14 22:15:30,121 - INFO - opcua.client.ua_client.Socket - Socket closed, waiting for receiver thread to terminate...
2026-09-14 22:15:30,121 - INFO - opcua.client.ua_client.Socket - Socket has closed connection
2026-09-14 22:15:30,121 - INFO - opcua.client.ua_client.Socket - Cancelling request 61
2026-09-14 22:15:30,121 - INFO - opcua.client.ua_client.Socket - Thread ended
2026-09-14 22:15:30,121 - INFO - opcua.client.ua_client.Socket - Done closing socket: Receiving thread terminated, socket disconnected
2026-09-14 22:20:06,999 - INFO - opcua.client.ua_client.Socket - opening connection
2026-09-14 22:20:07,044 - INFO - opcua.client.ua_client.Socket - Thread started
2026-09-14 22:20:07,046 - INFO - opcua.uaprotocol - received header: Header(type:b'ACK', chunk_type:b'F', body_size:20, channel:0)
2026-09-14 22:20:07,046 - INFO - opcua.client.ua_client.Socket - open_secure_channel
2026-09-14 22:20:07,049 - INFO - opcua.uaprotocol - received header: Header(type:b'OPN', chunk_type:b'F', body_size:123, channel:118)
2026-09-14 22:20:07,049 - INFO - opcua.client.ua_client - create_session
2026-09-14 22:20:07,223 - INFO - opcua.uaprotocol - received header: Header(type:b'MSG', chunk_type:b'F', body_size:2464, channel:118)
2026-09-14 22:20:07,224 - INFO - opcua.client.ua_client - activate_session
2026-09-14 22:20:07,229 - INFO - opcua.uaprotocol - received header: Header(type:b'MSG', chunk_type:b'F', body_size:52, channel:118)
2026-09-14 22:20:07,229 - INFO - opcua.client.ua_client - read
2026-09-14 22:20:07,234 - INFO - opcua.uaprotocol - received header: Header(type:b'MSG', chunk_type:b'F', body_size:52, channel:118)
2026-09-14 22:20:07,436 - INFO - opcua.client.ua_client - read
2026-09-14 22:20:07,440 - INFO - opcua.uaprotocol - received header: Header(type:b'MSG', chunk_type:b'F', body_size:52, channel:118)
2026-09-14 22:20:10,436 - INFO - opcua.client.ua_client - read
2026-09-14 22:20:10,440 - INFO - opcua.uaprotocol - received header: Header(type:b'MSG', chunk_type:b'F', body_size:52, channel:118)
2026-09-14 22:20:12,739 - INFO - opcua.client.ua_client - read
2026-09-14 22:20:12,743 - INFO - opcua.uaprotocol - received header: Header(type:b'MSG', chunk_type:b'F', body_size:62, channel:118)
2026-09-14 22:20:12,752 - INFO - opcua.client.ua_client - read
2026-09-14 22:20:12,756 - INFO - opcua.uaprotocol - received header: Header(type:b'MSG', chunk_type:b'F', body_size:52, channel:118)
2026-09-14 22:20:15,300 - INFO - opcua.client.ua_client - close_session
2026-09-14 22:20:15,340 - INFO - opcua.uaprotocol - received header: Header(type:b'MSG', chunk_type:b'F', body_size:40, channel:118)
2026-09-14 22:20:15,341 - INFO - opcua.client.ua_client.Socket - close_secure_channel
2026-09-14 22:20:15,341 - INFO - opcua.client.ua_client.Socket - Request to close socket received
2026-09-14 22:20:15,341 - INFO - opcua.client.ua_client.Socket - Socket closed, waiting for receiver thread to terminate...
2026-09-14 22:20:15,341 - INFO - opcua.client.ua_client.Socket - Socket has closed connection
2026-09-14 22:20:15,341 - INFO - opcua.client.ua_client.Socket - Cancelling request 10
2026-09-14 22:20:15,341 - INFO - opcua.client.ua_client.Socket - Thread ended
2026-09-14 22:20:15,341 - INFO - opcua.client.ua_client.Socket - Done closing socket: Receiving thread terminated, socket disconnected
2026-09-14 22:21:17,935 - INFO - opcua.client.ua_client.Socket - opening connection
2026-09-14 22:21:17,990 - INFO - opcua.client.ua_client.Socket - Thread started
2026-09-14 22:21:17,991 - INFO - opcua.uaprotocol - received header: Header(type:b'ACK', chunk_type:b'F', body_size:20, channel:0)
2026-09-14 22:21:17,991 - INFO - opcua.client.ua_client.Socket - open_secure_channel
2026-09-14 22:21:17,993 - INFO - opcua.uaprotocol - received header: Header(type:b'OPN', chunk_type:b'F', body_size:123, channel:119)
2026-09-14 22:21:17,993 - INFO - opcua.client.ua_client - create_session
2026-09-14 22:21:18,161 - INFO - opcua.uaprotocol - received header: Header(type:b'MSG', chunk_type:b'F', body_size:2464, channel:119)
2026-09-14 22:21:18,162 - INFO - opcua.client.ua_client - activate_session
2026-09-14 22:21:18,166 - INFO - opcua.uaprotocol - received header: Header(type:b'MSG', chunk_type:b'F', body_size:52, channel:119)
2026-09-14 22:21:18,167 - INFO - opcua.client.ua_client - read
2026-09-14 22:21:18,173 - INFO - opcua.uaprotocol - received header: Header(type:b'MSG', chunk_type:b'F', body_size:52, channel:119)
2026-09-14 22:21:18,374 - INFO - opcua.client.ua_client - read
2026-09-14 22:21:18,379 - INFO - opcua.uaprotocol - received header: Header(type:b'MSG', chunk_type:b'F', body_size:52, channel:119)
2026-09-14 22:21:21,374 - INFO - opcua.client.ua_client - read
2026-09-14 22:21:21,379 - INFO - opcua.uaprotocol - received header: Header(type:b'MSG', chunk_type:b'F', body_size:52, channel:119)
2026-09-14 22:21:23,629 - INFO - opcua.client.ua_client - read
2026-09-14 22:21:23,637 - INFO - opcua.uaprotocol - received header: Header(type:b'MSG', chunk_type:b'F', body_size:62, channel:119)
2026-09-14 22:21:24,579 - INFO - opcua.client.ua_client - read
2026-09-14 22:21:24,583 - INFO - opcua.uaprotocol - received header: Header(type:b'MSG', chunk_type:b'F', body_size:52, channel:119)
2026-09-14 22:21:27,784 - INFO - opcua.client.ua_client - read
2026-09-14 22:21:27,788 - INFO - opcua.uaprotocol - received header: Header(type:b'MSG', chunk_type:b'F', body_size:52, channel:119)
2026-09-14 22:21:28,711 - INFO - opcua.client.ua_client - read
2026-09-14 22:21:28,714 - INFO - opcua.uaprotocol - received header: Header(type:b'MSG', chunk_type:b'F', body_size:62, channel:119)
2026-09-14 22:21:30,412 - INFO - opcua.client.ua_client - close_session
2026-09-14 22:21:30,498 - INFO - opcua.uaprotocol - received header: Header(type:b'MSG', chunk_type:b'F', body_size:40, channel:119)
2026-09-14 22:21:30,498 - INFO - opcua.client.ua_client.Socket - close_secure_channel
2026-09-14 22:21:30,499 - INFO - opcua.client.ua_client.Socket - Request to close socket received
2026-09-14 22:21:30,499 - INFO - opcua.client.ua_client.Socket - Socket closed, waiting for receiver thread to terminate...
2026-09-14 22:21:30,499 - INFO - opcua.client.ua_client.Socket - Socket has closed connection
2026-09-14 22:21:30,499 - INFO - opcua.client.ua_client.Socket - Cancelling request 12
2026-09-14 22:21:30,499 - INFO - opcua.client.ua_client.Socket - Thread ended
2026-09-14 22:21:30,499 - INFO - opcua.client.ua_client.Socket - Done closing socket: Receiving thread terminated, socket disconnected
2026-09-14 23:04:14,789 - INFO - opcua.client.ua_client.Socket - opening connection
2026-09-14 23:04:14,941 - INFO - opcua.client.ua_client.Socket - Thread started
2026-09-14 23:04:14,943 - INFO - opcua.uaprotocol - received header: Header(type:b'ACK', chunk_type:b'F', body_size:20, channel:0)
2026-09-14 23:04:14,943 - INFO - opcua.client.ua_client.Socket - open_secure_channel
2026-09-14 23:04:14,944 - INFO - opcua.uaprotocol - received header: Header(type:b'OPN', chunk_type:b'F', body_size:123, channel:120)
2026-09-14 23:04:14,945 - INFO - opcua.client.ua_client - create_session
2026-09-14 23:04:15,355 - INFO - opcua.uaprotocol - received header: Header(type:b'MSG', chunk_type:b'F', body_size:2464, channel:120)
2026-09-14 23:04:15,356 - INFO - opcua.client.ua_client - activate_session
2026-09-14 23:04:15,373 - INFO - opcua.uaprotocol - received header: Header(type:b'MSG', chunk_type:b'F', body_size:52, channel:120)
2026-09-14 23:04:15,374 - INFO - opcua.client.ua_client - read
2026-09-14 23:04:15,392 - INFO - opcua.uaprotocol - received header: Header(type:b'MSG', chunk_type:b'F', body_size:52, channel:120)
2026-09-14 23:04:15,592 - INFO - opcua.client.ua_client - read
2026-09-14 23:04:15,596 - INFO - opcua.uaprotocol - received header: Header(type:b'MSG', chunk_type:b'F', body_size:52, channel:120)
2026-09-14 23:04:18,595 - INFO - opcua.client.ua_client - read
2026-09-14 23:04:18,599 - INFO - opcua.uaprotocol - received header: Header(type:b'MSG', chunk_type:b'F', body_size:52, channel:120)
2026-09-14 23:09:14,639 - INFO - opcua.client.ua_client.Socket - opening connection
2026-09-14 23:09:14,773 - INFO - opcua.client.ua_client.Socket - Thread started
2026-09-14 23:09:14,775 - INFO - opcua.uaprotocol - received header: Header(type:b'ACK', chunk_type:b'F', body_size:20, channel:0)
2026-09-14 23:09:14,775 - INFO - opcua.client.ua_client.Socket - open_secure_channel
2026-09-14 23:09:14,776 - INFO - opcua.uaprotocol - received header: Header(type:b'OPN', chunk_type:b'F', body_size:123, channel:121)
2026-09-14 23:09:14,776 - INFO - opcua.client.ua_client - create_session
2026-09-14 23:09:14,951 - INFO - opcua.uaprotocol - received header: Header(type:b'MSG', chunk_type:b'F', body_size:2464, channel:121)
2026-09-14 23:09:14,951 - INFO - opcua.client.ua_client - activate_session
2026-09-14 23:09:14,958 - INFO - opcua.uaprotocol - received header: Header(type:b'MSG', chunk_type:b'F', body_size:52, channel:121)
2026-09-14 23:09:14,958 - INFO - opcua.client.ua_client - read
2026-09-14 23:09:14,963 - INFO - opcua.uaprotocol - received header: Header(type:b'MSG', chunk_type:b'F', body_size:52, channel:121)
2026-09-14 23:09:15,163 - INFO - opcua.client.ua_client - read
2026-09-14 23:09:15,168 - INFO - opcua.uaprotocol - received header: Header(type:b'MSG', chunk_type:b'F', body_size:52, channel:121)
2026-09-14 23:09:18,166 - INFO - opcua.client.ua_client - read
2026-09-14 23:09:18,173 - INFO - opcua.uaprotocol - received header: Header(type:b'MSG', chunk_type:b'F', body_size:52, channel:121)
2026-09-14 23:09:20,402 - INFO - opcua.client.ua_client - read
2026-09-14 23:09:20,406 - INFO - opcua.uaprotocol - received header: Header(type:b'MSG', chunk_type:b'F', body_size:62, channel:121)
2026-09-14 23:09:20,462 - INFO - opcua.client.ua_client - read
2026-09-14 23:09:20,466 - INFO - opcua.uaprotocol - received header: Header(type:b'MSG', chunk_type:b'F', body_size:52, channel:121)
2026-09-14 23:09:23,669 - INFO - opcua.client.ua_client - read
2026-09-14 23:09:27,871 - INFO - opcua.client.ua_client - read
2026-09-14 23:09:31,872 - INFO - opcua.client.ua_client - read
2026-09-14 23:09:33,863 - INFO - opcua.uaprotocol - received header: Header(type:b'MSG', chunk_type:b'F', body_size:52, channel:121)
2026-09-14 23:09:33,866 - INFO - opcua.uaprotocol - received header: Header(type:b'MSG', chunk_type:b'F', body_size:62, channel:121)
2026-09-14 23:09:33,877 - INFO - opcua.uaprotocol - received header: Header(type:b'MSG', chunk_type:b'F', body_size:52, channel:121)
2026-09-14 23:09:34,077 - INFO - opcua.client.ua_client - read
2026-09-14 23:09:34,080 - INFO - opcua.uaprotocol - received header: Header(type:b'MSG', chunk_type:b'F', body_size:62, channel:121)
2026-09-14 23:09:34,281 - INFO - opcua.client.ua_client - read
2026-09-14 23:09:34,285 - INFO - opcua.uaprotocol - received header: Header(type:b'MSG', chunk_type:b'F', body_size:62, channel:121)
2026-09-14 23:09:35,952 - INFO - opcua.client.ua_client.Socket - open_secure_channel
2026-09-14 23:09:35,953 - INFO - opcua.uaprotocol - received header: Header(type:b'OPN', chunk_type:b'F', body_size:123, channel:121)
2026-09-14 23:09:35,954 - INFO - opcua.client.ua_client - read
2026-09-14 23:09:35,957 - INFO - opcua.uaprotocol - received header: Header(type:b'MSG', chunk_type:b'F', body_size:62, channel:121)
2026-09-14 23:09:37,079 - INFO - opcua.client.ua_client - read
2026-09-14 23:09:37,083 - INFO - opcua.uaprotocol - received header: Header(type:b'MSG', chunk_type:b'F', body_size:52, channel:121)
2026-09-14 23:09:39,321 - INFO - opcua.client.ua_client - read
2026-09-14 23:09:39,325 - INFO - opcua.uaprotocol - received header: Header(type:b'MSG', chunk_type:b'F', body_size:62, channel:121)
2026-09-14 23:09:40,286 - INFO - opcua.client.ua_client - read
2026-09-14 23:09:40,289 - INFO - opcua.uaprotocol - received header: Header(type:b'MSG', chunk_type:b'F', body_size:52, channel:121)
2026-09-14 23:09:43,490 - INFO - opcua.client.ua_client - read
2026-09-14 23:09:43,493 - INFO - opcua.uaprotocol - received header: Header(type:b'MSG', chunk_type:b'F', body_size:52, channel:121)
2026-09-14 23:09:44,331 - INFO - opcua.client.ua_client - read
2026-09-14 23:09:44,334 - INFO - opcua.uaprotocol - received header: Header(type:b'MSG', chunk_type:b'F', body_size:62, channel:121)
2026-09-14 23:09:46,702 - INFO - opcua.client.ua_client - read
2026-09-14 23:09:46,707 - INFO - opcua.uaprotocol - received header: Header(type:b'MSG', chunk_type:b'F', body_size:52, channel:121)
2026-09-14 23:09:49,373 - INFO - opcua.client.ua_client - read
2026-09-14 23:09:49,377 - INFO - opcua.uaprotocol - received header: Header(type:b'MSG', chunk_type:b'F', body_size:62, channel:121)
2026-09-14 23:09:49,909 - INFO - opcua.client.ua_client - read
2026-09-14 23:09:49,913 - INFO - opcua.uaprotocol - received header: Header(type:b'MSG', chunk_type:b'F', body_size:52, channel:121)
2026-09-14 23:09:52,216 - INFO - opcua.client.ua_client - read
2026-09-14 23:09:52,219 - INFO - opcua.uaprotocol - received header: Header(type:b'MSG', chunk_type:b'F', body_size:52, channel:121)
2026-09-14 23:09:53,540 - INFO - opcua.client.ua_client - read
2026-09-14 23:09:53,544 - INFO - opcua.uaprotocol - received header: Header(type:b'MSG', chunk_type:b'F', body_size:62, channel:121)
2026-09-14 23:09:55,428 - INFO - opcua.client.ua_client - read
2026-09-14 23:09:55,432 - INFO - opcua.uaprotocol - received header: Header(type:b'MSG', chunk_type:b'F', body_size:52, channel:121)
2026-09-14 23:09:56,957 - INFO - opcua.client.ua_client.Socket - open_secure_channel
2026-09-14 23:09:56,959 - INFO - opcua.uaprotocol - received header: Header(type:b'OPN', chunk_type:b'F', body_size:123, channel:121)
2026-09-14 23:09:56,959 - INFO - opcua.client.ua_client - read
2026-09-14 23:09:56,963 - INFO - opcua.uaprotocol - received header: Header(type:b'MSG', chunk_type:b'F', body_size:62, channel:121)
2026-09-14 23:09:58,565 - INFO - opcua.client.ua_client - read
2026-09-14 23:09:58,568 - INFO - opcua.uaprotocol - received header: Header(type:b'MSG', chunk_type:b'F', body_size:62, channel:121)
2026-09-14 23:09:58,632 - INFO - opcua.client.ua_client - read
2026-09-14 23:09:58,636 - INFO - opcua.uaprotocol - received header: Header(type:b'MSG', chunk_type:b'F', body_size:52, channel:121)
2026-09-14 23:10:01,837 - INFO - opcua.client.ua_client - read
2026-09-14 23:10:01,841 - INFO - opcua.uaprotocol - received header: Header(type:b'MSG', chunk_type:b'F', body_size:52, channel:121)
2026-09-14 23:10:03,639 - INFO - opcua.client.ua_client - read
2026-09-14 23:10:03,642 - INFO - opcua.uaprotocol - received header: Header(type:b'MSG', chunk_type:b'F', body_size:62, channel:121)
2026-09-14 23:10:05,042 - INFO - opcua.client.ua_client - read
2026-09-14 23:10:05,047 - INFO - opcua.uaprotocol - received header: Header(type:b'MSG', chunk_type:b'F', body_size:52, channel:121)
2026-09-14 23:10:08,248 - INFO - opcua.client.ua_client - read
2026-09-14 23:10:08,253 - INFO - opcua.uaprotocol - received header: Header(type:b'MSG', chunk_type:b'F', body_size:52, channel:121)
2026-09-14 23:10:08,714 - INFO - opcua.client.ua_client - read
2026-09-14 23:10:08,718 - INFO - opcua.uaprotocol - received header: Header(type:b'MSG', chunk_type:b'F', body_size:62, channel:121)
2026-09-14 23:10:10,537 - INFO - opcua.client.ua_client - read
2026-09-14 23:10:10,541 - INFO - opcua.uaprotocol - received header: Header(type:b'MSG', chunk_type:b'F', body_size:52, channel:121)
2026-09-14 23:10:11,455 - INFO - opcua.client.ua_client - read
2026-09-14 23:10:11,459 - INFO - opcua.uaprotocol - received header: Header(type:b'MSG', chunk_type:b'F', body_size:52, channel:121)
2026-09-14 23:10:13,752 - INFO - opcua.client.ua_client - read
2026-09-14 23:10:13,755 - INFO - opcua.uaprotocol - received header: Header(type:b'MSG', chunk_type:b'F', body_size:62, channel:121)
2026-09-14 23:10:14,663 - INFO - opcua.client.ua_client - read
2026-09-14 23:10:14,667 - INFO - opcua.uaprotocol - received header: Header(type:b'MSG', chunk_type:b'F', body_size:52, channel:121)
2026-09-14 23:10:17,765 - INFO - opcua.client.ua_client - close_session
2026-09-14 23:10:17,804 - INFO - opcua.uaprotocol - received header: Header(type:b'MSG', chunk_type:b'F', body_size:40, channel:121)
2026-09-14 23:10:17,805 - INFO - opcua.client.ua_client.Socket - close_secure_channel
2026-09-14 23:10:17,805 - INFO - opcua.client.ua_client.Socket - Request to close socket received
2026-09-14 23:10:17,805 - INFO - opcua.client.ua_client.Socket - Socket closed, waiting for receiver thread to terminate...
2026-09-14 23:10:17,805 - INFO - opcua.client.ua_client.Socket - Socket has closed connection
2026-09-14 23:10:17,805 - INFO - opcua.client.ua_client.Socket - Cancelling request 41
2026-09-14 23:10:17,805 - INFO - opcua.client.ua_client.Socket - Thread ended
2026-09-14 23:10:17,805 - INFO - opcua.client.ua_client.Socket - Done closing socket: Receiving thread terminated, socket disconnected
2026-09-14 23:22:04,597 - INFO - [ua_client.py:153 in connect_socket()] - opcua.client.ua_client.Socket - opening connection
2026-09-14 23:22:04,779 - INFO - [ua_client.py:98 in _run()] - opcua.client.ua_client.Socket - Thread started
2026-09-14 23:22:04,781 - INFO - [connection.py:339 in receive_from_socket()] - opcua.uaprotocol - received header: Header(type:b'ACK', chunk_type:b'F', body_size:20, channel:0)
2026-09-14 23:22:04,781 - INFO - [ua_client.py:194 in open_secure_channel()] - opcua.client.ua_client.Socket - open_secure_channel
2026-09-14 23:22:04,783 - INFO - [connection.py:339 in receive_from_socket()] - opcua.uaprotocol - received header: Header(type:b'OPN', chunk_type:b'F', body_size:123, channel:122)
2026-09-14 23:22:04,783 - INFO - [ua_client.py:285 in create_session()] - opcua.client.ua_client - create_session
2026-09-14 23:22:05,041 - INFO - [connection.py:339 in receive_from_socket()] - opcua.uaprotocol - received header: Header(type:b'MSG', chunk_type:b'F', body_size:2464, channel:122)
2026-09-14 23:22:05,041 - INFO - [ua_client.py:296 in activate_session()] - opcua.client.ua_client - activate_session
2026-09-14 23:22:05,045 - INFO - [connection.py:339 in receive_from_socket()] - opcua.uaprotocol - received header: Header(type:b'MSG', chunk_type:b'F', body_size:52, channel:122)
2026-09-14 23:22:05,045 - INFO - [ua_client.py:364 in write()] - opcua.client.ua_client - read
2026-09-14 23:22:05,050 - INFO - [connection.py:339 in receive_from_socket()] - opcua.uaprotocol - received header: Header(type:b'MSG', chunk_type:b'F', body_size:52, channel:122)
2026-09-14 23:22:05,251 - INFO - [ua_client.py:364 in write()] - opcua.client.ua_client - read
2026-09-14 23:22:05,255 - INFO - [connection.py:339 in receive_from_socket()] - opcua.uaprotocol - received header: Header(type:b'MSG', chunk_type:b'F', body_size:52, channel:122)
2026-09-14 23:22:08,252 - INFO - [ua_client.py:364 in write()] - opcua.client.ua_client - read
2026-09-14 23:22:08,256 - INFO - [connection.py:339 in receive_from_socket()] - opcua.uaprotocol - received header: Header(type:b'MSG', chunk_type:b'F', body_size:52, channel:122)
2026-09-14 23:22:10,464 - INFO - [ua_client.py:344 in read()] - opcua.client.ua_client - read
2026-09-14 23:22:10,471 - INFO - [connection.py:339 in receive_from_socket()] - opcua.uaprotocol - received header: Header(type:b'MSG', chunk_type:b'F', body_size:62, channel:122)
2026-09-14 23:22:11,459 - INFO - [ua_client.py:364 in write()] - opcua.client.ua_client - read
2026-09-14 23:22:11,464 - INFO - [connection.py:339 in receive_from_socket()] - opcua.uaprotocol - received header: Header(type:b'MSG', chunk_type:b'F', body_size:52, channel:122)
2026-09-14 23:22:12,913 - INFO - [ua_client.py:306 in close_session()] - opcua.client.ua_client - close_session
2026-09-14 23:22:12,950 - INFO - [connection.py:339 in receive_from_socket()] - opcua.uaprotocol - received header: Header(type:b'MSG', chunk_type:b'F', body_size:40, channel:122)
2026-09-14 23:22:12,950 - INFO - [ua_client.py:220 in close_secure_channel()] - opcua.client.ua_client.Socket - close_secure_channel
2026-09-14 23:22:12,950 - INFO - [ua_client.py:164 in disconnect_socket()] - opcua.client.ua_client.Socket - Request to close socket received
2026-09-14 23:22:12,951 - INFO - [ua_client.py:174 in disconnect_socket()] - opcua.client.ua_client.Socket - Socket closed, waiting for receiver thread to terminate...
2026-09-14 23:22:12,951 - INFO - [ua_client.py:103 in _run()] - opcua.client.ua_client.Socket - Socket has closed connection
2026-09-14 23:22:12,951 - INFO - [ua_client.py:137 in _cancel_all_callbacks()] - opcua.client.ua_client.Socket - Cancelling request 10
2026-09-14 23:22:12,951 - INFO - [ua_client.py:109 in _run()] - opcua.client.ua_client.Socket - Thread ended
2026-09-14 23:22:12,951 - INFO - [ua_client.py:178 in disconnect_socket()] - opcua.client.ua_client.Socket - Done closing socket: Receiving thread terminated, socket disconnected
2026-09-14 23:22:57,789 - INFO - [ua_client.py:153 in connect_socket()] - opcua.client.ua_client.Socket - opening connection
2026-09-14 23:22:58,009 - INFO - [ua_client.py:98 in _run()] - opcua.client.ua_client.Socket - Thread started
2026-09-14 23:22:58,010 - INFO - [connection.py:339 in receive_from_socket()] - opcua.uaprotocol - received header: Header(type:b'ACK', chunk_type:b'F', body_size:20, channel:0)
2026-09-14 23:22:58,010 - INFO - [ua_client.py:194 in open_secure_channel()] - opcua.client.ua_client.Socket - open_secure_channel
2026-09-14 23:22:58,012 - INFO - [connection.py:339 in receive_from_socket()] - opcua.uaprotocol - received header: Header(type:b'OPN', chunk_type:b'F', body_size:123, channel:123)
2026-09-14 23:22:58,012 - INFO - [ua_client.py:285 in create_session()] - opcua.client.ua_client - create_session
2026-09-14 23:22:58,376 - INFO - [connection.py:339 in receive_from_socket()] - opcua.uaprotocol - received header: Header(type:b'MSG', chunk_type:b'F', body_size:2464, channel:123)
2026-09-14 23:22:58,377 - INFO - [ua_client.py:296 in activate_session()] - opcua.client.ua_client - activate_session
2026-09-14 23:22:58,382 - INFO - [connection.py:339 in receive_from_socket()] - opcua.uaprotocol - received header: Header(type:b'MSG', chunk_type:b'F', body_size:52, channel:123)
2026-09-14 23:22:58,382 - INFO - [ua_client.py:364 in write()] - opcua.client.ua_client - read
2026-09-14 23:22:58,397 - INFO - [connection.py:339 in receive_from_socket()] - opcua.uaprotocol - received header: Header(type:b'MSG', chunk_type:b'F', body_size:52, channel:123)
2026-09-14 23:22:58,598 - INFO - [ua_client.py:364 in write()] - opcua.client.ua_client - read
2026-09-14 23:22:58,602 - INFO - [connection.py:339 in receive_from_socket()] - opcua.uaprotocol - received header: Header(type:b'MSG', chunk_type:b'F', body_size:52, channel:123)
2026-09-14 23:23:01,598 - INFO - [ua_client.py:364 in write()] - opcua.client.ua_client - read
2026-09-14 23:23:01,601 - INFO - [connection.py:339 in receive_from_socket()] - opcua.uaprotocol - received header: Header(type:b'MSG', chunk_type:b'F', body_size:52, channel:123)
2026-09-14 23:23:03,847 - INFO - [ua_client.py:344 in read()] - opcua.client.ua_client - read
2026-09-14 23:23:03,863 - INFO - [connection.py:339 in receive_from_socket()] - opcua.uaprotocol - received header: Header(type:b'MSG', chunk_type:b'F', body_size:62, channel:123)
2026-09-14 23:23:04,802 - INFO - [ua_client.py:364 in write()] - opcua.client.ua_client - read
2026-09-14 23:23:09,003 - INFO - [ua_client.py:344 in read()] - opcua.client.ua_client - read
2026-09-14 23:23:13,004 - INFO - [ua_client.py:364 in write()] - opcua.client.ua_client - read
2026-09-14 23:23:17,206 - INFO - [ua_client.py:344 in read()] - opcua.client.ua_client - read
2026-09-14 23:23:19,378 - INFO - [ua_client.py:194 in open_secure_channel()] - opcua.client.ua_client.Socket - open_secure_channel
2026-09-14 23:23:20,650 - INFO - [ua_client.py:364 in write()] - opcua.client.ua_client - read
2026-09-14 23:23:22,209 - INFO - [connection.py:339 in receive_from_socket()] - opcua.uaprotocol - received header: Header(type:b'MSG', chunk_type:b'F', body_size:52, channel:123)
2026-09-14 23:23:22,213 - INFO - [connection.py:339 in receive_from_socket()] - opcua.uaprotocol - received header: Header(type:b'MSG', chunk_type:b'F', body_size:62, channel:123)
2026-09-14 23:23:22,214 - INFO - [connection.py:339 in receive_from_socket()] - opcua.uaprotocol - received header: Header(type:b'OPN', chunk_type:b'F', body_size:123, channel:123)
2026-09-14 23:23:22,215 - INFO - [ua_client.py:344 in read()] - opcua.client.ua_client - read
2026-09-14 23:23:22,224 - INFO - [connection.py:339 in receive_from_socket()] - opcua.uaprotocol - received header: Header(type:b'MSG', chunk_type:b'F', body_size:62, channel:123)
2026-09-14 23:23:22,231 - INFO - [connection.py:339 in receive_from_socket()] - opcua.uaprotocol - received header: Header(type:b'MSG', chunk_type:b'F', body_size:52, channel:123)
2026-09-14 23:23:22,231 - INFO - [connection.py:339 in receive_from_socket()] - opcua.uaprotocol - received header: Header(type:b'MSG', chunk_type:b'F', body_size:62, channel:123)
2026-09-14 23:23:22,231 - INFO - [ua_client.py:306 in close_session()] - opcua.client.ua_client - close_session
2026-09-14 23:23:22,237 - INFO - [connection.py:339 in receive_from_socket()] - opcua.uaprotocol - received header: Header(type:b'MSG', chunk_type:b'F', body_size:52, channel:123)
2026-09-14 23:23:22,300 - INFO - [connection.py:339 in receive_from_socket()] - opcua.uaprotocol - received header: Header(type:b'MSG', chunk_type:b'F', body_size:40, channel:123)
2026-09-14 23:23:22,300 - INFO - [ua_client.py:220 in close_secure_channel()] - opcua.client.ua_client.Socket - close_secure_channel
2026-09-14 23:23:22,301 - INFO - [ua_client.py:164 in disconnect_socket()] - opcua.client.ua_client.Socket - Request to close socket received
2026-09-14 23:23:22,301 - INFO - [ua_client.py:174 in disconnect_socket()] - opcua.client.ua_client.Socket - Socket closed, waiting for receiver thread to terminate...
2026-09-14 23:23:22,301 - INFO - [ua_client.py:103 in _run()] - opcua.client.ua_client.Socket - Socket has closed connection
2026-09-14 23:23:22,301 - INFO - [ua_client.py:137 in _cancel_all_callbacks()] - opcua.client.ua_client.Socket - Cancelling request 16
2026-09-14 23:23:22,301 - INFO - [ua_client.py:109 in _run()] - opcua.client.ua_client.Socket - Thread ended
2026-09-14 23:23:22,301 - INFO - [ua_client.py:178 in disconnect_socket()] - opcua.client.ua_client.Socket - Done closing socket: Receiving thread terminated, socket disconnected
2026-09-14 23:26:35,415 - INFO - opcua.client.ua_client.Socket - opening connection
2026-09-14 23:26:35,441 - INFO - opcua.client.ua_client.Socket - Thread started
2026-09-14 23:26:35,442 - INFO - opcua.uaprotocol - received header: Header(type:b'ACK', chunk_type:b'F', body_size:20, channel:0)
2026-09-14 23:26:35,442 - INFO - opcua.client.ua_client.Socket - open_secure_channel
2026-09-14 23:26:35,444 - INFO - opcua.uaprotocol - received header: Header(type:b'OPN', chunk_type:b'F', body_size:123, channel:124)
2026-09-14 23:26:35,445 - INFO - opcua.client.ua_client - create_session
2026-09-14 23:26:35,617 - INFO - opcua.uaprotocol - received header: Header(type:b'MSG', chunk_type:b'F', body_size:2464, channel:124)
2026-09-14 23:26:35,617 - INFO - opcua.client.ua_client - activate_session
2026-09-14 23:26:35,621 - INFO - opcua.uaprotocol - received header: Header(type:b'MSG', chunk_type:b'F', body_size:52, channel:124)
2026-09-14 23:26:35,621 - INFO - opcua.client.ua_client - read
2026-09-14 23:26:35,625 - INFO - opcua.uaprotocol - received header: Header(type:b'MSG', chunk_type:b'F', body_size:52, channel:124)
2026-09-14 23:26:35,828 - INFO - opcua.client.ua_client - read
2026-09-14 23:26:35,832 - INFO - opcua.uaprotocol - received header: Header(type:b'MSG', chunk_type:b'F', body_size:52, channel:124)
2026-09-14 23:26:38,829 - INFO - opcua.client.ua_client - read
2026-09-14 23:26:38,832 - INFO - opcua.uaprotocol - received header: Header(type:b'MSG', chunk_type:b'F', body_size:52, channel:124)
2026-09-14 23:26:41,086 - INFO - opcua.client.ua_client - read
2026-09-14 23:26:41,105 - INFO - opcua.uaprotocol - received header: Header(type:b'MSG', chunk_type:b'F', body_size:62, channel:124)
2026-09-14 23:26:41,506 - INFO - opcua.client.ua_client - read
2026-09-14 23:26:41,510 - INFO - opcua.uaprotocol - received header: Header(type:b'MSG', chunk_type:b'F', body_size:52, channel:124)
2026-09-14 23:26:42,034 - INFO - opcua.client.ua_client - read
2026-09-14 23:26:42,039 - INFO - opcua.uaprotocol - received header: Header(type:b'MSG', chunk_type:b'F', body_size:52, channel:124)
2026-09-14 23:26:45,239 - INFO - opcua.client.ua_client - read
2026-09-14 23:26:45,244 - INFO - opcua.uaprotocol - received header: Header(type:b'MSG', chunk_type:b'F', body_size:52, channel:124)
2026-09-14 23:26:46,169 - INFO - opcua.client.ua_client - read
2026-09-14 23:26:46,173 - INFO - opcua.uaprotocol - received header: Header(type:b'MSG', chunk_type:b'F', body_size:62, channel:124)
2026-09-14 23:26:48,445 - INFO - opcua.client.ua_client - read
2026-09-14 23:26:48,449 - INFO - opcua.uaprotocol - received header: Header(type:b'MSG', chunk_type:b'F', body_size:52, channel:124)
2026-09-14 23:26:51,266 - INFO - opcua.client.ua_client - read
2026-09-14 23:26:51,270 - INFO - opcua.uaprotocol - received header: Header(type:b'MSG', chunk_type:b'F', body_size:62, channel:124)
2026-09-14 23:26:51,649 - INFO - opcua.client.ua_client - read
2026-09-14 23:26:51,653 - INFO - opcua.uaprotocol - received header: Header(type:b'MSG', chunk_type:b'F', body_size:52, channel:124)
2026-09-14 23:26:54,854 - INFO - opcua.client.ua_client - read
2026-09-14 23:26:54,859 - INFO - opcua.uaprotocol - received header: Header(type:b'MSG', chunk_type:b'F', body_size:52, channel:124)
2026-09-14 23:26:56,354 - INFO - opcua.client.ua_client - read
2026-09-14 23:26:56,358 - INFO - opcua.uaprotocol - received header: Header(type:b'MSG', chunk_type:b'F', body_size:62, channel:124)
2026-09-14 23:26:56,617 - INFO - opcua.client.ua_client.Socket - open_secure_channel
2026-09-14 23:26:56,620 - INFO - opcua.uaprotocol - received header: Header(type:b'OPN', chunk_type:b'F', body_size:123, channel:124)
2026-09-14 23:26:56,620 - INFO - opcua.client.ua_client - read
2026-09-14 23:26:56,623 - INFO - opcua.uaprotocol - received header: Header(type:b'MSG', chunk_type:b'F', body_size:62, channel:124)
2026-09-14 23:26:58,060 - INFO - opcua.client.ua_client - read
2026-09-14 23:26:58,063 - INFO - opcua.uaprotocol - received header: Header(type:b'MSG', chunk_type:b'F', body_size:52, channel:124)
2026-09-14 23:27:01,183 - INFO - opcua.client.ua_client - close_session
2026-09-14 23:27:01,223 - INFO - opcua.uaprotocol - received header: Header(type:b'MSG', chunk_type:b'F', body_size:40, channel:124)
2026-09-14 23:27:01,223 - INFO - opcua.client.ua_client.Socket - close_secure_channel
2026-09-14 23:27:01,223 - INFO - opcua.client.ua_client.Socket - Request to close socket received
2026-09-14 23:27:01,223 - INFO - opcua.client.ua_client.Socket - Socket closed, waiting for receiver thread to terminate...
2026-09-14 23:27:01,223 - INFO - opcua.client.ua_client.Socket - Socket has closed connection
2026-09-14 23:27:01,223 - INFO - opcua.client.ua_client.Socket - Cancelling request 21
2026-09-14 23:27:01,223 - INFO - opcua.client.ua_client.Socket - Thread ended
2026-09-14 23:27:01,224 - INFO - opcua.client.ua_client.Socket - Done closing socket: Receiving thread terminated, socket disconnected
2026-09-14 23:27:14,774 - INFO - opcua.client.ua_client.Socket - opening connection
2026-09-14 23:27:15,005 - INFO - opcua.client.ua_client.Socket - Thread started
2026-09-14 23:27:15,007 - INFO - opcua.uaprotocol - received header: Header(type:b'ACK', chunk_type:b'F', body_size:20, channel:0)
2026-09-14 23:27:15,007 - INFO - opcua.client.ua_client.Socket - open_secure_channel
2026-09-14 23:27:15,008 - INFO - opcua.uaprotocol - received header: Header(type:b'OPN', chunk_type:b'F', body_size:123, channel:125)
2026-09-14 23:27:15,009 - INFO - opcua.client.ua_client - create_session
2026-09-14 23:27:15,431 - INFO - opcua.uaprotocol - received header: Header(type:b'MSG', chunk_type:b'F', body_size:2464, channel:125)
2026-09-14 23:27:15,431 - INFO - opcua.client.ua_client - activate_session
2026-09-14 23:27:15,435 - INFO - opcua.uaprotocol - received header: Header(type:b'MSG', chunk_type:b'F', body_size:52, channel:125)
2026-09-14 23:27:15,435 - INFO - opcua.client.ua_client - read
2026-09-14 23:27:15,446 - INFO - opcua.uaprotocol - received header: Header(type:b'MSG', chunk_type:b'F', body_size:52, channel:125)
2026-09-14 23:27:15,648 - INFO - opcua.client.ua_client - read
2026-09-14 23:27:15,652 - INFO - opcua.uaprotocol - received header: Header(type:b'MSG', chunk_type:b'F', body_size:52, channel:125)
2026-09-14 23:27:18,648 - INFO - opcua.client.ua_client - read
2026-09-14 23:27:18,652 - INFO - opcua.uaprotocol - received header: Header(type:b'MSG', chunk_type:b'F', body_size:52, channel:125)
2026-09-14 23:27:20,944 - INFO - opcua.client.ua_client - read
2026-09-14 23:27:20,948 - INFO - opcua.uaprotocol - received header: Header(type:b'MSG', chunk_type:b'F', body_size:62, channel:125)
2026-09-14 23:27:21,853 - INFO - opcua.client.ua_client - read
2026-09-14 23:27:21,859 - INFO - opcua.uaprotocol - received header: Header(type:b'MSG', chunk_type:b'F', body_size:52, channel:125)
2026-09-14 23:27:25,060 - INFO - opcua.client.ua_client - read
2026-09-14 23:27:25,064 - INFO - opcua.uaprotocol - received header: Header(type:b'MSG', chunk_type:b'F', body_size:52, channel:125)
2026-09-14 23:27:25,974 - INFO - opcua.client.ua_client - read
2026-09-14 23:27:25,979 - INFO - opcua.uaprotocol - received header: Header(type:b'MSG', chunk_type:b'F', body_size:62, channel:125)
2026-09-14 23:27:28,265 - INFO - opcua.client.ua_client - read
2026-09-14 23:27:28,269 - INFO - opcua.uaprotocol - received header: Header(type:b'MSG', chunk_type:b'F', body_size:52, channel:125)
2026-09-14 23:27:30,849 - INFO - opcua.client.ua_client - read
2026-09-14 23:27:30,853 - INFO - opcua.uaprotocol - received header: Header(type:b'MSG', chunk_type:b'F', body_size:52, channel:125)
2026-09-14 23:27:31,256 - INFO - opcua.client.ua_client - read
2026-09-14 23:27:31,259 - INFO - opcua.uaprotocol - received header: Header(type:b'MSG', chunk_type:b'F', body_size:62, channel:125)
2026-09-14 23:27:31,470 - INFO - opcua.client.ua_client - read
2026-09-14 23:27:31,475 - INFO - opcua.uaprotocol - received header: Header(type:b'MSG', chunk_type:b'F', body_size:52, channel:125)
2026-09-14 23:27:33,091 - INFO - opcua.client.ua_client - read
2026-09-14 23:27:33,096 - INFO - opcua.uaprotocol - received header: Header(type:b'MSG', chunk_type:b'F', body_size:52, channel:125)
2026-09-14 23:27:34,675 - INFO - opcua.client.ua_client - read
2026-09-14 23:27:34,680 - INFO - opcua.uaprotocol - received header: Header(type:b'MSG', chunk_type:b'F', body_size:52, channel:125)
2026-09-14 23:27:36,346 - INFO - opcua.client.ua_client - read
2026-09-14 23:27:36,349 - INFO - opcua.uaprotocol - received header: Header(type:b'MSG', chunk_type:b'F', body_size:62, channel:125)
2026-09-14 23:27:36,434 - INFO - opcua.client.ua_client.Socket - open_secure_channel
2026-09-14 23:27:36,435 - INFO - opcua.uaprotocol - received header: Header(type:b'OPN', chunk_type:b'F', body_size:123, channel:125)
2026-09-14 23:27:36,435 - INFO - opcua.client.ua_client - read
2026-09-14 23:27:36,439 - INFO - opcua.uaprotocol - received header: Header(type:b'MSG', chunk_type:b'F', body_size:62, channel:125)
2026-09-14 23:27:36,972 - INFO - opcua.client.ua_client - read
2026-09-14 23:27:36,976 - INFO - opcua.uaprotocol - received header: Header(type:b'MSG', chunk_type:b'F', body_size:52, channel:125)
2026-09-14 23:27:40,181 - INFO - opcua.client.ua_client - read
2026-09-14 23:27:40,185 - INFO - opcua.uaprotocol - received header: Header(type:b'MSG', chunk_type:b'F', body_size:52, channel:125)
2026-09-14 23:27:40,533 - INFO - opcua.client.ua_client - read
2026-09-14 23:27:40,536 - INFO - opcua.uaprotocol - received header: Header(type:b'MSG', chunk_type:b'F', body_size:62, channel:125)
2026-09-14 23:27:43,387 - INFO - opcua.client.ua_client - read
2026-09-14 23:27:43,391 - INFO - opcua.uaprotocol - received header: Header(type:b'MSG', chunk_type:b'F', body_size:52, channel:125)
2026-09-14 23:27:45,608 - INFO - opcua.client.ua_client - read
2026-09-14 23:27:45,613 - INFO - opcua.uaprotocol - received header: Header(type:b'MSG', chunk_type:b'F', body_size:62, channel:125)
2026-09-14 23:27:46,591 - INFO - opcua.client.ua_client - read
2026-09-14 23:27:46,596 - INFO - opcua.uaprotocol - received header: Header(type:b'MSG', chunk_type:b'F', body_size:52, channel:125)
2026-09-14 23:27:49,801 - INFO - opcua.client.ua_client - read
2026-09-14 23:27:49,805 - INFO - opcua.uaprotocol - received header: Header(type:b'MSG', chunk_type:b'F', body_size:52, channel:125)
2026-09-14 23:27:50,696 - INFO - opcua.client.ua_client - read
2026-09-14 23:27:50,701 - INFO - opcua.uaprotocol - received header: Header(type:b'MSG', chunk_type:b'F', body_size:62, channel:125)
2026-09-14 23:27:53,008 - INFO - opcua.client.ua_client - read
2026-09-14 23:27:53,012 - INFO - opcua.uaprotocol - received header: Header(type:b'MSG', chunk_type:b'F', body_size:52, channel:125)
2026-09-14 23:27:54,096 - INFO - opcua.client.ua_client - close_session
2026-09-14 23:27:54,133 - INFO - opcua.uaprotocol - received header: Header(type:b'MSG', chunk_type:b'F', body_size:40, channel:125)
2026-09-14 23:27:54,134 - INFO - opcua.client.ua_client.Socket - close_secure_channel
2026-09-14 23:27:54,134 - INFO - opcua.client.ua_client.Socket - Request to close socket received
2026-09-14 23:27:54,134 - INFO - opcua.client.ua_client.Socket - Socket closed, waiting for receiver thread to terminate...
2026-09-14 23:27:54,134 - INFO - opcua.client.ua_client.Socket - Socket has closed connection
2026-09-14 23:27:54,134 - INFO - opcua.client.ua_client.Socket - Cancelling request 30
2026-09-14 23:27:54,134 - INFO - opcua.client.ua_client.Socket - Thread ended
2026-09-14 23:27:54,134 - INFO - opcua.client.ua_client.Socket - Done closing socket: Receiving thread terminated, socket disconnected
